path,collection,route,title,description,subtitle,category,pubDate,draft,ai_generated,reviewed,tier,words,last_commit,dirty,parse_error
architectures/1802.yaml,architectures,,CDP1802 Family,RCA's radiation-hardened CMOS CPU. Used in spacecraft and early hobbyist computers.,,,,,,,,0,2026-01-17,,
architectures/6502.yaml,architectures,,6502 Family,"Elegant 8-bit architecture with a small instruction set. Skills transfer directly between C64, NES, and more.",,,,,,,,0,2026-01-17,,
architectures/65c816.yaml,architectures,,65C816 Family,16-bit evolution of the 6502. Native mode adds 16-bit registers while maintaining compatibility.,,,,,,,,0,2026-01-17,,
architectures/6800.yaml,architectures,,6800 Family,Motorola's first 8-bit CPU and its 6801/6803 successors. A single-supply design that seeded a generation of home and embedded micros.,,,,,,,,0,2026-06-30,,
architectures/68000.yaml,architectures,,68000 Family,"16/32-bit hybrid with orthogonal design. More registers, more addressing modes, more power.",,,,,,,,0,2026-01-17,,
architectures/6809.yaml,architectures,,6809 Family,Motorola's advanced 8-bit CPU with orthogonal design. Position-independent code and powerful addressing.,,,,,,,,0,2026-01-17,,
architectures/8080.yaml,architectures,,8080 Family,Intel's pioneering 8-bit CPU that started the microcomputer revolution. The ancestor of the Z80.,,,,,,,,0,2026-01-17,,
architectures/arm.yaml,architectures,,ARM Family,"Acorn's RISC revolution. Clean, efficient instruction set that now powers most mobile devices.",,,,,,,,0,2026-01-17,,
architectures/cp1610.yaml,architectures,,CP1610 Family,General Instrument's 16-bit CPU. Powered the Intellivision's advanced graphics.,,,,,,,,0,2026-01-17,,
architectures/f8.yaml,architectures,,F8 Family,Fairchild's innovative multi-chip CPU. First processor in a programmable home console.,,,,,,,,0,2026-01-17,,
architectures/huc6280.yaml,architectures,,Hudson HuC6280,"Hudson's extended 65C02 in the PC Engine. Adds block transfers, port writes, and MMU mapping instructions — a 6502 descendant with its own encodings.",,,,,,,,0,2026-07-02,,
architectures/mcs48.yaml,architectures,,MCS-48 Family,Intel's early microcontroller with built-in RAM and I/O. Simple but capable.,,,,,,,,0,2026-01-17,,
architectures/mips.yaml,architectures,,MIPS Family,"Classic RISC architecture. Powered PlayStation, N64, and PS2 with elegant simplicity.",,,,,,,,0,2026-01-17,,
architectures/sh2.yaml,architectures,,SuperH SH-2 Family,Hitachi's 32-bit RISC CPU. Dual processors powered the Saturn's complex architecture.,,,,,,,,0,2026-01-17,,
architectures/sh4.yaml,architectures,,SuperH SH-4 Family,Advanced SuperH with FPU and 3D support. The brain behind Dreamcast's impressive graphics.,,,,,,,,0,2026-01-17,,
architectures/sm83.yaml,architectures,,Sharp SM83,"Sharp's Z80-flavoured core in the Game Boy. An 8080-style register file with Z80 syntax, but its own instruction encoding — not Z80-compatible.",,,,,,,,0,2026-07-02,,
architectures/tlcs900.yaml,architectures,,TLCS-900 Family,Toshiba's 16-bit CPU family. Z80 heritage with modern enhancements for handhelds.,,,,,,,,0,2026-01-17,,
architectures/tms9900.yaml,architectures,,TMS9900 Family,"Texas Instruments' 16-bit CPU with workspace registers. Unique architecture, ahead of its time.",,,,,,,,0,2026-01-17,,
architectures/v810.yaml,architectures,,V810 Family,NEC's 32-bit RISC CPU. Low power design used in Nintendo's experimental consoles.,,,,,,,,0,2026-01-17,,
architectures/x86.yaml,architectures,,x86 Family,Intel's dominant architecture from PC to present. CISC design with backwards compatibility.,,,,,,,,0,2026-01-17,,
architectures/z80.yaml,architectures,,Z80 Family,Extended 8080 instruction set with more registers. The heart of British home computing and handhelds.,,,,,,,,0,2026-01-17,,
curriculum/commodore-64/assembly/brick-basher/index.mdx,curriculum,/systems/commodore-64/assembly/brick-basher/,Brick Basher,"A Breakout clone teaching ball physics, paddle control, and power-up systems.",,,,,,,,104,2026-06-01,,
curriculum/commodore-64/assembly/catacombs/index.mdx,curriculum,/systems/commodore-64/assembly/catacombs/,Catacombs,"Explore a large scrolling dungeon and manage what you carry, with music playing under the action.",,,,,,,,78,2026-06-10,,
curriculum/commodore-64/assembly/deephold/index.mdx,curriculum,/systems/commodore-64/assembly/deephold/,Deephold,"A top-down adventure with inventory, NPCs, quests, and disk save/load.",,,,,,,,134,2026-06-30,,
curriculum/commodore-64/assembly/hornet/index.mdx,curriculum,/systems/commodore-64/assembly/hornet/,Hornet,A multi-sprite action game teaching sprite multiplexing beyond hardware limits.,,,,,,,,107,2026-06-10,,
curriculum/commodore-64/assembly/knuckle/index.mdx,curriculum,/systems/commodore-64/assembly/knuckle/,Knuckle,"A one-on-one fighting game with hitboxes, combos, and special moves.",,,,,,,,132,2026-06-30,,
curriculum/commodore-64/assembly/maelstrom/index.mdx,curriculum,/systems/commodore-64/assembly/maelstrom/,Maelstrom,"The integration game — scroll, multiplex, music and logic all inside one stable 50Hz frame.",,,,,,,,80,2026-06-10,,
curriculum/commodore-64/assembly/maze-raider/index.mdx,curriculum,/systems/commodore-64/assembly/maze-raider/,Maze Raider,"A Pac-Man style maze chase teaching custom character sets, tile-based maps, and pathfinding AI.",,,,,,,,210,2026-06-01,,
curriculum/commodore-64/assembly/meet-the-machine/index.mdx,curriculum,/systems/commodore-64/assembly/meet-the-machine/,Meet the Machine,"The assembly on-ramp. Before you build a game, meet the 6510 and the Commodore 64 one idea at a time — registers, memory, the screen, decisions, loops — until the machine stops feeling like magic.",,,,,,,,236,2026-09-05,,
curriculum/commodore-64/assembly/meet-the-machine/unit-01.mdx,curriculum,/systems/commodore-64/assembly/meet-the-machine/unit-01/,Assemble and Run,"Write a few lines of assembly, turn them into a program with a build step, run it on the C64, and watch the border change colour. Meet the loop you'll use all course — and the idea that makes the C64 the C64.",,,2026-06-03,,,,,1148,2026-09-05,,
curriculum/commodore-64/assembly/meet-the-machine/unit-02.mdx,curriculum,/systems/commodore-64/assembly/meet-the-machine/unit-02/,LDA Is Not LET,"Meet the registers — the three physical 8-bit stores inside the 6510. Send a value from A into X and back again, and watch the border prove it made the trip. And learn why 'load' comes in three flavours.",,,2026-06-03,,,,,901,2026-06-08,,
curriculum/commodore-64/assembly/meet-the-machine/unit-03.mdx,curriculum,/systems/commodore-64/assembly/meet-the-machine/unit-03/,Everything Is a Number,"A byte has no type. Discover that 65, $41, the letter 'A' and the bit-pattern %01000001 are one and the same byte — and meet hex, the way you'll read bytes from here on.",,,2026-06-03,,,,,669,2026-06-08,,
curriculum/commodore-64/assembly/meet-the-machine/unit-04.mdx,curriculum,/systems/commodore-64/assembly/meet-the-machine/unit-04/,A Street of Numbered Boxes,"Meet memory — one long street of numbered boxes, each holding a byte. Store a byte at an address and read it back, the same round-trip you used for registers, now through RAM.",,,2026-06-03,,,,,752,2026-06-08,,
curriculum/commodore-64/assembly/meet-the-machine/unit-05.mdx,curriculum,/systems/commodore-64/assembly/meet-the-machine/unit-05/,The Screen Is Memory,"The big one. Discover that the screen is just a stretch of the same memory street — poke a byte to $0400 and a character appears. No PRINT, no magic: a box on screen holds one character code, and the chip draws it.",,,2026-06-03,,,,,779,2026-06-08,,
curriculum/commodore-64/assembly/meet-the-machine/unit-06.mdx,curriculum,/systems/commodore-64/assembly/meet-the-machine/unit-06/,Colour Is a Separate Map,"Find out where colour lives — a second map at $D800, one byte per cell, completely apart from the characters. Colour a cell with a single byte, and meet the C64's own take on the attribute grid.",,,2026-06-03,,,,,696,2026-06-08,,
curriculum/commodore-64/assembly/meet-the-machine/unit-07.mdx,curriculum,/systems/commodore-64/assembly/meet-the-machine/unit-07/,"Test, Then Jump","There's no IF on the 6510. Learn how the machine makes decisions instead — compare a value, which sets a flag, then branch on that flag. Build your own IF, and write your first labels.",,,2026-06-03,,,,,775,2026-06-08,,
curriculum/commodore-64/assembly/meet-the-machine/unit-08.mdx,curriculum,/systems/commodore-64/assembly/meet-the-machine/unit-08/,The Machine Can Hear You,"Read the joystick the honest way — read a port, isolate one bit, branch on it. Push the stick and watch the border react, every pass of the loop. The first time the machine answers to you.",,,2026-06-04,,,,,664,2026-06-08,,
curriculum/commodore-64/assembly/meet-the-machine/unit-09.mdx,curriculum,/systems/commodore-64/assembly/meet-the-machine/unit-09/,A Finger on the Boxes,"Stop baking the address into every instruction. Meet indexed addressing — X as a finger you slide along the memory street, writing as it goes — the idea behind every loop that fills the screen.",,,2026-06-04,,,,,545,2026-06-08,,
curriculum/commodore-64/assembly/meet-the-machine/unit-10.mdx,curriculum,/systems/commodore-64/assembly/meet-the-machine/unit-10/,The Counted Loop,"Hand the repetition to the machine. Load a count, run the body, step on, and branch back until you've done them all — one loop fills a whole row where last unit you stepped by hand.",,,2026-06-04,,,,,558,2026-06-08,,
curriculum/commodore-64/assembly/meet-the-machine/unit-11.mdx,curriculum,/systems/commodore-64/assembly/meet-the-machine/unit-11/,"Call, Return, and a Stack You Can See","Package a job into a subroutine you can call from anywhere — and watch where the machine remembers its way back: the stack, sitting in plain memory you can read.",,,2026-06-04,,,,,700,2026-06-08,,
curriculum/commodore-64/assembly/meet-the-machine/unit-12.mdx,curriculum,/systems/commodore-64/assembly/meet-the-machine/unit-12/,Adding and Taking Away,"The most ordinary thing of all, finally: maths. adc and sbc on a value — and the carry flag the 6510 makes you mind: clear it before you add, set it before you subtract.",,,2026-06-04,,,,,614,2026-06-08,,
curriculum/commodore-64/assembly/meet-the-machine/unit-13.mdx,curriculum,/systems/commodore-64/assembly/meet-the-machine/unit-13/,Working With Bits,"Change one bit without disturbing the rest. Meet ora, and and eor — set, clear and flip individual bits — the everyday way to throw a single switch in a byte.",,,2026-06-04,,,,,491,2026-06-08,,
curriculum/commodore-64/assembly/meet-the-machine/unit-14.mdx,curriculum,/systems/commodore-64/assembly/meet-the-machine/unit-14/,Bigger Than a Byte,"A byte stops at 255 — too small for an address. The 6510 has no 16-bit registers, so you hold a big number as two bytes and add it by hand, low byte first — and the carry flag becomes the bridge between them.",,,2026-06-04,,,,,693,2026-06-09,,
curriculum/commodore-64/assembly/meet-the-machine/unit-15.mdx,curriculum,/systems/commodore-64/assembly/meet-the-machine/unit-15/,The Machine Speaks Back,"Unit 8 taught the machine to hear you. This one teaches it to answer. The SID is the C64's three-voice synthesiser — set a voice's pitch, its envelope, and the volume, open the gate, and the chip holds the note on its own while your code does nothing.",,,2026-06-09,,,,,644,2026-06-09,,
curriculum/commodore-64/assembly/meet-the-machine/unit-16.mdx,curriculum,/systems/commodore-64/assembly/meet-the-machine/unit-16/,The Machine Trusts You,"The last unit, and the most important. There's no error message, no bounds check, no guard rail — the machine does exactly what you wrote, even when you're wrong. Learn to debug by observing, not by reading errors.",,,2026-06-04,,,,,759,2026-06-09,,
curriculum/commodore-64/assembly/mega-blaster/index.mdx,curriculum,/systems/commodore-64/assembly/mega-blaster/,Mega Blaster,A Turrican-style run'n'gun with multi-directional scrolling and vehicle transformations.,,,,,,,,137,2026-06-30,,
curriculum/commodore-64/assembly/night-raid/index.mdx,curriculum,/systems/commodore-64/assembly/night-raid/,Night Raid,A Scramble-style side-scroller teaching terrain collision and resource management.,,,,,,,,107,2026-06-01,,
curriculum/commodore-64/assembly/platform-panic/index.mdx,curriculum,/systems/commodore-64/assembly/platform-panic/,Platform Panic,"A single-screen platformer teaching gravity, jump physics, and platform collision.",,,,,,,,115,2026-06-01,,
curriculum/commodore-64/assembly/raster-rider/index.mdx,curriculum,/systems/commodore-64/assembly/raster-rider/,Raster Rider,A racing game with pseudo-3D road using advanced raster effects.,,,,,,,,108,2026-06-01,,
curriculum/commodore-64/assembly/sid-symphony/index.mdx,curriculum,/systems/commodore-64/assembly/sid-symphony/,SID Symphony,A music player ticking under a running game — interrupt-driven SID music on the raster IRQ.,,,,,,,,84,2026-06-10,,
curriculum/commodore-64/assembly/starfield/index.mdx,curriculum,/systems/commodore-64/assembly/starfield/,Starfield,"Build a single-screen space shooter from scratch in 6510 assembly — from a blank screen to a commercial-quality C64 game, one technique at a time.",,,,,,,,88,2026-06-04,,
curriculum/commodore-64/assembly/starfield/unit-01.mdx,curriculum,/systems/commodore-64/assembly/starfield/unit-01/,Ship on Screen,"Put a hardware sprite on screen with the VIC-II — the first piece of your first C64 game, built from a blank screen up.",,,2026-02-05,,,,,812,2026-06-04,,
curriculum/commodore-64/assembly/starfield/unit-02.mdx,curriculum,/systems/commodore-64/assembly/starfield/unit-02/,Joystick Movement,"Wrap the ship in a game loop and read the joystick through the CIA chip, so pushing the stick moves the ship — the moment the program becomes a game.",,,2026-02-05,,,,,1042,2026-06-04,,
curriculum/commodore-64/assembly/starfield/unit-03.mdx,curriculum,/systems/commodore-64/assembly/starfield/unit-03/,Screen Edges,Push the ship to the right and it wraps off the screen. Add a ninth X bit and boundary clamping so it reaches the full width and stops cleanly at every edge.,,,2026-02-06,,,,,733,2026-06-04,,
curriculum/commodore-64/assembly/starfield/unit-04.mdx,curriculum,/systems/commodore-64/assembly/starfield/unit-04/,Fire Button Shoots,"Read the fire button and launch a bullet from the ship — then make the shot spawn correctly wherever the ship is, using the ninth X bit from the last unit.",,,2026-02-06,,,,,970,2026-06-04,,
curriculum/commodore-64/assembly/starfield/unit-05.mdx,curriculum,/systems/commodore-64/assembly/starfield/unit-05/,Laser Sound,"Configure a SID voice and gate it on each shot, so firing makes a sharp laser 'pew' — your first taste of the C64's sound hardware.",,,2026-02-06,,,,,1183,2026-06-04,,
curriculum/commodore-64/assembly/starfield/unit-06.mdx,curriculum,/systems/commodore-64/assembly/starfield/unit-06/,Enemy Appears,"Add a third sprite that moves on its own — a green enemy that drifts down the screen and keeps coming, respawning in a new column each time it leaves.",,,2026-02-06,,,,,966,2026-06-04,,
curriculum/commodore-64/assembly/starfield/unit-07.mdx,curriculum,/systems/commodore-64/assembly/starfield/unit-07/,Direct Hit,"Make the bullet and enemy notice each other — software collision by comparing coordinates on both axes, with the unsigned-distance trick and a ninth-bit guard.",,,2026-02-06,,,,,981,2026-06-04,,
curriculum/commodore-64/assembly/starfield/unit-08.mdx,curriculum,/systems/commodore-64/assembly/starfield/unit-08/,Explosion,"Sell the hit — flash the enemy white with a frame-counter freeze, then fire an explosion on the SID's second voice while the laser still rings.",,,2026-02-06,,,,,915,2026-06-04,,
curriculum/commodore-64/assembly/starfield/unit-09.mdx,curriculum,/systems/commodore-64/assembly/starfield/unit-09/,Scoring Points,"Write a score to screen RAM — character output and colour RAM for the readout, then BCD arithmetic and nybble extraction to count each hit.",,,2026-02-06,,,,,811,2026-06-04,,
curriculum/commodore-64/assembly/starfield/unit-10.mdx,curriculum,/systems/commodore-64/assembly/starfield/unit-10/,Enemy Waves,"Turn one enemy into a wave — parallel arrays and indexed addressing drive several enemies from a single loop, with the Y register and a spawn subroutine doing the repetitive work.",,,2026-02-06,,,,,981,2026-06-04,,
curriculum/commodore-64/assembly/starfield/unit-11.mdx,curriculum,/systems/commodore-64/assembly/starfield/unit-11/,Player Death,"Make the ship killable — detect enemy-on-ship collision, freeze the game with a game-over flag, and play a death tone on the SID's third and final voice.",,,2026-02-06,,,,,917,2026-06-04,,
curriculum/commodore-64/assembly/starfield/unit-12.mdx,curriculum,/systems/commodore-64/assembly/starfield/unit-12/,Game Over,"Tell the player it's over and let them try again — print GAME OVER into screen RAM with a text subroutine, then restart the whole game on a press of fire.",,,2026-02-06,,,,,791,2026-06-04,,
curriculum/commodore-64/assembly/starfield/unit-13.mdx,curriculum,/systems/commodore-64/assembly/starfield/unit-13/,Three Lives,"Soften the one-hit ending — give the player three lives, a counter that ticks down on each hit and respawns the ship, with game over held back until the last life is gone.",,,2026-02-06,,,,,725,2026-06-04,,
curriculum/commodore-64/assembly/starfield/unit-14.mdx,curriculum,/systems/commodore-64/assembly/starfield/unit-14/,Life Lost Flash,"Make losing a life fair — a border flash marks each hit and doubles as a short window of invulnerability, so a respawn can't die on the spot.",,,2026-02-06,,,,,853,2026-06-04,,
curriculum/commodore-64/assembly/starfield/unit-15.mdx,curriculum,/systems/commodore-64/assembly/starfield/unit-15/,Starfield,"Fill the empty space — draw a scrolling starfield straight into screen RAM with indirect indexed addressing, then split it into three depths moving at three speeds.",,,2026-02-06,,,,,1022,2026-06-04,,
curriculum/commodore-64/assembly/starfield/unit-16.mdx,curriculum,/systems/commodore-64/assembly/starfield/unit-16/,Title Screen,"Turn the program into a finished game — a title screen and a three-state machine (title, playing, game over) that opens, plays, ends, and loops back to the start.",,,2026-02-06,,,,,987,2026-06-12,,
curriculum/commodore-64/assembly/starfield/unit-17.mdx,curriculum,/systems/commodore-64/assembly/starfield/unit-17/,The Curve,"Starfield works; nothing escalates. A wave counter, a speed table and a live fall speed put a difficulty curve in the game; a SID jingle gives the title a voice; and a dwell on both ends of the loop lets the endings land. Then the winnability gate does its work: the turret park — park under the lane, hold fire, never lose — is closed with a real LFSR spawn, full-field 9-bit enemies, and a hunt that leaves no square safe. And finally the game gets a curve worth playing: the swarm grows from three enemies to six over the waves, the hunt tightens late, and a four-digit score can hold a long game.",,,2026-06-12,,,,,4487,2026-07-06,yes,
curriculum/commodore-64/assembly/strata/index.mdx,curriculum,/systems/commodore-64/assembly/strata/,Strata,"An advanced side-scrolling shooter with multi-layer parallax, R-Type/Gradius style.",,,,,,,,132,2026-06-30,,
curriculum/commodore-64/assembly/tumbledown/index.mdx,curriculum,/systems/commodore-64/assembly/tumbledown/,Tumbledown,An isometric adventure game teaching 3D projection and depth sorting.,,,,,,,,138,2026-06-30,,
curriculum/commodore-64/assembly/velocity/index.mdx,curriculum,/systems/commodore-64/assembly/velocity/,Velocity,A horizontal scrolling runner introducing VIC-II hardware scrolling.,,,,,,,,105,2026-06-10,,
curriculum/commodore-64/basic/bleeper/index.mdx,curriculum,/systems/commodore-64/basic/bleeper/,Bleeper,"The C64 plays a tone-and-colour sequence and you repeat it from the keyboard — one panel longer every round. Meet the SID chip as a voice, an array as a growing memory, and GET as the way to read the player's echo and check it, press by press.",,,2026-06-08,,,,,245,2026-09-03,,
curriculum/commodore-64/basic/bleeper/unit-01.mdx,curriculum,/systems/commodore-64/basic/bleeper/unit-01/,Light and Bleep,"Bleeper's whole vocabulary is a panel that lights and sounds at once. Draw a colour block in screen memory, flash it white for a beat, and fire a SID note at the same moment. Colour and sound, locked together — the atom the whole game is built from.",,,2026-06-08,,,,,273,2026-06-08,,
curriculum/commodore-64/basic/bleeper/unit-02.mdx,curriculum,/systems/commodore-64/basic/bleeper/unit-02/,"Four Panels, Four Notes","One panel becomes four — red, cyan, green, yellow — each with its own pitch. The flash-and-tone code moves into a GOSUB routine you call by panel number, so the same six lines light any panel. That reusable routine is the engine of the whole game.",,,2026-06-08,,,,,253,2026-06-08,,
curriculum/commodore-64/basic/bleeper/unit-03.mdx,curriculum,/systems/commodore-64/basic/bleeper/unit-03/,A Sequence from an Array,"A game needs a sequence. Store a list of panels in an array, then walk it with a loop, flashing and bleeping each in turn. The sequence is data now, not code — the machine plays back whatever the array holds.",,,2026-06-08,,,,,255,2026-06-08,,
curriculum/commodore-64/basic/bleeper/unit-04.mdx,curriculum,/systems/commodore-64/basic/bleeper/unit-04/,One More Each Round,"A fixed sequence is a performance; a growing one is a game. Each round, add a random panel to the array and replay the whole thing from the start. The chain lengthens by one every time — the escalation at the heart of Simon.",,,2026-06-08,,,,,292,2026-06-08,,
curriculum/commodore-64/basic/bleeper/unit-05.mdx,curriculum,/systems/commodore-64/basic/bleeper/unit-05/,Your Turn,"Now the player plays. After the sequence, read their echo a key at a time with GET, light the panel they press, and check each one against the array. A right echo wins; a wrong press ends it with a harsh tone. This is the moment Bleeper becomes a game you can lose.",,,2026-06-08,,,,,275,2026-06-08,,
curriculum/commodore-64/basic/bleeper/unit-06.mdx,curriculum,/systems/commodore-64/basic/bleeper/unit-06/,How Far Can You Hold?,"Put it together: rounds that grow, an echo checked each round, a score that's just the length you held, and a key to play again. Number the panels so the player knows the keys. Your finished Bleeper — the SID, an array, and live input as one game.",,,2026-06-08,,,,,357,2026-06-08,,
curriculum/commodore-64/basic/dropzone/index.mdx,curriculum,/systems/commodore-64/basic/dropzone/,Dropzone,"Fly a lander down through gravity and set it on the pad — too fast and you crash, and your fuel is running out. The capstone of Volume 1: a real-time physics game where velocity accumulates in a plain variable, thrust fights gravity, and one clean touchdown is the whole reward.",,,2026-06-08,,,,,246,2026-09-03,,
curriculum/commodore-64/basic/dropzone/unit-01.mdx,curriculum,/systems/commodore-64/basic/dropzone/unit-01/,A Falling Dot,"Every lander game starts with something that falls. Hold an altitude in a variable, increase it each loop, and draw the lander at the row it points to — erase-move-draw, falling on its own whether you act or not. The continuous loop that drives every real-time game.",,,2026-06-08,,,,,278,2026-06-08,,
curriculum/commodore-64/basic/dropzone/unit-02.mdx,curriculum,/systems/commodore-64/basic/dropzone/unit-02/,Gravity Pulls,"A constant fall has no weight. Add velocity as its own variable and let gravity grow it every loop — the lander starts slow and speeds up, just like a real drop. This is the physics at the heart of the game: velocity that accumulates over time.",,,2026-06-08,,,,,277,2026-06-08,,
curriculum/commodore-64/basic/dropzone/unit-03.mdx,curriculum,/systems/commodore-64/basic/dropzone/unit-03/,Thrust Pushes Back,"Gravity has it all its own way — until now. Read a key inside the loop, and when it's pressed, shrink the velocity. Press to slow the fall; release and gravity takes over. Two forces on one variable: the game exists the moment you can fight back.",,,2026-06-08,,,,,285,2026-06-08,,
curriculum/commodore-64/basic/dropzone/unit-04.mdx,curriculum,/systems/commodore-64/basic/dropzone/unit-04/,The Landing Pad,"The lander needs somewhere to come down. Draw a ground line across the foot of the screen and a coloured pad in its middle — the one safe place to land, marked by colour, not a label. Now the descent has a target.",,,2026-06-08,,,,,284,2026-06-08,,
curriculum/commodore-64/basic/dropzone/unit-05.mdx,curriculum,/systems/commodore-64/basic/dropzone/unit-05/,Soft or Hard,"Reaching the pad isn't the same as landing on it. Check the speed at the moment of contact: slow enough is a soft landing, too fast is a crash. Now how you flew the last few rows is the whole game — and each ending gets its own screen.",,,2026-06-08,,,,,312,2026-06-08,,
curriculum/commodore-64/basic/dropzone/unit-06.mdx,curriculum,/systems/commodore-64/basic/dropzone/unit-06/,Fuel — The Squeeze,"Free thrust means braking all the way down. Add a fuel store that each burn spends, shown in the readout — and when it runs dry, the thruster dies and you coast on whatever speed you have. Finite fuel turns the descent into a negotiation. The finished Dropzone, and the end of Volume 1.",,,2026-06-08,,,,,403,2026-06-10,,
curriculum/commodore-64/basic/meet-c64-basic/index.mdx,curriculum,/systems/commodore-64/basic/meet-c64-basic/,Meet C64 BASIC,"The Commodore 64 BASIC on-ramp. Before you build a game, learn to write, run, edit and debug Commodore BASIC for real — and meet the screen, colour, sound and joystick that, on the C64, you reach by writing straight to the chips.",,,,,,,,433,2026-09-05,,
curriculum/commodore-64/basic/meet-c64-basic/unit-01.mdx,curriculum,/systems/commodore-64/basic/meet-c64-basic/unit-01/,You Type the Whole Word,"Type your first line of Commodore BASIC, run it, and read what the C64 prints back. Meet the keyboard where you spell each word out — and the type-run loop you'll use all primer.",,,2026-06-07,,,,,686,2026-09-05,,
curriculum/commodore-64/basic/meet-c64-basic/unit-02.mdx,curriculum,/systems/commodore-64/basic/meet-c64-basic/unit-02/,The Line Number Is an Address,"Edit a program by its line numbers — replace a line by reusing its number, slip a new line into a gap, delete one, and LIST them in order. Then meet the C64's full-screen editor, where you change a line in place.",,,2026-06-07,,,,,722,2026-06-07,,
curriculum/commodore-64/basic/meet-c64-basic/unit-03.mdx,curriculum,/systems/commodore-64/basic/meet-c64-basic/unit-03/,"PRINT, and Its Punctuation","Give PRINT its punctuation — join with a semicolon, line things up in 10-column zones with a comma — then clear the screen the C64 way, with PRINT CHR$(147), and start the title card you'll grow all primer.",,,2026-06-07,,,,,642,2026-06-07,,
curriculum/commodore-64/basic/meet-c64-basic/unit-04.mdx,curriculum,/systems/commodore-64/basic/meet-c64-basic/unit-04/,"LET, and the First Two Letters","Give the program a memory: LET names a box that holds a value. Meet the C64's naming rules — strings end in $, and the surprise that only the first two letters of a name count, so CASH and CARD are the same box.",,,2026-06-07,,,,,600,2026-06-07,,
curriculum/commodore-64/basic/meet-c64-basic/unit-05.mdx,curriculum,/systems/commodore-64/basic/meet-c64-basic/unit-05/,INPUT — the Program Listens,"Let the person at the keyboard fill a variable. INPUT stops the program, prints a prompt and a ?, waits for what's typed, and stores it — text into a $ box, numbers into a plain one.",,,2026-06-07,,,,,465,2026-06-07,,
curriculum/commodore-64/basic/meet-c64-basic/unit-06.mdx,curriculum,/systems/commodore-64/basic/meet-c64-basic/unit-06/,"IF / THEN, the C64 Way","Let the program decide. IF tests a condition; THEN runs the rest of the line only when it holds. The C64 has no ELSE — so two-way choices are two IFs, one per outcome.",,,2026-06-07,,,,,498,2026-06-07,,
curriculum/commodore-64/basic/meet-c64-basic/unit-07.mdx,curriculum,/systems/commodore-64/basic/meet-c64-basic/unit-07/,FOR / NEXT Counts For You,"Repeat a thing a fixed number of times without retyping it. FOR sets a counter and its range; NEXT sends the loop round again; STEP changes how the counter moves — even backwards, for a countdown.",,,2026-06-07,,,,,447,2026-06-07,,
curriculum/commodore-64/basic/meet-c64-basic/unit-08.mdx,curriculum,/systems/commodore-64/basic/meet-c64-basic/unit-08/,"GOTO, GOSUB, and the Game Loop","Jump and repeat. GOTO sends the program to a line; the endless loop is its game-shaped form. GOSUB calls a named job and RETURN comes back. RND picks a secret, and the guessing loop ties it all together.",,,2026-06-07,,,,,613,2026-06-07,,
curriculum/commodore-64/basic/meet-c64-basic/unit-09.mdx,curriculum,/systems/commodore-64/basic/meet-c64-basic/unit-09/,The Screen Is Memory,"Meet the C64's defining trick: the screen is just memory. POKE a screen code into an address from 1024 onward and a character appears there — no PRINT, no cursor. An address formula puts it anywhere.",,,2026-06-07,,,,,596,2026-06-07,,
curriculum/commodore-64/basic/meet-c64-basic/unit-10.mdx,curriculum,/systems/commodore-64/basic/meet-c64-basic/unit-10/,Colour Lives Somewhere Else,"Every character cell has a second byte that nobody mentioned yet: its colour, stored in a separate block of memory at 55296. Set the border and background too, and the screen finally has the colours you choose.",,,2026-06-07,,,,,722,2026-06-07,,
curriculum/commodore-64/basic/meet-c64-basic/unit-11.mdx,curriculum,/systems/commodore-64/basic/meet-c64-basic/unit-11/,The Machine Can Sing,"C64 BASIC has no sound keyword at all — because sound here isn't a word, it's a chip. The SID lives in memory at 54272, and a handful of POKEs give it a note, a voice, and a sound that moves while your program runs.",,,2026-06-07,,,,,736,2026-06-07,,
curriculum/commodore-64/basic/meet-c64-basic/unit-12.mdx,curriculum,/systems/commodore-64/basic/meet-c64-basic/unit-12/,Reading the Joystick,"Input on the C64 is another PEEK. The joystick port is memory at 56320: read it and each direction is one bit, cleared when the stick is pushed. Decode the bits with AND, and a ball moves under your hand.",,,2026-06-07,,,,,693,2026-06-07,,
curriculum/commodore-64/basic/meet-c64-basic/unit-13.mdx,curriculum,/systems/commodore-64/basic/meet-c64-basic/unit-13/,A Shape That Moves,"Give a shape a life of its own. The animation loop is erase, move, draw, repeat — and a direction variable you flip at the edges makes a ball bounce. Meet the flicker that sends C64 game-writers to assembly.",,,2026-06-07,,,,,625,2026-06-07,,
curriculum/commodore-64/basic/meet-c64-basic/unit-14.mdx,curriculum,/systems/commodore-64/basic/meet-c64-basic/unit-14/,Keeping Your Work,"A program lives in RAM and vanishes when the power goes off. The disk drive keeps it: SAVE writes your program to disk, LOAD brings it back, and the directory shows what's there. The save-and-reload cycle every C64 session is built on.",,,2026-06-07,,,,,516,2026-06-07,,
curriculum/commodore-64/basic/meet-c64-basic/unit-15.mdx,curriculum,/systems/commodore-64/basic/meet-c64-basic/unit-15/,When It's Wrong,"The C64's error messages are terse, but each one names the problem and points to the line. SYNTAX ERROR, UNDEF'D STATEMENT, ILLEGAL QUANTITY — read them as directions, not scolding, and you can fix anything you write.",,,2026-06-07,,,,,716,2026-06-07,,
curriculum/commodore-64/basic/oracle/index.mdx,curriculum,/systems/commodore-64/basic/oracle/,Oracle,"Ask the machine a yes/no question and it answers — and you never know which answer is coming. Meet RND as a decision-maker, a string array as a memory of replies, a thinking pause that builds suspense, and colour that gives each answer a mood.",,,2026-06-08,,,,,219,2026-09-03,,
curriculum/commodore-64/basic/oracle/unit-01.mdx,curriculum,/systems/commodore-64/basic/oracle/unit-01/,Ask the Oracle,"The Oracle's whole shape in four lines: the machine takes a question with INPUT, and gives an answer. For now the answer is always YES — but ask, then answer, is the ceremony everything else hangs on.",,,2026-06-08,,,,,192,2026-06-08,,
curriculum/commodore-64/basic/oracle/unit-02.mdx,curriculum,/systems/commodore-64/basic/oracle/unit-02/,The Oracle Chooses,"Replace the one fixed answer with one of two, picked at random. RND rolls a number, ON…GOTO branches on it, and the player stops knowing which answer is coming — that gap is chance.",,,2026-06-08,,,,,191,2026-06-08,,
curriculum/commodore-64/basic/oracle/unit-03.mdx,curriculum,/systems/commodore-64/basic/oracle/unit-03/,A List of Answers,"Two answers aren't enough. Store eight in a string array, then use RND as an index to reach in and pull one out — one PRINT line that can speak any of them.",,,2026-06-08,,,,,202,2026-06-08,,
curriculum/commodore-64/basic/oracle/unit-04.mdx,curriculum,/systems/commodore-64/basic/oracle/unit-04/,The Oracle Thinks,An answer that arrives instantly feels cheap. Add a thinking pause — a delay loop with a SID tone humming for its length — and the answer means more because you waited for it. That's suspense.,,,2026-06-08,,,,,206,2026-06-08,,
curriculum/commodore-64/basic/oracle/unit-05.mdx,curriculum,/systems/commodore-64/basic/oracle/unit-05/,Mood in Colour,"The Oracle should look like it feels something. Give each answer a mood — yes, no, maybe — and shift the colour to match before it prints. The player reads the feeling before the words.",,,2026-06-08,,,,,235,2026-06-08,,
curriculum/commodore-64/basic/oracle/unit-06.mdx,curriculum,/systems/commodore-64/basic/oracle/unit-06/,Ask Again,"Right now the Oracle answers once and stops. Close the loop — clear the screen and GOTO back to the question — and it becomes something you consult, not something you run. Your finished Oracle.",,,2026-06-08,,,,,268,2026-06-08,,
curriculum/commodore-64/basic/reflex/index.mdx,curriculum,/systems/commodore-64/basic/reflex/,Reflex,"The screen flashes white at a moment you can't predict — how fast can you hit a key? Meet the C64's jiffy clock, learn GET for an instant keypress, and turn raw timing into a verdict on the player's speed.",,,2026-06-08,,,,,215,2026-09-03,,
curriculum/commodore-64/basic/reflex/unit-01.mdx,curriculum,/systems/commodore-64/basic/reflex/unit-01/,The Flash,"Reflex begins with a signal. Hold the screen black, wait a beat, then flash it white — the moment the player reacts to. One register does it, and a timing loop sets the wait.",,,2026-06-08,,,,,250,2026-06-08,,
curriculum/commodore-64/basic/reflex/unit-02.mdx,curriculum,/systems/commodore-64/basic/reflex/unit-02/,An Unknown Wait,"A fixed beat can be learnt, and a reaction test you can predict is no test. Make the wait a different length every run with RND — now the flash always catches you off guard.",,,2026-06-08,,,,,244,2026-06-08,,
curriculum/commodore-64/basic/reflex/unit-03.mdx,curriculum,/systems/commodore-64/basic/reflex/unit-03/,Timing the Press,"The flash catches you out — but how fast did you answer? Meet TI, the C64's built-in clock, ticking sixty times a second. Reset it at the flash, read it at the keypress, and you have a time.",,,2026-06-08,,,,,262,2026-06-08,,
curriculum/commodore-64/basic/reflex/unit-04.mdx,curriculum,/systems/commodore-64/basic/reflex/unit-04/,Catch It Instantly,"INPUT makes the player press RETURN — two actions where a reaction test wants one. GET catches a single keypress the moment it lands, no RETURN at all. The timing finally feels honest.",,,2026-06-08,,,,,271,2026-06-08,,
curriculum/commodore-64/basic/reflex/unit-05.mdx,curriculum,/systems/commodore-64/basic/reflex/unit-05/,Jiffies and Seconds,Sixty-one jiffies is precise but means little to a human. Divide by 60 and you have seconds — the unit we think in. One line of arithmetic turns the clock's count into a time a person reads at a glance.,,,2026-06-08,,,,,273,2026-06-08,,
curriculum/commodore-64/basic/reflex/unit-06.mdx,curriculum,/systems/commodore-64/basic/reflex/unit-06/,How Fast Are You?,"A time is a number; a verdict is a game. Read the jiffies and rate them — LIGHTNING, QUICK, OK, SLOW — then catch the player who jumps the gun before the flash. Your finished Reflex.",,,2026-06-08,,,,,355,2026-06-08,,
curriculum/commodore-64/basic/rover/index.mdx,curriculum,/systems/commodore-64/basic/rover/,Rover,"Steer a rover around a maze with the joystick, in real time — it stops dead at walls and scores when it rolls over a pickup. Meet PEEK(56320) for the stick, erase-move-draw for movement, and look-ahead collision: PEEK the cell you're about to enter to know what you'd hit before you hit it.",,,2026-06-08,,,,,229,2026-09-03,,
curriculum/commodore-64/basic/rover/unit-01.mdx,curriculum,/systems/commodore-64/basic/rover/unit-01/,Place the Rover,"Before the rover can move, it has to exist. Hold its position in two variables and draw it with two POKEs — a bright block in screen memory, its colour alongside. The whole game starts from this: the rover is just two numbers and two pokes.",,,2026-06-08,,,,,264,2026-06-08,,
curriculum/commodore-64/basic/rover/unit-02.mdx,curriculum,/systems/commodore-64/basic/rover/unit-02/,Drive It with the Stick,"Open a loop that reads the joystick on every pass, decode the direction, and move the rover — erase the old block, draw the new one. PEEK(56320), an AND to pick the bit, two POKEs. The first time the machine answers you in real time.",,,2026-06-08,,,,,298,2026-06-08,,
curriculum/commodore-64/basic/rover/unit-03.mdx,curriculum,/systems/commodore-64/basic/rover/unit-03/,Walls That Stop You,"An open screen lets the rover wander off the edge. Draw a maze of walls, then before each move, PEEK the cell the rover is about to enter — if it's a wall, cancel the step. The world pushes back, and a border wall keeps the rover in bounds for free.",,,2026-06-08,,,,,305,2026-06-08,,
curriculum/commodore-64/basic/rover/unit-04.mdx,curriculum,/systems/commodore-64/basic/rover/unit-04/,Pickups and Score,"Scatter pickups in a second colour, then teach the look-ahead PEEK a new trick: tell wall from pickup from empty by the character code it reads. Roll over a pickup, collect it, and the score climbs on a status row that never disturbs the maze.",,,2026-06-08,,,,,304,2026-06-08,,
curriculum/commodore-64/basic/rover/unit-05.mdx,curriculum,/systems/commodore-64/basic/rover/unit-05/,Clear the Board,"A game needs an ending. Count the pickups at the start, count them down as they're collected, and when the last one's gone, break the loop and show ALL CLEAR with the final score. The session gets a shape: enter, clear, done.",,,2026-06-08,,,,,291,2026-06-08,,
curriculum/commodore-64/basic/rover/unit-06.mdx,curriculum,/systems/commodore-64/basic/rover/unit-06/,Make It a Game,"Give Rover a front door. A title screen with the rover's name and a fire-to-start — read fire with (J AND 16) — turns the program into a game someone can pick up and play. Your finished Rover, ready to drive.",,,2026-06-08,,,,,335,2026-06-08,,
curriculum/commodore-64/basic/safe-cracker/index.mdx,curriculum,/systems/commodore-64/basic/safe-cracker/,Safe Cracker,"The C64 hides a code; you close in on it, guess by guess, the safe answering higher or lower and the screen warming as you near it — but your guesses are numbered. Meet the loop-with-a-goal: a loop that ends in a win or a loss, the structure under every game from here on.",,,2026-06-08,,,,,222,2026-09-03,,
curriculum/commodore-64/basic/safe-cracker/unit-01.mdx,curriculum,/systems/commodore-64/basic/safe-cracker/unit-01/,Pick a Secret,"Every guessing game needs a secret. Make the machine choose a hidden code between 1 and 100 with RND, and print it just this once to prove it lands in range. The number you'll spend the rest of the game hunting starts here.",,,2026-06-08,,,,,241,2026-06-08,,
curriculum/commodore-64/basic/safe-cracker/unit-02.mdx,curriculum,/systems/commodore-64/basic/safe-cracker/unit-02/,Take a Guess,"Now hide the secret and let the player put a number against it. INPUT takes their guess, a single IF weighs it against the code — cracked, or not. The first real contest between player and machine.",,,2026-06-08,,,,,251,2026-06-08,,
curriculum/commodore-64/basic/safe-cracker/unit-03.mdx,curriculum,/systems/commodore-64/basic/safe-cracker/unit-03/,Higher or Lower,"A wrong guess should teach something. Add two comparisons — is the guess below the code, or above it? — and a miss becomes a direction. This is the clue that turns blind guessing into deduction.",,,2026-06-08,,,,,259,2026-06-08,,
curriculum/commodore-64/basic/safe-cracker/unit-04.mdx,curriculum,/systems/commodore-64/basic/safe-cracker/unit-04/,Loop Until Cracked,"One clue isn't enough — the player needs to keep guessing. Wrap the guess in a loop that runs until the safe opens. This is the loop-with-a-goal: not a FOR that counts to a number, but a loop that ends when something specific happens.",,,2026-06-08,,,,,272,2026-06-08,,
curriculum/commodore-64/basic/safe-cracker/unit-05.mdx,curriculum,/systems/commodore-64/basic/safe-cracker/unit-05/,Colour the Feedback,"Words are slow; colour is instant. Make the background warm red when the guess is too high and cool blue when it's too low, behind a safe drawn on screen. The player reads the safe's mood before they read a word — colour carrying meaning, not decoration.",,,2026-06-08,,,,,309,2026-06-08,,
curriculum/commodore-64/basic/safe-cracker/unit-06.mdx,curriculum,/systems/commodore-64/basic/safe-cracker/unit-06/,A Stake That Runs Out,"A game you can't lose isn't a game. Give the safe a fixed number of tries: count each guess, and when they run out before the crack, the safe locks. Now the loop ends two ways — win or lose — and the guess count is the clock. Your finished Safe Cracker.",,,2026-06-08,,,,,349,2026-06-08,,
curriculum/commodore-64/basic/skyline/index.mdx,curriculum,/systems/commodore-64/basic/skyline/,Skyline,"Your first C64 program: build a city by writing straight to the screen. POKE blocks into screen memory, light the windows from colour memory, randomise the towers, and set the hour with two registers — a cityscape that composes itself.",,,2026-06-08,,,,,206,2026-09-03,,
curriculum/commodore-64/basic/skyline/unit-01.mdx,curriculum,/systems/commodore-64/basic/skyline/unit-01/,One Block on the Screen,"Skyline starts with a single block, placed exactly where you send it. Clear the screen, work out the address with 1024 + R*40 + C, POKE the block, and POKE its colour into the matching cell at 55296.",,,2026-06-08,,,,,200,2026-06-08,,
curriculum/commodore-64/basic/skyline/unit-02.mdx,curriculum,/systems/commodore-64/basic/skyline/unit-02/,A Tower,"One block is a brick; a loop is a building. A FOR loop counting up a fixed column POKEs a block at each row, turning one block into a tower of any height.",,,2026-06-08,,,,,219,2026-06-08,,
curriculum/commodore-64/basic/skyline/unit-03.mdx,curriculum,/systems/commodore-64/basic/skyline/unit-03/,A Row of Towers,Wrap the tower in a second loop. An outer FOR steps the column across the screen while the inner FOR raises a tower at each — nested loops turn one tower into a skyline.,,,2026-06-08,,,,,217,2026-06-08,,
curriculum/commodore-64/basic/skyline/unit-04.mdx,curriculum,/systems/commodore-64/basic/skyline/unit-04/,Lights in the Windows,"Colour memory stops being a flat wash. As each tower goes up, some cells get a bright window colour against the tower's body — same coordinate, different byte — and the skyline comes alive.",,,2026-06-08,,,,,221,2026-06-08,,
curriculum/commodore-64/basic/skyline/unit-05.mdx,curriculum,/systems/commodore-64/basic/skyline/unit-05/,No Two Cities Alike,"Bring in RND. Randomise each tower's height and light each window on a coin-flip, and the program produces more than you typed — run it twice, get two different skylines.",,,2026-06-08,,,,,244,2026-06-08,,
curriculum/commodore-64/basic/skyline/unit-06.mdx,curriculum,/systems/commodore-64/basic/skyline/unit-06/,Sunset,"Two registers set the hour. POKE the background for the sky and the border for the frame, add a soft SID tone as each tower tops out, and the black screen becomes a city at dusk — your finished Skyline.",,,2026-06-08,,,,,292,2026-06-08,,
curriculum/commodore-64/basic/tally/index.mdx,curriculum,/systems/commodore-64/basic/tally/,Tally,"Roll two dice a thousand times, count every total, and watch a bell curve rise out of pure randomness. Meet numeric arrays as counters and the screen as a chart — the first time the machine draws a shape you never told it to.",,,2026-06-08,,,,,245,2026-09-03,,
curriculum/commodore-64/basic/tally/unit-01.mdx,curriculum,/systems/commodore-64/basic/tally/unit-01/,A Die Roll,Tally begins with a single die. You met RND in Oracle picking answers; here the same command rolls a 1 to 6. Roll it ten times in a loop and watch the faces fall — the raw material the whole game is built from.,,,2026-06-08,,,,,253,2026-06-08,,
curriculum/commodore-64/basic/tally/unit-02.mdx,curriculum,/systems/commodore-64/basic/tally/unit-02/,"Two Dice, One Total","One die is fair. Roll two and add them, and the total — 2 to 12 — is not. Sevens crowd the middle, twos and twelves are rare. The lopsidedness you'll spend the rest of the game explaining starts here.",,,2026-06-08,,,,,255,2026-06-08,,
curriculum/commodore-64/basic/tally/unit-03.mdx,curriculum,/systems/commodore-64/basic/tally/unit-03/,Counting the Totals,"Counting totals by eye doesn't scale. Meet the array — eleven counters in one named structure — and use the dice total itself as the index. One line tallies any roll, no chain of IFs. Twenty rolls in, the shape is still ragged.",,,2026-06-08,,,,,275,2026-06-08,,
curriculum/commodore-64/basic/tally/unit-04.mdx,curriculum,/systems/commodore-64/basic/tally/unit-04/,A Thousand Rolls,"Twenty rolls were too ragged to trust. Change one number — 20 to 1000 — and the bell stops hiding. The counts climb, 7 pulls ahead, the edges stay low, and a clear shape emerges from pure chance. That's the law of large numbers.",,,2026-06-08,,,,,267,2026-06-08,,
curriculum/commodore-64/basic/tally/unit-05.mdx,curriculum,/systems/commodore-64/basic/tally/unit-05/,The Bell in Bars,"A column of figures isn't a picture. Walk the array and POKE each count as a bar of solid blocks straight to the screen — scaled to fit, on black, labelled beneath. The bell you read in numbers becomes a bell you can see.",,,2026-06-08,,,,,314,2026-06-08,,
curriculum/commodore-64/basic/tally/unit-06.mdx,curriculum,/systems/commodore-64/basic/tally/unit-06/,You Set the Rolls,"Hand the run count to the player. One INPUT, one FOR loop driven by it, and the same chart — but now you can roll 10 and see a ragged guess, or 1000 and see a clean bell. Watching randomness become a picture is the whole design lesson. Your finished Tally.",,,2026-06-08,,,,,333,2026-06-08,,
curriculum/commodore-64/getting-started.mdx,curriculum,/systems/commodore-64/getting-started/,Getting Started with C64 Development,Set up your tools for Commodore 64 programming.,,,,,,,,143,2026-09-03,,
curriculum/commodore-amiga/amos/block-drop/index.mdx,curriculum,/systems/commodore-amiga/amos/block-drop/,Block Drop,Falling blocks puzzle with rotation logic and two-player competition.,,,,,,,,114,2026-06-01,,
curriculum/commodore-amiga/amos/bounce-back/index.mdx,curriculum,/systems/commodore-amiga/amos/bounce-back/,Bounce Back,"Breakout clone with ball physics, power-ups, and double-buffered display.",,,,,,,,108,2026-06-01,,
curriculum/commodore-amiga/amos/crate-stack/index.mdx,curriculum,/systems/commodore-amiga/amos/crate-stack/,Crate Stack,Single-screen platformer with gravity physics and Blitter Objects.,,,,,,,,116,2026-06-01,,
curriculum/commodore-amiga/amos/dungeon-doors/index.mdx,curriculum,/systems/commodore-amiga/amos/dungeon-doors/,Dungeon Doors,Flip-screen dungeon exploration with persistent state and save/load.,,,,,,,,114,2026-06-01,,
curriculum/commodore-amiga/amos/getting-started.mdx,curriculum,/systems/commodore-amiga/amos/getting-started/,Getting Started with AMOS,"Set up AMOS Professional on an emulated Amiga, then type and run your first program.",,,,,,,,312,2026-09-03,,
curriculum/commodore-amiga/amos/knight-watch/index.mdx,curriculum,/systems/commodore-amiga/amos/knight-watch/,Knight Watch,Hold the arena under waves of foes — SAM sampled audio and AMOS Music as a system.,,,,,,,,79,2026-06-10,,
curriculum/commodore-amiga/amos/meet-amos/index.mdx,curriculum,/systems/commodore-amiga/amos/meet-amos/,Meet AMOS,"The AMOS on-ramp. AMOS is the Amiga's own game-making language — sprites, sound, and smooth movement built right in. Learn it one idea at a time, from your first PRINT to a shape you can steer, until making a game feels like something you can just do.",,,,,,,,383,2026-09-05,,
curriculum/commodore-amiga/amos/meet-amos/unit-01.mdx,curriculum,/systems/commodore-amiga/amos/meet-amos/unit-01/,Type and Run,"Everything starts here: type a program into the AMOS editor, press one key, and watch it run. Before you can make anything, you need the loop of writing, running, and seeing the result — so let's make the Amiga say hello.",,,2026-06-09,,,,,575,2026-06-09,,
curriculum/commodore-amiga/amos/meet-amos/unit-02.mdx,curriculum,/systems/commodore-amiga/amos/meet-amos/unit-02/,Print and the Screen,"Your first program put one line of text near the top-left and left it at that. Now you take charge of the screen: clear it to a colour of your choosing, and place text exactly where you want it with Locate. Two small commands, and the whole screen becomes yours to arrange.",,,2026-06-09,,,,,656,2026-06-09,,
curriculum/commodore-amiga/amos/meet-amos/unit-03.mdx,curriculum,/systems/commodore-amiga/amos/meet-amos/unit-03/,Variables and Types,"So far every Print has shown text you typed straight into the program. Variables let the program hold a value under a name — a score, a player's name — and change it as it runs. You meet the two kinds AMOS cares about, the number and the string, and the small mark that tells them apart.",,,2026-06-09,,,,,742,2026-06-09,,
curriculum/commodore-amiga/amos/meet-amos/unit-04.mdx,curriculum,/systems/commodore-amiga/amos/meet-amos/unit-04/,"If, Then, Else","A program that does the same thing every time isn't much of a game. Decisions are what make it react: check a value, and do one thing when it's true, another when it isn't. You meet If, Else and End If, and the comparisons that drive them.",,,2026-06-09,,,,,765,2026-06-09,,
curriculum/commodore-amiga/amos/meet-amos/unit-05.mdx,curriculum,/systems/commodore-amiga/amos/meet-amos/unit-05/,Loops,"Computers are tireless at repeating things, and a loop is how you ask. Count from one number to another and run the same lines each time round, with a counter you can use as you go. One small block does the work of five Print lines — or five hundred.",,,2026-06-09,,,,,778,2026-06-09,,
curriculum/commodore-amiga/amos/meet-amos/unit-06.mdx,curriculum,/systems/commodore-amiga/amos/meet-amos/unit-06/,Procedures,"When you find yourself writing the same lines twice, give them a name instead. A procedure bundles a chunk of work under a label you choose, so you can run it whenever you need it by writing the name. It's how programs stay readable as they grow.",,,2026-06-09,,,,,812,2026-06-09,,
curriculum/commodore-amiga/amos/meet-amos/unit-07.mdx,curriculum,/systems/commodore-amiga/amos/meet-amos/unit-07/,Open a Screen,"Until now you've printed onto the screen AMOS handed you. Now you make your own — choosing its size, how many colours it can show, and whether it's low or high resolution. One command, and you've got a display built to your spec to draw on.",,,2026-06-09,,,,,777,2026-06-09,,
curriculum/commodore-amiga/amos/meet-amos/unit-08.mdx,curriculum,/systems/commodore-amiga/amos/meet-amos/unit-08/,Colour and the Palette,"Your screen shows 16 colours — but which 16? You choose them. Mix your own shades from red, green and blue, drop them into numbered slots, and pick which slot the text is drawn in. This is where the screen starts to look like yours.",,,2026-06-09,,,,,848,2026-06-09,,
curriculum/commodore-amiga/amos/meet-amos/unit-09.mdx,curriculum,/systems/commodore-amiga/amos/meet-amos/unit-09/,Drawing and Shapes,"Text is one thing; now you draw. Dots, lines, outlined boxes, filled bars and circles go straight onto the screen at the pixel coordinates you name, in the colours you mixed. This is the raw material every game's graphics are built from.",,,2026-06-09,,,,,822,2026-06-09,,
curriculum/commodore-amiga/amos/meet-amos/unit-10.mdx,curriculum,/systems/commodore-amiga/amos/meet-amos/unit-10/,Your First Bob,"Shapes you draw stay put. A bob is different: a graphic object you place by number, move with a single command, and reposition as often as you like. Make one, drop it on screen, and meet the thing every moving sprite in your game will be built from.",,,2026-06-09,,,,,858,2026-06-09,,
curriculum/commodore-amiga/amos/meet-amos/unit-11.mdx,curriculum,/systems/commodore-amiga/amos/meet-amos/unit-11/,The Frame Loop,"A game is a loop that runs fifty times a second: move things a little, wait for the screen to refresh, repeat. Put your bob inside one and nudge its position each time round, and it stops sitting still and starts to glide. This loop is the heartbeat under every game ever made.",,,2026-06-09,,,,,864,2026-06-09,,
curriculum/commodore-amiga/amos/meet-amos/unit-12.mdx,curriculum,/systems/commodore-amiga/amos/meet-amos/unit-12/,Reading the Player,"A bob that moves on its own is a demo. Read the joystick inside the frame loop and let the player decide which way it goes, and it becomes a game. Four little questions each frame — pushed left? right? up? down? — turn input into motion.",,,2026-06-09,,,,,854,2026-06-09,,
curriculum/commodore-amiga/amos/meet-amos/unit-13.mdx,curriculum,/systems/commodore-amiga/amos/meet-amos/unit-13/,AMAL: Movement That Runs Itself,"You've moved a bob by hand, frame by frame. AMAL lets you describe a movement once and hand it to AMOS to run on its own — in the background, fifty times a second, while your program gets on with everything else. It's the Amiga's secret weapon for smooth motion.",,,2026-06-09,,,,,892,2026-06-09,,
curriculum/commodore-amiga/amos/meet-amos/unit-14.mdx,curriculum,/systems/commodore-amiga/amos/meet-amos/unit-14/,Bumping Into Things,"Catch, hit, pick up, crash — every one of those is two things touching. AMOS can tell you the moment one bob overlaps another with a single test. Drop it into your frame loop and your game gains consequences: the point where moving pictures turn into something you can win or lose.",,,2026-06-09,,,,,800,2026-06-09,,
curriculum/commodore-amiga/amos/meet-amos/unit-15.mdx,curriculum,/systems/commodore-amiga/amos/meet-amos/unit-15/,AMOS Makes a Sound,"A game you can't hear is half a game. AMOS comes with sound effects built in — an explosion, a laser, a bell — each a single word you drop in wherever something happens. Give your hits and pickups a noise, and the screen comes alive.",,,2026-06-09,,,,,745,2026-06-09,,
curriculum/commodore-amiga/amos/meet-amos/unit-16.mdx,curriculum,/systems/commodore-amiga/amos/meet-amos/unit-16/,Keeping Your Work,"Everything you type lives in the Amiga's memory — and memory forgets the moment you switch off. Saving writes your program to disk so it survives, ready to load and carry on tomorrow. It's the least glamorous habit in programming and the one that saves you the most heartache.",,,2026-06-09,,,,,774,2026-06-09,,
curriculum/commodore-amiga/amos/meet-amos/unit-17.mdx,curriculum,/systems/commodore-amiga/amos/meet-amos/unit-17/,The AMOS Way,"Look back at the whole primer in one short program, and at how much AMOS quietly did for you. A bob gliding under a title is a handful of lines here — and a small mountain of work on a bare machine. That gap is the whole point of AMOS, and where you go next.",,,2026-06-09,,,,,1001,2026-09-03,,
curriculum/commodore-amiga/amos/nomad/index.mdx,curriculum,/systems/commodore-amiga/amos/nomad/,Nomad,"The AMOS capstone — an arcade-adventure with progression, mixed AI and a full save.",,,,,,,,67,2026-06-10,,
curriculum/commodore-amiga/amos/scroll-quest/index.mdx,curriculum,/systems/commodore-amiga/amos/scroll-quest/,Scroll Quest,Side-scrolling platformer showing AMOS's capabilities and limitations.,,,,,,,,115,2026-06-01,,
curriculum/commodore-amiga/amos/space-swarm/index.mdx,curriculum,/systems/commodore-amiga/amos/space-swarm/,Space Swarm,Fixed-screen space shooter with enemy formations and wave progression.,,,,,,,,110,2026-06-01,,
curriculum/commodore-amiga/amos/star-catcher/index.mdx,curriculum,/systems/commodore-amiga/amos/star-catcher/,Star Catcher,Catch falling stars using AMOS sprite handling — your introduction to Amiga game development.,,,,,,,,124,2026-06-01,,
curriculum/commodore-amiga/amos/warren/index.mdx,curriculum,/systems/commodore-amiga/amos/warren/,Warren,Pac-Man style maze game with ghost AI personalities and AMOS Banks.,,,,,,,,117,2026-06-10,,
curriculum/commodore-amiga/assembly/ascension-the-guru-meditation/index.mdx,curriculum,/systems/commodore-amiga/assembly/ascension-the-guru-meditation/,Ascension: The Guru Meditation,An epic action-adventure capstone combining all Amiga techniques into a commercial-quality game.,,,,,,,,158,2026-06-01,,
curriculum/commodore-amiga/assembly/ascent/index.mdx,curriculum,/systems/commodore-amiga/assembly/ascent/,Ascent,"A single-screen platformer teaching gravity, jump physics, and BOB animation.",,,,,,,,131,2026-06-30,,
curriculum/commodore-amiga/assembly/brawler/index.mdx,curriculum,/systems/commodore-amiga/assembly/brawler/,Brawler,A side-scrolling beat 'em up with Y-depth sorting and two-player cooperative action.,,,,,,,,136,2026-06-01,,
curriculum/commodore-amiga/assembly/copper-dma/index.mdx,curriculum,/systems/commodore-amiga/assembly/copper-dma/,How the Copper Works,"A between-games interval, built as a demo — drive the Copper DMA by hand and watch it paint the screen one scanline at a time.",,,,,,,,106,2026-06-10,,
curriculum/commodore-amiga/assembly/crypt/index.mdx,curriculum,/systems/commodore-amiga/assembly/crypt/,Crypt,A flip-screen top-down dungeon explorer with room transitions and inventory.,,,,,,,,136,2026-06-30,,
curriculum/commodore-amiga/assembly/echoes-of-the-ancients/index.mdx,curriculum,/systems/commodore-amiga/assembly/echoes-of-the-ancients/,Echoes of the Ancients,"A Metroidvania with connected world exploration, ability-gating, and multi-disk support.",,,,,,,,138,2026-06-01,,
curriculum/commodore-amiga/assembly/flock/index.mdx,curriculum,/systems/commodore-amiga/assembly/flock/,Flock,"Get the daft flock home. A sheep-crossing arcade game built on hardware sprites — steer one sheep at a time across the lane and the stream, fill the fold, and mind the duck.",,,,,,,,341,2026-09-03,,
curriculum/commodore-amiga/assembly/flock/unit-01.mdx,curriculum,/systems/commodore-amiga/assembly/flock/unit-01/,The Farmyard,"Compose the playfield: the Copper paints the farmyard's bands from above, and one bitplane plays fence, footbridge and lane markings — recoloured per band.",,,2026-06-11,,,,,1072,2026-08-09,,
curriculum/commodore-amiga/assembly/flock/unit-02.mdx,curriculum,/systems/commodore-amiga/assembly/flock/unit-02/,The Sheep,"The first hardware sprite: a white sheep standing in the field. Denise overlays her on the farmyard for free — sprite data is a list of words, her position is two more.",,,2026-06-11,,,,,974,2026-06-11,,
curriculum/commodore-amiga/assembly/flock/unit-03.mdx,curriculum,/systems/commodore-amiga/assembly/flock/unit-03/,Steering,"The joystick arrives. Read the stick when a hop is available, move the sheep in 8-pixel steps, rewrite the sprite's POS/CTL — position is data, and now the player owns it.",,,2026-06-11,,,,,1204,2026-06-12,yes,
curriculum/commodore-amiga/assembly/flock/unit-04.mdx,curriculum,/systems/commodore-amiga/assembly/flock/unit-04/,The Amble,Two pictures of the same sheep and a pointer that alternates between them on every hop. Animation is choosing which data the sprite channel fetches — nothing more.,,,2026-06-11,,,,,925,2026-08-09,,
curriculum/commodore-amiga/assembly/flock/unit-05.mdx,curriculum,/systems/commodore-amiga/assembly/flock/unit-05/,The Tractor,"The first sprite nobody steers. A red tractor crosses the lane on a fixed, learnable loop — deterministic traffic is the skill this whole game is built on.",,,2026-06-11,,,,,1055,2026-06-11,,
curriculum/commodore-amiga/assembly/flock/unit-06.mdx,curriculum,/systems/commodore-amiga/assembly/flock/unit-06/,Squashed,"CLXDAT arrives — the hardware that watches every sprite and reports what touched what. Sheep meets tractor, the bit goes up, and Flock becomes a game.",,,2026-06-11,,,,,1095,2026-06-11,,
curriculum/commodore-amiga/assembly/flock/unit-07.mdx,curriculum,/systems/commodore-amiga/assembly/flock/unit-07/,The Flock in Hand,"The flock is finite: five sheep, shown as icons on a HUD strip at the foot of the screen. Each loss takes one. When the strip empties, the field empties too.",,,2026-06-11,,,,,992,2026-06-11,,
curriculum/commodore-amiga/assembly/flock/unit-08.mdx,curriculum,/systems/commodore-amiga/assembly/flock/unit-08/,Busy Lanes,"The cart and the Land Rover join the tractor — three speeds, two directions, one data-driven mover, and a collision mask that watches every lane at once.",,,2026-06-11,,,,,1010,2026-06-11,,
curriculum/commodore-amiga/assembly/flock/unit-09.mdx,curriculum,/systems/commodore-amiga/assembly/flock/unit-09/,The Fold,"Somewhere to arrive: reach an empty pen and she's safe for good — a white resident in the fold, drawn on the scene's new second bitplane. Fill all five and the level is won.",,,2026-06-11,,,,,997,2026-06-11,,
curriculum/commodore-amiga/assembly/flock/unit-10.mdx,curriculum,/systems/commodore-amiga/assembly/flock/unit-10/,Keeping Score,"The HUD strip's second job: +5 for surviving the road, +25 for a sheep safely home — one binary word, peeled into decimal digits with DIVU and stamped in a glyph font.",,,2026-06-11,,,,,814,2026-06-11,,
curriculum/commodore-amiga/assembly/flock/unit-11.mdx,curriculum,/systems/commodore-amiga/assembly/flock/unit-11/,A Soft Baa,"Paula speaks: one looping square wave, and three farmyard sounds made of nothing but pitch, volume and time — a baa on the hop, a squelch for a loss, a rising bleat at the pen.",,,2026-06-11,,,,,2508,2026-06-11,yes,
curriculum/commodore-amiga/assembly/flock/unit-12.mdx,curriculum,/systems/commodore-amiga/assembly/flock/unit-12/,The Stream,"The rule flips: in the water, the only safe place is aboard a drifting hay bale — one collision latch carrying two laws, a forgiving landing, and a phantom vertical blank that nearly sank the ride.",,,2026-06-11,,,,,1225,2026-06-11,,
curriculum/commodore-amiga/assembly/flock/unit-13.mdx,curriculum,/systems/commodore-amiga/assembly/flock/unit-13/,The Duck,"A second ferry paddles the other way — and dips under to feed on a cycle you can learn. The platform becomes the hazard, and the vanishing trick costs no new death code at all: no pixels, no evidence.",,,2026-06-12,,,,,1089,2026-06-12,,
curriculum/commodore-amiga/assembly/flock/unit-14.mdx,curriculum,/systems/commodore-amiga/assembly/flock/unit-14/,The Cow,"The farmyard's biggest resident takes the verge — half a pixel a frame of patient, unstoppable bulk. The mover learns fixed-point fractions, the last sprite pair fills up, and one forgotten invitation tells on itself.",,,2026-06-12,,,,,797,2026-06-12,,
curriculum/commodore-amiga/assembly/flock/unit-15.mdx,curriculum,/systems/commodore-amiga/assembly/flock/unit-15/,The Black Sheep,"An occasional black sheep brings a bonus and a quicker stride. A stored seed, player timing and palette changes give the next sheep a different role.",,,2026-06-12,,,,,1376,2026-06-12,yes,
curriculum/commodore-amiga/assembly/flock/unit-16.mdx,curriculum,/systems/commodore-amiga/assembly/flock/unit-16/,The Nervous Sheep,"Time pressure without a clock on the screen: stand still too long mid-crossing and she trembles, frets aloud, and finally bolts — three involuntary hops with the stick ignored. Pressure that only ever lands on the shepherd who stops.",,,2026-06-12,,,,,1069,2026-06-12,,
curriculum/commodore-amiga/assembly/flock/unit-17.mdx,curriculum,/systems/commodore-amiga/assembly/flock/unit-17/,The Title,"FLOCK over the farmyard, Baa Baa Black Sheep on Paula, press fire to begin — and underneath it the state machine every finished game runs on: title, play, won, lost, and back round for one more go.",,,2026-06-12,,,,,1122,2026-06-12,,
curriculum/commodore-amiga/assembly/flock/unit-18.mdx,curriculum,/systems/commodore-amiga/assembly/flock/unit-18/,The Whole Flock Home,"The finale: a level table that quickens the lanes, hurries the duck and frays her nerves; a shepherd's bonus for a clean flock; and a feel pass on the hop itself. Eighteen units, one finished game.",,,2026-06-12,,,,,1713,2026-08-09,,
curriculum/commodore-amiga/assembly/fortress/index.mdx,curriculum,/systems/commodore-amiga/assembly/fortress/,Fortress,An isometric action-adventure with 3D projection and block puzzle mechanics.,,,,,,,,122,2026-06-01,,
curriculum/commodore-amiga/assembly/gobble/index.mdx,curriculum,/systems/commodore-amiga/assembly/gobble/,Gobble,A Pac-Man style maze game with ghost AI personalities and power-up mechanics.,,,,,,,,137,2026-06-30,,
curriculum/commodore-amiga/assembly/highway/index.mdx,curriculum,/systems/commodore-amiga/assembly/highway/,Highway,A pseudo-3D racing game with Copper road effects and split-screen multiplayer.,,,,,,,,127,2026-06-01,,
curriculum/commodore-amiga/assembly/meet-the-machine/index.mdx,curriculum,/systems/commodore-amiga/assembly/meet-the-machine/,Meet the Machine,"The assembly on-ramp. Before you build a game, meet the 68000 and the Amiga's custom chips one idea at a time — MOVE, registers, the bitmap screen, the Copper, the Blitter — until the machine stops feeling like magic.",,,,,,,,348,2026-09-05,,
curriculum/commodore-amiga/assembly/meet-the-machine/unit-01.mdx,curriculum,/systems/commodore-amiga/assembly/meet-the-machine/unit-01/,Assemble and Run,"Write a little 68000 assembly, build it into a bootable floppy, run it on the Amiga, and watch the screen fill with red. Meet the build loop you'll use all course — and the harness a 16-bit machine needs before it shows a single colour.",,,2026-06-08,,,,,1097,2026-09-05,,
curriculum/commodore-amiga/assembly/meet-the-machine/unit-02.mdx,curriculum,/systems/commodore-amiga/assembly/meet-the-machine/unit-02/,MOVE Is the Verb,"Meet the 68000's workhorse. Where 8-bit machines had separate load and store, the 68000 has one instruction — MOVE — that carries a value from almost anywhere to almost anywhere. Use it to drive the colour from the CPU.",,,2026-06-08,,,,,670,2026-06-08,,
curriculum/commodore-amiga/assembly/meet-the-machine/unit-03.mdx,curriculum,/systems/commodore-amiga/assembly/meet-the-machine/unit-03/,"Bytes, Words and Longs","The idea that makes the 68000 a 16/32-bit machine: a value can be a byte, a word, or a long — 8, 16 or 32 bits — and you choose the size on every move. Carry a colour out of a 32-bit long.",,,2026-06-08,,,,,536,2026-06-08,,
curriculum/commodore-amiga/assembly/meet-the-machine/unit-04.mdx,curriculum,/systems/commodore-amiga/assembly/meet-the-machine/unit-04/,A Register for Every Job,"Meet the 68000's register file: eight data registers for values and maths, eight address registers for pointers — sixteen in all, far more elbow room than an 8-bit chip's two or three.",,,2026-06-08,,,,,546,2026-06-08,,
curriculum/commodore-amiga/assembly/meet-the-machine/unit-05.mdx,curriculum,/systems/commodore-amiga/assembly/meet-the-machine/unit-05/,A Vast Street of Memory,"Meet the 68000's enormous address space — millions of numbered boxes, each holding a byte. Store a colour out in memory and read it back, the same round-trip you ran through registers, now through RAM.",,,2026-06-08,,,,,592,2026-06-08,,
curriculum/commodore-amiga/assembly/meet-the-machine/unit-06.mdx,curriculum,/systems/commodore-amiga/assembly/meet-the-machine/unit-06/,The Screen Is a Bitmap,"The picture is a map of bits in memory. Each bit is one pixel — 1 lights it, 0 leaves it dark. Point the display at a stretch of Chip RAM, set some bits, and watch them become a block on the glass.",,,2026-06-08,,,,,695,2026-06-08,,
curriculum/commodore-amiga/assembly/meet-the-machine/unit-07.mdx,curriculum,/systems/commodore-amiga/assembly/meet-the-machine/unit-07/,Colour and the Copper,"Open the box we've leaned on since Unit 1. The Copper is a tiny co-processor that runs in step with the video beam, changing the hardware mid-screen — and with two instructions it paints a band of colours the CPU never touches.",,,2026-06-08,,,,,746,2026-08-09,,
curriculum/commodore-amiga/assembly/meet-the-machine/unit-08.mdx,curriculum,/systems/commodore-amiga/assembly/meet-the-machine/unit-08/,"Test, Then Branch","A program that can't make a decision can't do much. The 68000 has no IF — instead you compare two values, which sets the flags, then branch on a flag. That pair, CMP and Bcc, is every IF you'll ever write.",,,2026-06-08,,,,,613,2026-06-08,,
curriculum/commodore-amiga/assembly/meet-the-machine/unit-09.mdx,curriculum,/systems/commodore-amiga/assembly/meet-the-machine/unit-09/,The Vertical Blank,"Poll the Amiga’s beam position to pace a small colour update, distinguish a frame from vertical blanking, and discover why a late loop can miss its turn.",,,2026-06-08,,,,,994,2026-06-08,yes,
curriculum/commodore-amiga/assembly/meet-the-machine/unit-10.mdx,curriculum,/systems/commodore-amiga/assembly/meet-the-machine/unit-10/,Reading the Player,"Input is just memory you read instead of write. The left mouse button lives in one bit of a chip register — and it reads backwards, 0 for held and 1 for up. Test that bit every frame and the screen answers to a human hand.",,,2026-06-08,,,,,681,2026-06-08,,
curriculum/commodore-amiga/assembly/meet-the-machine/unit-11.mdx,curriculum,/systems/commodore-amiga/assembly/meet-the-machine/unit-11/,Pointers and the Address Registers,"An address register holds an address, not a number — and with brackets, (a0) means ""the box a0 points at"". Add the + and reading also steps the pointer on. Walk a pointer along a table and you can process a list of anything.",,,2026-06-08,,,,,661,2026-06-08,,
curriculum/commodore-amiga/assembly/meet-the-machine/unit-12.mdx,curriculum,/systems/commodore-amiga/assembly/meet-the-machine/unit-12/,The Counted Loop,Doing a thing a hundred times shouldn't mean writing it a hundred times. DBRA is the 68000's count-and-loop instruction: it decrements a register and branches back until it runs past zero. One short loop replaces a wall of repeated lines.,,,2026-06-08,,,,,680,2026-06-08,,
curriculum/commodore-amiga/assembly/meet-the-machine/unit-13.mdx,curriculum,/systems/commodore-amiga/assembly/meet-the-machine/unit-13/,"Call, Return, and the Stack",A subroutine is a job you write once and call from anywhere. BSR jumps to it and quietly remembers the way back on the stack; RTS reads that note and returns. Together they let code call code — the foundation every program is built on.,,,2026-06-08,,,,,727,2026-06-08,,
curriculum/commodore-amiga/assembly/meet-the-machine/unit-14.mdx,curriculum,/systems/commodore-amiga/assembly/meet-the-machine/unit-14/,Adding and Taking Away,"Arithmetic is two instructions: ADD and SUB. They work on a size you choose, and they leave the flags set for a branch to read. Master the size suffix and the carry between sizes and you've got the maths every program runs on.",,,2026-06-08,,,,,667,2026-06-08,,
curriculum/commodore-amiga/assembly/meet-the-machine/unit-15.mdx,curriculum,/systems/commodore-amiga/assembly/meet-the-machine/unit-15/,Working With Bits,"Sometimes a value isn't a number — it's a row of independent switches. AND, OR and EOR work on those switches: OR turns bits on, AND clears the ones outside a mask, EOR flips them. This is how you pack flags and read hardware registers.",,,2026-06-08,,,,,702,2026-06-08,,
curriculum/commodore-amiga/assembly/meet-the-machine/unit-16.mdx,curriculum,/systems/commodore-amiga/assembly/meet-the-machine/unit-16/,The Blitter Moves It,"Everything so far has been the 68000 alone. The Blitter is a chip built for one job — shifting blocks of graphics through memory far faster than the CPU can. You point it at a source, a destination, and a size, and it moves the block while the CPU does something else.",,,2026-06-09,,,,,657,2026-06-09,,
curriculum/commodore-amiga/assembly/meet-the-machine/unit-17.mdx,curriculum,/systems/commodore-amiga/assembly/meet-the-machine/unit-17/,A Sprite of Your Own,"A sprite is a small picture the hardware draws over the background, on its own, wherever you point it. No bitplane, no blitting — you hand the chips a shape and a position and they put it on the glass and keep it there. This is how you make a player.",,,2026-06-09,,,,,709,2026-06-09,,
curriculum/commodore-amiga/assembly/meet-the-machine/unit-18.mdx,curriculum,/systems/commodore-amiga/assembly/meet-the-machine/unit-18/,Paula Makes a Sound,"The last custom chip is the one you hear. Paula plays sound by reading a sample — a list of numbers describing a waveform — straight out of memory. Hand her the sample, set how loud and how fast, switch on her DMA, and she plays it on her own, forever.",,,2026-06-09,,,,,673,2026-06-09,,
curriculum/commodore-amiga/assembly/meet-the-machine/unit-19.mdx,curriculum,/systems/commodore-amiga/assembly/meet-the-machine/unit-19/,The Machine Trusts You,"The last unit, and the most important. There's no error message, no bounds check, no guard rail — the 68000 does exactly what you wrote, even when you're wrong. Learn to debug by observing, not by reading errors.",,,2026-06-09,,,,,782,2026-08-09,,
curriculum/commodore-amiga/assembly/onslaught/index.mdx,curriculum,/systems/commodore-amiga/assembly/onslaught/,Onslaught,A vertical scrolling shooter with bullet patterns and a full MOD soundtrack.,,,,,,,,124,2026-06-01,,
curriculum/commodore-amiga/assembly/parallax/index.mdx,curriculum,/systems/commodore-amiga/assembly/parallax/,Parallax,A horizontal parallax shooter — the quintessential Amiga showcase with dual playfield scrolling.,,,,,,,,131,2026-06-01,,
curriculum/commodore-amiga/assembly/shatter-point/index.mdx,curriculum,/systems/commodore-amiga/assembly/shatter-point/,Shatter Point,"A Breakout clone teaching ball physics, Copper gradients, and Paula sample playback.",,,,,,,,215,2026-06-30,,
curriculum/commodore-amiga/assembly/wanderer/index.mdx,curriculum,/systems/commodore-amiga/assembly/wanderer/,Wanderer,A scrolling platformer with large world exploration and parallax backgrounds.,,,,,,,,114,2026-06-01,,
curriculum/commodore-amiga/blitz/ballistic/index.mdx,curriculum,/systems/commodore-amiga/blitz/ballistic/,Ballistic,"Turn-based artillery over destructible terrain — the Scorched Earth tradition, with the Blitter as the mechanic.",,,,,,,,73,2026-06-10,,
curriculum/commodore-amiga/blitz/getting-started.mdx,curriculum,/systems/commodore-amiga/blitz/getting-started/,Getting Started with Blitz BASIC,"Set up Blitz BASIC on an emulated Amiga, then type, compile, and run your first program.",,,,,,,,327,2026-09-03,,
curriculum/commodore-amiga/blitz/meet-blitz/index.mdx,curriculum,/systems/commodore-amiga/blitz/meet-blitz/,Meet Blitz,"The compiled-BASIC on-ramp. Blitz BASIC 2 is the language the Amiga scene shipped real games in — Worms and Skidmarks among them. It looks like BASIC and runs like C. Learn it one idea at a time, from your first compile to graphics that fly.",,,,,,,,377,2026-09-05,,
curriculum/commodore-amiga/blitz/meet-blitz/unit-01.mdx,curriculum,/systems/commodore-amiga/blitz/meet-blitz/unit-01/,"Type, Compile, Run","Everything in Blitz starts with one loop: type a program, compile it, run it. That compile step is the whole point — Blitz turns your BASIC into a native Amiga program that runs at full speed. Let's go round the loop once and make the machine say hello.",,,2026-06-09,,,,,713,2026-06-09,,
curriculum/commodore-amiga/blitz/meet-blitz/unit-02.mdx,curriculum,/systems/commodore-amiga/blitz/meet-blitz/unit-02/,Amiga Mode and Blitz Mode,"Blitz can run your program two ways. Amiga mode plays nicely with the operating system — windows, the mouse pointer, multitasking. Blitz mode switches all that off and hands your program the whole machine, for graphics that run flat out. Knowing which mode you're in is the key to everything fast.",,,2026-06-09,,,,,996,2026-06-09,,
curriculum/commodore-amiga/blitz/meet-blitz/unit-03.mdx,curriculum,/systems/commodore-amiga/blitz/meet-blitz/unit-03/,Variables and Blitz's Types,"Most BASICs hide how a number is stored. Blitz doesn't — it lets you choose, because it's working close to the machine. A byte, a word, a long: each holds a different range, and picking the right one is part of writing fast, lean code. Here's the idea, and the surprise when a number doesn't fit.",,,2026-06-09,,,,,810,2026-06-09,,
curriculum/commodore-amiga/blitz/meet-blitz/unit-04.mdx,curriculum,/systems/commodore-amiga/blitz/meet-blitz/unit-04/,"Decisions, Loops, and the Frame","The control flow every game runs on: repeat work with a loop, branch on a decision with If, and meet VWait — the command that paces a Blitz program to the screen's 50-times-a-second beat. The skeleton of every game loop, in compiled Blitz.",,,2026-06-09,,,,,793,2026-06-09,,
curriculum/commodore-amiga/blitz/meet-blitz/unit-05.mdx,curriculum,/systems/commodore-amiga/blitz/meet-blitz/unit-05/,Many Things at Once,"Here's why the scene reached for Blitz. Put eighty objects in the frame loop, move every one of them each frame, and compiled Blitz draws the lot smoothly at full speed — the thing an interpreted BASIC can't keep up with. This is the headline trick of the whole language.",,,2026-06-09,,,,,779,2026-06-09,,
curriculum/commodore-amiga/blitz/meet-blitz/unit-06.mdx,curriculum,/systems/commodore-amiga/blitz/meet-blitz/unit-06/,Slices and the Display,"A slice is Blitz's description of a region of the screen — how tall, how many colours, what resolution. The power is that you can have more than one, carving the display into independent bands. It's something the Amiga's normal screens make hard, and it's pure Blitz mode.",,,2026-06-09,,,,,824,2026-06-09,,
curriculum/commodore-amiga/blitz/meet-blitz/unit-07.mdx,curriculum,/systems/commodore-amiga/blitz/meet-blitz/unit-07/,Shapes,"Boxes and circles are fine, but a game is made of pictures — and you don't want to redraw them line by line every time. A shape is a picture grabbed into memory once, ready to stamp down anywhere, as many times as you like. It's the building block every sprite and tile is made from.",,,2026-06-09,,,,,745,2026-06-09,,
curriculum/commodore-amiga/blitz/meet-blitz/unit-08.mdx,curriculum,/systems/commodore-amiga/blitz/meet-blitz/unit-08/,Blitting,"Stamping a shape is one thing; moving it is another. To animate a shape you redraw it each frame in a new place — and erase where it was, or it smears. Meet the Blit family, the no-trail trick, and why a shape must stay on its bitmap.",,,2026-06-09,,,,,880,2026-06-09,,
curriculum/commodore-amiga/blitz/meet-blitz/unit-09.mdx,curriculum,/systems/commodore-amiga/blitz/meet-blitz/unit-09/,Reading the Joystick,"A moving picture becomes a game the moment the player is steering it. Blitz reads the joystick with two plain functions that hand you a direction as a number — push right, get +1; push left, get -1; let go, get 0. Wire those numbers to a shape's position and the player is in control.",,,2026-06-09,,,,,911,2026-06-09,,
curriculum/commodore-amiga/blitz/meet-blitz/unit-10.mdx,curriculum,/systems/commodore-amiga/blitz/meet-blitz/unit-10/,Animating a Shape,"A single shape that slides around is a token. Swap between several shapes as it moves and it comes alive — a walking figure, a spinning coin, a pulsing power-up. Animation is just showing a different frame every so often, and you already have every piece you need.",,,2026-06-09,,,,,737,2026-06-09,,
curriculum/commodore-amiga/blitz/meet-blitz/unit-11.mdx,curriculum,/systems/commodore-amiga/blitz/meet-blitz/unit-11/,Bumping Into Things,"Objects that pass through each other aren't a game yet — a game needs consequence. Blitz answers the question 'are these two shapes touching?' with a single function, ShapesHit, that returns true the instant they overlap. That one test is the seed of every hit, catch, pickup and crash there is.",,,2026-06-09,,,,,1004,2026-06-09,,
curriculum/commodore-amiga/blitz/meet-blitz/unit-12.mdx,curriculum,/systems/commodore-amiga/blitz/meet-blitz/unit-12/,Smooth Scrolling,"Every great Amiga game scrolls — a world wider than the screen, sliding past pixel by pixel. The trick isn't redrawing fast; it's drawing a bitmap bigger than the display and letting the hardware slide a window across it. Blitz hands you that window directly.",,,2026-06-09,,,,,904,2026-06-09,,
curriculum/commodore-amiga/blitz/meet-blitz/unit-13.mdx,curriculum,/systems/commodore-amiga/blitz/meet-blitz/unit-13/,Reaching the Hardware,"AMOS keeps the machine at arm's length. Blitz hands you the chips. The Amiga's colours don't live in your picture — they live in registers, and you can rewrite them directly, every frame. Change the registers and the picture changes colour without a single pixel being redrawn. That's colour cycling, and it's your first real touch of the metal.",,,2026-06-09,,,,,877,2026-06-09,,
curriculum/commodore-amiga/blitz/meet-blitz/unit-14.mdx,curriculum,/systems/commodore-amiga/blitz/meet-blitz/unit-14/,Hardware Sprites,"Every moving thing so far has been the blitter copying pixels into your picture — clear, redraw, repeat. The Amiga has another way: eight hardware sprites the chips overlay and move for you, floating above the bitmap without ever touching it. No Cls, no Blit. This is the chip feature AMOS hides most completely.",,,2026-06-09,,,,,1014,2026-06-09,,
curriculum/commodore-amiga/blitz/meet-blitz/unit-15.mdx,curriculum,/systems/commodore-amiga/blitz/meet-blitz/unit-15/,The Blitz Way,"Look back at the whole primer in one program — two dozen objects, all moving at once, every part of it built by your own hand. Where AMOS did the work for you, Blitz handed you the parts and the speed to use them. That's the Blitz way — one of two roads into Amiga game-making, and the one that shipped one of the biggest games the Amiga ever saw.",,,2026-06-09,,,,,992,2026-06-09,,
curriculum/commodore-amiga/blitz/skyfire/index.mdx,curriculum,/systems/commodore-amiga/blitz/skyfire/,Skyfire,A parallax shoot-'em-up at full speed — dual-playfield layers feeding off compiled Blitz.,,,,,,,,72,2026-06-10,,
curriculum/commodore-amiga/blitz/slipstream/index.mdx,curriculum,/systems/commodore-amiga/blitz/slipstream/,Slipstream,The Blitz capstone — a multi-layer racer/action game that ties every Blitz power together.,,,,,,,,64,2026-06-10,,
curriculum/commodore-amiga/blitz/star-drift/index.mdx,curriculum,/systems/commodore-amiga/blitz/star-drift/,Star Drift,A horizontal shooter reaching past the picture — hardware sprites over a Copper-split background.,,,,,,,,69,2026-06-10,,
curriculum/commodore-amiga/getting-started.mdx,curriculum,/systems/commodore-amiga/getting-started/,Getting Started with Amiga Development,Set up your tools for Amiga 68000 assembly programming.,,,,,,,,160,2026-09-03,,
curriculum/craft/game-feel/UNIT-BREAKDOWN.md,curriculum,/craft/game-feel/UNIT-BREAKDOWN/,,,,,,,,,,418,2026-09-21,,no-frontmatter
curriculum/craft/game-feel/index.mdx,curriculum,/craft/game-feel/,Game Feel,"Explore how controls, movement, feedback and recovery shape the experience of playing.",,,,,,,,72,2026-09-21,,
curriculum/craft/game-feel/unit-01.mdx,curriculum,/craft/game-feel/unit-01/,Respond to input,,,,,,,,,390,2026-09-21,yes,
curriculum/craft/game-feel/unit-02.mdx,curriculum,/craft/game-feel/unit-02/,Build up speed,,,,,,,,,322,2026-09-21,,
curriculum/craft/game-feel/unit-03.mdx,curriculum,/craft/game-feel/unit-03/,Let go and slow down,,,,,,,,,331,2026-09-21,,
curriculum/craft/game-feel/unit-04.mdx,curriculum,/craft/game-feel/unit-04/,Reverse direction,,,,,,,,,407,2026-09-21,,
curriculum/craft/maths-for-games/UNIT-BREAKDOWN.md,curriculum,/craft/maths-for-games/UNIT-BREAKDOWN/,,,,,,,,,,227,2026-09-21,,no-frontmatter
curriculum/craft/maths-for-games/index.mdx,curriculum,/craft/maths-for-games/,Maths for Games,"Explore the maths behind chance, direction and movement through experiments you can change.",,,,,,,,22,2026-09-21,,
curriculum/craft/maths-for-games/unit-01.mdx,curriculum,/craft/maths-for-games/unit-01/,Roll a die,Generate twelve numbered rolls of a six-sided die.,,,,,,,,521,2026-09-21,,
curriculum/craft/maths-for-games/unit-02.mdx,curriculum,/craft/maths-for-games/unit-02/,Keep the tallies,Keep six array entries that account for every roll.,,,,,,,,542,2026-09-21,,
curriculum/craft/maths-for-games/unit-03.mdx,curriculum,/craft/maths-for-games/unit-03/,Compare shares,Read proportions without losing the exact counts.,,,,,,,,416,2026-09-21,,
curriculum/craft/maths-for-games/unit-04.mdx,curriculum,/craft/maths-for-games/unit-04/,Watch the distribution,Watch a fixed-scale chart change as rolls arrive.,,,,,,,,622,2026-09-21,,
curriculum/craft/maths-for-games/unit-05.mdx,curriculum,/craft/maths-for-games/unit-05/,Compare experiments,"Repeat, extend and compare samples, then save the complete experiment.",,,,,,,,650,2026-09-21,,
curriculum/craft/maths-for-games/unit-06.mdx,curriculum,/craft/maths-for-games/unit-06/,Place a point,,,,,,,,,197,2026-09-21,,
curriculum/craft/maths-for-games/unit-07.mdx,curriculum,/craft/maths-for-games/unit-07/,Measure the triangle,,,,,,,,,189,2026-09-21,,
curriculum/craft/maths-for-games/unit-08.mdx,curriculum,/craft/maths-for-games/unit-08/,Turn an angle into movement,,,,,,,,,255,2026-09-21,,
curriculum/craft/maths-for-games/unit-09.mdx,curriculum,/craft/maths-for-games/unit-09/,Measure angles in radians,,,,,,,,,200,2026-09-21,,
curriculum/craft/maths-for-games/unit-10.mdx,curriculum,/craft/maths-for-games/unit-10/,Find the angle to a target,,,,,,,,,243,2026-09-21,,
curriculum/craft/maths-for-games/unit-11.mdx,curriculum,/craft/maths-for-games/unit-11/,Keep fractional movement in integers,,,,,,,,,277,2026-09-21,,
curriculum/foundations/basics/index.mdx,curriculum,/foundations/basics/,The Basics,"What a program is, before any machine or language: instructions in order, a way to show things, a place to remember, and a way to ask.",,,,,,,,242,2026-09-05,,
curriculum/foundations/basics/unit-01.mdx,curriculum,/foundations/basics/unit-01/,A Program Is Instructions,"A program is a list of instructions. The computer does each one in turn, exactly as you wrote it.",,,2026-06-05,,,,,476,2026-09-05,,
curriculum/foundations/basics/unit-02.mdx,curriculum,/foundations/basics/unit-02/,One Thing After Another,Give the computer several instructions and it does them in order. That order matters as much as the instructions do.,,,2026-06-05,,,,,344,2026-09-05,,
curriculum/foundations/basics/unit-03.mdx,curriculum,/foundations/basics/unit-03/,Showing Your Work,"Output is not only fixed words. A program can show a value it worked out, and join text and values together.",,,2026-06-05,,,,,347,2026-09-05,,
curriculum/foundations/basics/unit-04.mdx,curriculum,/foundations/basics/unit-04/,A Place to Remember,"A variable is a named box that holds a value, so a program can keep it, use it, and change it.",,,2026-06-05,,,,,469,2026-09-05,,
curriculum/foundations/basics/unit-05.mdx,curriculum,/foundations/basics/unit-05/,Asking the Player,"The program asks whoever is using it, and does something different depending on the answer.",,,2026-06-05,,,,,317,2026-09-05,,
curriculum/foundations/counting-in-twos/index.mdx,curriculum,/foundations/counting-in-twos/,Counting in Twos,"How a machine counts: binary, hex, two bytes together, and a minus sign made of nothing but switches.",,,,,,,,220,2026-09-05,,
curriculum/foundations/counting-in-twos/unit-01.mdx,curriculum,/foundations/counting-in-twos/unit-01/,"Ten Fingers, Two Wires","Why we count in tens and the machine counts in twos, and how a row of switches spells an ordinary number.",,,2026-06-30,,,,,546,2026-09-05,,
curriculum/foundations/counting-in-twos/unit-02.mdx,curriculum,/foundations/counting-in-twos/unit-02/,Four Bits at a Time,"Hex gives each half of a byte a single symbol, so the writing still shows you the switches.",,,2026-06-30,,,,,673,2026-09-05,,
curriculum/foundations/counting-in-twos/unit-03.mdx,curriculum,/foundations/counting-in-twos/unit-03/,Two Bytes Together,"A byte stops at 255. Put two side by side and you can count to 65535, which is why that number is all over these machines.",,,2026-06-30,,,,,678,2026-09-05,,
curriculum/foundations/counting-in-twos/unit-04.mdx,curriculum,/foundations/counting-in-twos/unit-04/,A Minus With No Minus Sign,"How a row of switches stands for a negative number, and why that turns subtraction into ordinary addition.",,,2026-06-30,,,,,597,2026-09-05,,
curriculum/foundations/decisions/index.mdx,curriculum,/foundations/decisions/,Decisions,"A program that reacts: test a value, choose between paths, keep a yes or no in a box, and join questions together.",,,,,,,,195,2026-09-05,,
curriculum/foundations/decisions/unit-01.mdx,curriculum,/foundations/decisions/unit-01/,Making a Choice,"A program that decides: test a value, and do something only if the test passes.",,,2026-06-05,,,,,448,2026-09-05,,
curriculum/foundations/decisions/unit-02.mdx,curriculum,/foundations/decisions/unit-02/,One or the Other,"Two paths from one question: do this, or else do that. And a chain of questions when there are more than two answers.",,,2026-06-05,,,,,419,2026-09-05,,
curriculum/foundations/decisions/unit-03.mdx,curriculum,/foundations/decisions/unit-03/,A Yes You Can Keep,"The answer to a question is a value. Put it in a box and the program can remember it, carry it about, and act on it later.",,,2026-06-05,,,,,456,2026-09-05,,
curriculum/foundations/decisions/unit-04.mdx,curriculum,/foundations/decisions/unit-04/,Asking Two Things at Once,"Join questions together with AND, OR and NOT, so one test can ask about more than one thing.",,,2026-06-05,,,,,470,2026-09-05,,
curriculum/foundations/from-source-to-silicon/index.mdx,curriculum,/foundations/from-source-to-silicon/,From Source to Silicon,"How source becomes instructions, what translation costs, and how to investigate performance.",,,,,,,,358,2026-09-05,yes,
curriculum/foundations/from-source-to-silicon/unit-01.mdx,curriculum,/foundations/from-source-to-silicon/unit-01/,The Program Is Not What Runs,"You write words. The processor only ever sees numbers. Something has to stand between them, and the interesting question is when it does its work.",,,2026-09-05,,,,,582,2026-09-05,,
curriculum/foundations/from-source-to-silicon/unit-02.mdx,curriculum,/foundations/from-source-to-silicon/unit-02/,Translating As You Go,"Read a line, work out what it means, do it. Then do all of that again the next time the same line comes round.",,,2026-09-05,,,,,658,2026-09-05,yes,
curriculum/foundations/from-source-to-silicon/unit-03.mdx,curriculum,/foundations/from-source-to-silicon/unit-03/,Translating Once,"Turn the whole program into numbers before it runs, then get out of the way. The thinnest translator that does this fits in eight lines, and you are about to write it.",,,2026-09-05,,,,,599,2026-09-05,yes,
curriculum/foundations/from-source-to-silicon/unit-04.mdx,curriculum,/foundations/from-source-to-silicon/unit-04/,What Speed Costs You,"Assembly gives us more control over instructions, but also more responsibility. We compare diagnostics, detail and portability.",,,2026-09-05,,,,,675,2026-09-05,yes,
curriculum/foundations/from-source-to-silicon/unit-05.mdx,curriculum,/foundations/from-source-to-silicon/unit-05/,Put It on the Clock,"Choose a question, measure comparable work, and check that a faster result still does the right job.",,,2026-09-05,,,,,902,2026-09-05,yes,
curriculum/foundations/gates-and-the-adder/index.mdx,curriculum,/foundations/gates-and-the-adder/,Gates and the Adder,"The same truth tables, built out of wire, and then wired into something that adds. This is where a machine stops being magic.",,,,,,,,381,2026-09-05,,
curriculum/foundations/gates-and-the-adder/unit-01.mdx,curriculum,/foundations/gates-and-the-adder/unit-01/,"The Same Table, Drawn","A gate is a truth table with wires. Set the inputs and the output follows, row by row.",,,2026-09-05,,,,,535,2026-09-05,,
curriculum/foundations/gates-and-the-adder/unit-02.mdx,curriculum,/foundations/gates-and-the-adder/unit-02/,The Half Adder,"Adding two bits needs two answers. One of them is XOR and the other is AND, which means you have already built it.",,,2026-09-05,,,,,478,2026-09-05,,
curriculum/foundations/gates-and-the-adder/unit-03.mdx,curriculum,/foundations/gates-and-the-adder/unit-03/,The Full Adder and the Ripple,"Give the adder a third input and chain the carries together, and you can add numbers of any size out of nothing but gates.",,,2026-09-05,,,,,811,2026-09-05,,
curriculum/foundations/repeating/index.mdx,curriculum,/foundations/repeating/,Repeating,"Three kinds of loop: a set number of times, until something happens, and only while something holds. The second one is the shape of every game.",,,,,,,,174,2026-09-05,,
curriculum/foundations/repeating/unit-01.mdx,curriculum,/foundations/repeating/unit-01/,Doing It Again,"A loop repeats work without writing it out over and over, a set number of times, with a counter you can use as it goes.",,,2026-06-05,,,,,418,2026-09-05,,
curriculum/foundations/repeating/unit-02.mdx,curriculum,/foundations/repeating/unit-02/,Until You Get It,"The loop that runs until something happens, rather than a set number of times. It is the shape of every game.",,,2026-06-05,,,,,530,2026-09-05,,
curriculum/foundations/repeating/unit-03.mdx,curriculum,/foundations/repeating/unit-03/,Checking Before You Start,"A loop that asks its question first, so the work can happen no times at all.",,,2026-06-05,,,,,438,2026-09-05,,
curriculum/foundations/structure/index.mdx,curriculum,/foundations/structure/,Structure,"Lists, jobs with names, jobs that take a value and hand one back, and the one skill that separates getting it done from getting stuck.",,,,,,,,209,2026-09-05,,
curriculum/foundations/structure/unit-01.mdx,curriculum,/foundations/structure/unit-01/,A Box That Holds Many,"A list is one name holding a row of values, and a loop can walk along it.",,,2026-06-05,,,,,507,2026-09-05,,
curriculum/foundations/structure/unit-02.mdx,curriculum,/foundations/structure/unit-02/,A Job With a Name,"Give a piece of work a name, write it once, and call it whenever you need it.",,,2026-06-05,,,,,783,2026-09-05,yes,
curriculum/foundations/structure/unit-03.mdx,curriculum,/foundations/structure/unit-03/,Telling a Job What to Work On,"A job that takes a value and hands one back, so one job can do a whole family of things.",,,2026-06-05,,,,,625,2026-09-05,yes,
curriculum/foundations/structure/unit-04.mdx,curriculum,/foundations/structure/unit-04/,When It's Wrong,"The most useful skill there is: finding out why a program misbehaves by looking at what it did, not by guessing.",,,2026-06-05,,,,,869,2026-09-05,yes,
curriculum/foundations/truth-tables/index.mdx,curriculum,/foundations/truth-tables/,Truth Tables,"A way to write down every case a question can have, so you can see that two different-looking tests are the same test.",,,,,,,,315,2026-09-05,,
curriculum/foundations/truth-tables/unit-01.mdx,curriculum,/foundations/truth-tables/unit-01/,True and False,"A question has exactly two answers, so you can write down every case there is and stop guessing.",,,2026-09-05,,,,,476,2026-09-05,,
curriculum/foundations/truth-tables/unit-02.mdx,curriculum,/foundations/truth-tables/unit-02/,"Both, Either, Different","Two questions make four cases. AND, OR and XOR are three of the ways of answering them.",,,2026-09-05,,,,,575,2026-09-05,,
curriculum/foundations/truth-tables/unit-03.mdx,curriculum,/foundations/truth-tables/unit-03/,"Two Guards, One Guard","A truth table can prove that a tangled test and a plain one behave identically, which lets you swap one for the other.",,,2026-09-05,,,,,609,2026-09-05,,
curriculum/foundations/working-it-out/index.mdx,curriculum,/foundations/working-it-out/,Working It Out,"The computer does arithmetic on values it did not have when you wrote the program, grows a box from its own value, and decides what to do with a leftover.",,,,,,,,170,2026-09-05,,
curriculum/foundations/working-it-out/unit-01.mdx,curriculum,/foundations/working-it-out/unit-01/,Working It Out,"The computer works a new value out from what you give it, following a fixed order you can steer with brackets.",,,2026-06-05,,,,,518,2026-09-05,,
curriculum/foundations/working-it-out/unit-02.mdx,curriculum,/foundations/working-it-out/unit-02/,A Box That Grows From Itself,"One line puts a box's own value back into it, larger. It is the counter behind every score, timer and life count.",,,2026-06-05,,,,,349,2026-09-05,,
curriculum/foundations/working-it-out/unit-03.mdx,curriculum,/foundations/working-it-out/unit-03/,When It Doesn't Divide Evenly,Seven does not split into twos. What you do with the part left over is a question every program has to answer.,,,2026-06-05,,,,,549,2026-09-05,,
curriculum/foundations/working-the-bits/index.mdx,curriculum,/foundations/working-the-bits/,Working the Bits,"The tools that change a byte one switch at a time, slide the whole row, turn a letter into a number, and carry a fraction on a machine that only counts in whole steps.",,,,,,,,189,2026-09-05,,
curriculum/foundations/working-the-bits/unit-01.mdx,curriculum,/foundations/working-the-bits/unit-01/,Switch by Switch,"Four tools that work a byte one switch at a time, to keep some bits, force others on, and flip the ones you choose.",,,2026-06-30,,,,,547,2026-09-05,,
curriculum/foundations/working-the-bits/unit-02.mdx,curriculum,/foundations/working-the-bits/unit-02/,Slide the Whole Row,"Shifting slides every bit sideways at once, which is the machine's quickest way to multiply and divide by two.",,,2026-06-30,,,,,514,2026-09-05,,
curriculum/foundations/working-the-bits/unit-03.mdx,curriculum,/foundations/working-the-bits/unit-03/,A Letter Is a Number,"The machine holds nothing but numbers, so a letter is a number too. Which number is an agreement, and the agreement has a pattern in it.",,,2026-06-30,,,,,608,2026-09-05,,
curriculum/foundations/working-the-bits/unit-04.mdx,curriculum,/foundations/working-the-bits/unit-04/,Numbers That Aren't Whole,"A machine that counts in whole steps still has to carry half a pixel. The flexible answer is to let the point float, and it is never exact.",,,2026-06-30,,,,,606,2026-09-05,,
curriculum/foundations/working-the-bits/unit-05.mdx,curriculum,/foundations/working-the-bits/unit-05/,Nailing the Point Down,"Fix the point at an agreed scale and a fraction becomes an ordinary whole number, which the machine adds at full speed.",,,2026-06-30,,,,,599,2026-09-05,,
curriculum/nintendo-entertainment-system/assembly/crate-escape/index.mdx,curriculum,/systems/nintendo-entertainment-system/assembly/crate-escape/,Crate Escape,"A single-screen platformer teaching gravity, jump physics, and platform collision detection.",,,,,,,,223,2026-06-30,,
curriculum/nintendo-entertainment-system/assembly/crypt-crawler/index.mdx,curriculum,/systems/nintendo-entertainment-system/assembly/crypt-crawler/,Crypt Crawler,A flip-screen dungeon explorer — the ancestor to Zelda-style games.,,,,,,,,124,2026-06-30,,
curriculum/nintendo-entertainment-system/assembly/dash/index.mdx,curriculum,/systems/nintendo-entertainment-system/assembly/dash/,Dash,"A single screen, a character you steer, a hazard that sweeps, three coins to gather. Your first finishable NES game in 6502 assembly — built one technique at a time on the NMI game loop, from a blank screen to a title, two levels, sound and a win.",,,,,,,,295,2026-07-06,,
curriculum/nintendo-entertainment-system/assembly/dash/unit-01.mdx,curriculum,/systems/nintendo-entertainment-system/assembly/dash/unit-01/,See Your Character,"Build a complete NES cartridge from scratch — iNES header, PPU warmup, palette, and sprite data. A running figure appears on screen.",,,2026-02-06,,,,,1665,2026-06-01,,
curriculum/nintendo-entertainment-system/assembly/dash/unit-02.mdx,curriculum,/systems/nintendo-entertainment-system/assembly/dash/unit-02/,Controller Input,"Read the NES controller with the strobe-and-serial protocol. AND masks test individual buttons, BEQ branches on the result. The figure walks left and right.",,,2026-02-06,,,,,1219,2026-06-01,,
curriculum/nintendo-entertainment-system/assembly/dash/unit-03.mdx,curriculum,/systems/nintendo-entertainment-system/assembly/dash/unit-03/,Jump,"The A button launches the player upward. Gravity pulls them back down. Signed velocity, two's complement arithmetic, and the core verb of every platformer.",,,2026-02-06,,,,,1317,2026-06-01,,
curriculum/nintendo-entertainment-system/assembly/dash/unit-04.mdx,curriculum,/systems/nintendo-entertainment-system/assembly/dash/unit-04/,Obstacle,A diamond-shaped obstacle scrolls across the floor. SEC/SBC moves it left each frame. Bounding box collision detects the hit. Jump or get knocked back.,,,2026-02-06,,,,,1319,2026-06-01,,
curriculum/nintendo-entertainment-system/assembly/dash/unit-05.mdx,curriculum,/systems/nintendo-entertainment-system/assembly/dash/unit-05/,Jump Sound,"The APU's pulse channel gives the jump a voice. Four register writes set the duty cycle, volume, pitch, and sweep — a rising chirp that silences itself.",,,2026-02-06,,,,,1242,2026-06-12,,
curriculum/nintendo-entertainment-system/assembly/dash/unit-06.mdx,curriculum,/systems/nintendo-entertainment-system/assembly/dash/unit-06/,Background Tiles,"The nametable fills the screen with tiles from CHR-ROM. Write tile indices via $2006/$2007, set colours with the attribute table. The world becomes visible.",,,2026-02-06,,,,,1218,2026-06-01,,
curriculum/nintendo-entertainment-system/assembly/dash/unit-07.mdx,curriculum,/systems/nintendo-entertainment-system/assembly/dash/unit-07/,Platform Collision,The game reads the level data to detect what tile is below the player's feet. A floating platform proves the system — platforms become real.,,,2026-02-06,,,,,1548,2026-06-01,,
curriculum/nintendo-entertainment-system/assembly/dash/unit-08.mdx,curriculum,/systems/nintendo-entertainment-system/assembly/dash/unit-08/,Wall Collision,Horizontal tile checks prevent the player from walking through solid tiles. A wall on the ground proves the system — the player must jump over it.,,,2026-02-06,,,,,1370,2026-06-01,,
curriculum/nintendo-entertainment-system/assembly/dash/unit-09.mdx,curriculum,/systems/nintendo-entertainment-system/assembly/dash/unit-09/,Collectible Items,Three coin sprites appear around the level. A subroutine checks whether the player overlaps each one — the first use of JSR and RTS.,,,2026-02-06,,,,,1180,2026-06-01,,
curriculum/nintendo-entertainment-system/assembly/dash/unit-10.mdx,curriculum,/systems/nintendo-entertainment-system/assembly/dash/unit-10/,Score Display,Collecting a coin increments a score variable. The NMI handler writes the digit to the nametable every frame — the first VBlank update.,,,2026-02-06,,,,,1021,2026-06-01,,
curriculum/nintendo-entertainment-system/assembly/dash/unit-11.mdx,curriculum,/systems/nintendo-entertainment-system/assembly/dash/unit-11/,Collect Sound,"Collecting a coin plays a short, bright note on the APU triangle channel. Three register writes produce a sound that makes every pickup feel rewarding.",,,2026-02-06,,,,,1545,2026-06-12,yes,
curriculum/nintendo-entertainment-system/assembly/dash/unit-12.mdx,curriculum,/systems/nintendo-entertainment-system/assembly/dash/unit-12/,Hazard Tiles,"Spike tiles on the ground damage the player on contact. The tile collision code now distinguishes between tile types — not just solid or empty, but safe or dangerous.",,,2026-02-06,,,,,1130,2026-06-12,,
curriculum/nintendo-entertainment-system/assembly/dash/unit-13.mdx,curriculum,/systems/nintendo-entertainment-system/assembly/dash/unit-13/,Three Lives,The player starts with three lives. Each spike hit or obstacle collision costs one. Run out and the game freezes. A shared damage subroutine keeps the logic clean.,,,2026-02-06,,,,,1002,2026-06-01,,
curriculum/nintendo-entertainment-system/assembly/dash/unit-14.mdx,curriculum,/systems/nintendo-entertainment-system/assembly/dash/unit-14/,Game Over Screen,"When all three lives are gone, GAME OVER appears on screen. Letter tiles in CHR-ROM spell the message. A one-shot flag ensures the NMI handler writes it exactly once.",,,2026-02-06,,,,,1363,2026-06-01,yes,
curriculum/nintendo-entertainment-system/assembly/dash/unit-15.mdx,curriculum,/systems/nintendo-entertainment-system/assembly/dash/unit-15/,Title Screen + Restart,"A state machine drives the game through three states: title, playing, and game over. Press Start to begin. Die and press Start to return to the title. The game is now a complete loop.",,,2026-02-06,,,,,1080,2026-06-01,,
curriculum/nintendo-entertainment-system/assembly/dash/unit-16.mdx,curriculum,/systems/nintendo-entertainment-system/assembly/dash/unit-16/,Integration + Polish,A two-frame running animation brings the player to life. Sprites hide cleanly on game over. A boundary check prevents Y wrap-around. Phase 1 is complete.,,,2026-02-06,,,,,1030,2026-06-12,,
curriculum/nintendo-entertainment-system/assembly/dash/unit-17.mdx,curriculum,/systems/nintendo-entertainment-system/assembly/dash/unit-17/,The Last Yard,"A win that means something: collect every coin and the level turns over — coins return, the obstacle quickens from a speed table, an L digit joins the HUD. A tiny pulse-channel sequencer gives the title a tune and both endings a voice. The game becomes a loop with a curve.",,,2026-06-12,,,,,4350,2026-07-06,yes,
curriculum/nintendo-entertainment-system/assembly/echoes-of-eponium/index.mdx,curriculum,/systems/nintendo-entertainment-system/assembly/echoes-of-eponium/,Echoes of Eponium,"A Metroidvania with connected world, ability-gating, and MMC3 mapper features.",,,,,,,,127,2026-06-01,,
curriculum/nintendo-entertainment-system/assembly/fangs-for-the-memory/index.mdx,curriculum,/systems/nintendo-entertainment-system/assembly/fangs-for-the-memory/,Fangs for the Memory,"A Snake game with a pun, teaching ring buffers and self-collision.",,,,,,,,128,2026-06-30,,
curriculum/nintendo-entertainment-system/assembly/fracture-point/index.mdx,curriculum,/systems/nintendo-entertainment-system/assembly/fracture-point/,Fracture Point,A Breakout clone teaching ball physics and background tile manipulation.,,,,,,,,120,2026-06-30,,
curriculum/nintendo-entertainment-system/assembly/gridlock/index.mdx,curriculum,/systems/nintendo-entertainment-system/assembly/gridlock/,Gridlock,A falling blocks puzzle teaching piece rotation and line clearing.,,,,,,,,125,2026-06-30,,
curriculum/nintendo-entertainment-system/assembly/ion-trail/index.mdx,curriculum,/systems/nintendo-entertainment-system/assembly/ion-trail/,Ion Trail,A side-scrolling shooter in Gradius territory with weapon upgrades.,,,,,,,,103,2026-06-01,,
curriculum/nintendo-entertainment-system/assembly/iron-assault/index.mdx,curriculum,/systems/nintendo-entertainment-system/assembly/iron-assault/,Iron Assault,A Contra-style run 'n' gun with multi-directional shooting and co-op.,,,,,,,,106,2026-06-01,,
curriculum/nintendo-entertainment-system/assembly/meet-the-machine/index.mdx,curriculum,/systems/nintendo-entertainment-system/assembly/meet-the-machine/,Meet the Machine,"The assembly on-ramp. Before you build a game, meet the 6502 and the Nintendo Entertainment System one idea at a time — registers, memory, the PPU, palettes, decisions, loops — until the console stops feeling like magic.",,,,,,,,303,2026-09-05,,
curriculum/nintendo-entertainment-system/assembly/meet-the-machine/unit-01.mdx,curriculum,/systems/nintendo-entertainment-system/assembly/meet-the-machine/unit-01/,Assemble and Run,"Edit, assemble and run your first NES program in this page with Asm198x. Change one instruction, turn the screen blue, and download your own cartridge.",,,2026-06-08,,,,,1268,2026-09-05,yes,
curriculum/nintendo-entertainment-system/assembly/meet-the-machine/unit-02.mdx,curriculum,/systems/nintendo-entertainment-system/assembly/meet-the-machine/unit-02/,LDA Is Not LET,"Meet the registers — the three physical 8-bit stores inside the 2A03. Send a value from A into X and back again, and watch the screen prove it made the trip. And learn why 'load' comes in three flavours.",,,2026-06-08,,,,,852,2026-06-08,,
curriculum/nintendo-entertainment-system/assembly/meet-the-machine/unit-03.mdx,curriculum,/systems/nintendo-entertainment-system/assembly/meet-the-machine/unit-03/,Everything Is a Number,"A byte has no type. Discover that 65, $41, the letter 'A' and the bit-pattern %01000001 are one and the same byte — and meet hex, the way you'll read bytes from here on.",,,2026-06-08,,,,,728,2026-06-08,,
curriculum/nintendo-entertainment-system/assembly/meet-the-machine/unit-04.mdx,curriculum,/systems/nintendo-entertainment-system/assembly/meet-the-machine/unit-04/,A Street of Numbered Boxes,"Meet memory — a street of numbered boxes, each holding a byte. Store a byte at an address and read it back, the same round-trip you used for registers. And learn why the NES's street is far shorter than you'd guess.",,,2026-06-08,,,,,799,2026-06-08,,
curriculum/nintendo-entertainment-system/assembly/meet-the-machine/unit-05.mdx,curriculum,/systems/nintendo-entertainment-system/assembly/meet-the-machine/unit-05/,The Screen Is Behind a Window,"The big one. The harness has been writing your colour through a little two-register window all along — and that same window reaches the screen itself. Aim it at the nametable, write a tile, turn the picture on, and a block appears.",,,2026-06-08,,,,,913,2026-06-08,,
curriculum/nintendo-entertainment-system/assembly/meet-the-machine/unit-06.mdx,curriculum,/systems/nintendo-entertainment-system/assembly/meet-the-machine/unit-06/,Colour Lives in a Palette,"Open up the stage light. On the NES, a tile's colour isn't stored with the tile — it lives in a separate little table, and the tile only points at it. Change the palette and the same block changes colour, with no touch to the screen at all.",,,2026-06-08,,,,,784,2026-06-08,,
curriculum/nintendo-entertainment-system/assembly/meet-the-machine/unit-07.mdx,curriculum,/systems/nintendo-entertainment-system/assembly/meet-the-machine/unit-07/,Where the Shapes Come From,"The last mystery in the harness. Tile 1 has been a 'solid block' only because of sixteen bytes of CHR ROM — a tiny picture. Edit those bytes and the block becomes whatever you draw. Here, a heart.",,,2026-06-08,,,,,854,2026-06-08,,
curriculum/nintendo-entertainment-system/assembly/meet-the-machine/unit-08.mdx,curriculum,/systems/nintendo-entertainment-system/assembly/meet-the-machine/unit-08/,"Test, Then Jump","There's no IF on the 6502. Learn how the machine makes decisions instead — compare a value, which sets a flag, then branch on that flag. Build your own IF, and write your first labels.",,,2026-06-08,,,,,862,2026-06-08,,
curriculum/nintendo-entertainment-system/assembly/meet-the-machine/unit-09.mdx,curriculum,/systems/nintendo-entertainment-system/assembly/meet-the-machine/unit-09/,The Machine Has a Heartbeat,"Use a short NMI handler for one visible update, preserve interrupted state, and distinguish a frame from the VBlank transfer window.",,,2026-06-08,,,,,1003,2026-06-08,yes,
curriculum/nintendo-entertainment-system/assembly/meet-the-machine/unit-10.mdx,curriculum,/systems/nintendo-entertainment-system/assembly/meet-the-machine/unit-10/,The Joypad in Your Hand,"Read the NES controller the honest way — strobe it, shift the buttons out one at a time, isolate the one you care about, and branch on it. Hold A and watch the screen react, every pass of the loop.",,,2026-06-08,,,,,982,2026-06-08,yes,
curriculum/nintendo-entertainment-system/assembly/meet-the-machine/unit-11.mdx,curriculum,/systems/nintendo-entertainment-system/assembly/meet-the-machine/unit-11/,A Finger on the Boxes,"Stop baking the value into every instruction. Meet indexed addressing — X as a finger you rest on one entry of a table and slide along — the idea behind every lookup, message and animation a game does.",,,2026-06-08,,,,,625,2026-06-08,,
curriculum/nintendo-entertainment-system/assembly/meet-the-machine/unit-12.mdx,curriculum,/systems/nintendo-entertainment-system/assembly/meet-the-machine/unit-12/,The Counted Loop,"Hand the repetition to the machine. Load a count, run the body, step on, and branch back until you've done them all — and the PPU's auto-stepping port turns one short loop into a whole row across the screen.",,,2026-06-08,,,,,597,2026-06-08,,
curriculum/nintendo-entertainment-system/assembly/meet-the-machine/unit-13.mdx,curriculum,/systems/nintendo-entertainment-system/assembly/meet-the-machine/unit-13/,"Call, Return, and a Stack You Can See","Package a job into a subroutine you can call from anywhere — and watch where the machine remembers its way back: the stack, sitting in plain memory you can read.",,,2026-06-08,,,,,720,2026-06-08,,
curriculum/nintendo-entertainment-system/assembly/meet-the-machine/unit-14.mdx,curriculum,/systems/nintendo-entertainment-system/assembly/meet-the-machine/unit-14/,Adding and Taking Away,"The most ordinary thing of all, finally: maths. adc and sbc on a value — and the carry flag the 6502 makes you mind: clear it before you add, set it before you subtract.",,,2026-06-08,,,,,648,2026-06-08,,
curriculum/nintendo-entertainment-system/assembly/meet-the-machine/unit-15.mdx,curriculum,/systems/nintendo-entertainment-system/assembly/meet-the-machine/unit-15/,Working With Bits,"Change one bit without disturbing the rest. Meet ora, and and eor — set, clear and flip individual bits — the everyday way to throw a single switch in a byte.",,,2026-06-08,,,,,515,2026-06-08,,
curriculum/nintendo-entertainment-system/assembly/meet-the-machine/unit-16.mdx,curriculum,/systems/nintendo-entertainment-system/assembly/meet-the-machine/unit-16/,Bigger Than a Byte,"A byte stops at 255 — too small for an address. The 6502 has no 16-bit registers, so you hold a big number as two bytes and add it by hand, low byte first — and the carry flag becomes the bridge between them.",,,2026-06-08,,,,,691,2026-06-09,,
curriculum/nintendo-entertainment-system/assembly/meet-the-machine/unit-17.mdx,curriculum,/systems/nintendo-entertainment-system/assembly/meet-the-machine/unit-17/,The Machine Speaks Back,"Unit 10 taught the machine to hear you. This one teaches it to answer. The NES has a sound chip — the APU — built into the same 2A03 as the CPU. Set up a pulse channel, switch it on, and it holds the note on its own while your code does nothing.",,,2026-06-09,,,,,603,2026-06-09,,
curriculum/nintendo-entertainment-system/assembly/meet-the-machine/unit-18.mdx,curriculum,/systems/nintendo-entertainment-system/assembly/meet-the-machine/unit-18/,The Machine Trusts You,"The last unit, and the most important. There's no error message, no bounds check, no guard rail — the machine does exactly what you wrote, even when you're wrong. Learn to debug by observing, not by reading errors.",,,2026-06-08,,,,,767,2026-06-09,,
curriculum/nintendo-entertainment-system/assembly/pavement-justice/index.mdx,curriculum,/systems/nintendo-entertainment-system/assembly/pavement-justice/,Pavement Justice,A side-scrolling beat 'em up with Y-depth sorting and combo systems.,,,,,,,,118,2026-06-01,,
curriculum/nintendo-entertainment-system/assembly/pellet-panic/index.mdx,curriculum,/systems/nintendo-entertainment-system/assembly/pellet-panic/,Pellet Panic,A Pac-Man style maze game with ghost AI personalities.,,,,,,,,123,2026-06-30,,
curriculum/nintendo-entertainment-system/assembly/pixel-plains/index.mdx,curriculum,/systems/nintendo-entertainment-system/assembly/pixel-plains/,Pixel Plains,A side-scrolling platformer introducing NES hardware scrolling.,,,,,,,,122,2026-06-30,,
curriculum/nintendo-entertainment-system/assembly/requiem-for-a-mapper/index.mdx,curriculum,/systems/nintendo-entertainment-system/assembly/requiem-for-a-mapper/,Requiem for a Mapper,An action-adventure epic combining all NES techniques into a commercial-quality capstone.,,,,,,,,140,2026-06-01,,
curriculum/nintendo-entertainment-system/assembly/tarmac-terror/index.mdx,curriculum,/systems/nintendo-entertainment-system/assembly/tarmac-terror/,Tarmac Terror,A pseudo-3D racing game with sprite scaling and split-screen multiplayer.,,,,,,,,118,2026-06-01,,
curriculum/nintendo-entertainment-system/assembly/thunder-run/index.mdx,curriculum,/systems/nintendo-entertainment-system/assembly/thunder-run/,Thunder Run,A vertical scrolling shooter with MMC1 mapper and extended graphics.,,,,,,,,116,2026-06-01,,
curriculum/nintendo-entertainment-system/getting-started.mdx,curriculum,/systems/nintendo-entertainment-system/getting-started/,Getting Started with NES Development,Set up your tools for NES 6502 assembly programming.,,,,,,,,122,2026-09-03,,
curriculum/sinclair-zx-spectrum/assembly/deepdelve/index.mdx,curriculum,/systems/sinclair-zx-spectrum/assembly/deepdelve/,Deepdelve,"A single-screen platformer in the Manic Miner tradition — tile-map collision, jump physics and deadly hazards.",,,,,,,,54,2026-06-10,,
curriculum/sinclair-zx-spectrum/assembly/gloaming/index.mdx,curriculum,/systems/sinclair-zx-spectrum/assembly/gloaming/,Gloaming,"Dusk in a small square. Light every lamp before the dark catches you. The first complete game you finish in assembly — and at the end, your build matches the shipped game byte for byte.",,,,,,,,440,2026-07-03,,
curriculum/sinclair-zx-spectrum/assembly/gloaming/unit-01.mdx,curriculum,/systems/sinclair-zx-spectrum/assembly/gloaming/unit-01/,The Empty Square,"Build the town square in three runnable steps — hold the border black, wipe the pixel canvas, wash in dark cobbles and frame them in blue walls — one attribute byte per cell, the screen itself the map.",,,2026-07-02,,,,,1590,2026-07-03,,
curriculum/sinclair-zx-spectrum/assembly/gloaming/unit-02.mdx,curriculum,/systems/sinclair-zx-spectrum/assembly/gloaming/unit-02/,The Cobbles and the Brick,"Write the bitmap under the attributes — meet the Spectrum's famous screen layout, blit an 8-byte texture into every ground cell, then let the map itself decide where the brick goes.",,,2026-07-02,,,,,1359,2026-07-03,,
curriculum/sinclair-zx-spectrum/assembly/gloaming/unit-03.mdx,curriculum,/systems/sinclair-zx-spectrum/assembly/gloaming/unit-03/,The Lamplighter,"Draw the game's first character — eight bytes of figure blitted like any texture, his position held as data, and his own attribute colour to lift him out of the dark.",,,2026-07-02,,,,,1148,2026-07-03,,
curriculum/sinclair-zx-spectrum/assembly/gloaming/unit-04.mdx,curriculum,/systems/sinclair-zx-spectrum/assembly/gloaming/unit-04/,The Heartbeat,"Replace the idle spin with a frame-locked loop — IM 1, EI, and HALT beat once per 50 Hz frame — then build a one-line probe to watch the pulse, and take it out again.",,,2026-07-02,,,,,1238,2026-07-03,,
curriculum/sinclair-zx-spectrum/assembly/gloaming/unit-05.mdx,curriculum,/systems/sinclair-zx-spectrum/assembly/gloaming/unit-05/,Reading the Keys,"Fill the loop's INPUT stage: select a keyboard half-row through port $FE, read it with IN A,(C), test the active-low bits — and the lamplighter glows the instant a direction key goes down.",,,2026-07-03,,,,,1114,2026-07-03,,
curriculum/sinclair-zx-spectrum/assembly/gloaming/unit-06.mdx,curriculum,/systems/sinclair-zx-spectrum/assembly/gloaming/unit-06/,One Step,"The four keys become four directions: propose a target cell, clamp it to the map, then move — first without erasing (he smears), then with the naive erase (the floor pays). Honest movement, with its costs on show.",,,2026-07-03,,,,,1249,2026-07-03,,
curriculum/sinclair-zx-spectrum/assembly/gloaming/unit-07.mdx,curriculum,/systems/sinclair-zx-spectrum/assembly/gloaming/unit-07/,Taming the Key,"Pay the WAY-TOO-FAST debt: a combined any-key scan, a countdown timer that gates the step, and a release re-arm — so a tap is one step, instantly, and a hold is a stride at a chosen pace.",,,2026-07-03,,,,,1170,2026-07-03,,
curriculum/sinclair-zx-spectrum/assembly/gloaming/unit-08.mdx,curriculum,/systems/sinclair-zx-spectrum/assembly/gloaming/unit-08/,Save and Restore,"Repay the gouge: a nine-byte buffer remembers what the lamplighter stands on — eight bitmap rows and an attribute — and the move becomes a dance with a strict order: restore, step, save, draw.",,,2026-07-03,,,,,1299,2026-07-03,,
curriculum/sinclair-zx-spectrum/assembly/gloaming/unit-09.mdx,curriculum,/systems/sinclair-zx-spectrum/assembly/gloaming/unit-09/,Walls,"The map gets opinions: two brick buildings arrive as rectangle data, walk on as paint you can ghost through — then wall_at bit-tests the target cell's attribute, and everything brick turns solid at once.",,,2026-07-03,,,,,1258,2026-07-03,,
curriculum/sinclair-zx-spectrum/assembly/gloaming/unit-10.mdx,curriculum,/systems/sinclair-zx-spectrum/assembly/gloaming/unit-10/,Edges,"Retire the scaffold: prove the numeric clamp is dead code by moving its fence where you can see it, then delete it whole — the square's own walls are the boundary, and the movement core converges with the finished game, byte for byte.",,,2026-07-03,,,,,1355,2026-07-03,,
curriculum/sinclair-zx-spectrum/assembly/gloaming/unit-11.mdx,curriculum,/systems/sinclair-zx-spectrum/assembly/gloaming/unit-11/,The Lamps,"The game's first real objects: an unlit lantern glyph, drawn once the direct way — then eight of them scattered from a data table, standing on walkable floor, and surviving the lamplighter's passage untouched.",,,2026-07-03,,,,,1337,2026-07-03,,
curriculum/sinclair-zx-spectrum/assembly/gloaming/unit-12.mdx,curriculum,/systems/sinclair-zx-spectrum/assembly/gloaming/unit-12/,Light It,"Give crossing a lamp its consequence — the obvious way first, painting the screen, and the light won't stay. Then the real way: edit the lamp's nine bytes while the buffer holds them, and restore paints it back lit, permanently.",,,2026-07-03,,,,,1215,2026-07-03,,
curriculum/sinclair-zx-spectrum/assembly/gloaming/unit-13.mdx,curriculum,/systems/sinclair-zx-spectrum/assembly/gloaming/unit-13/,The Tally,"Give the game a score you read at a glance: eight pip cells on the HUD ledge that's been waiting since Unit 2, one byte counting lit lamps, and a hook in the single line where cold becomes lit.",,,2026-07-03,,,,,1287,2026-07-03,,
curriculum/sinclair-zx-spectrum/assembly/gloaming/unit-14.mdx,curriculum,/systems/sinclair-zx-spectrum/assembly/gloaming/unit-14/,The Square Warms,"Progress becomes atmosphere: the frame's colour stops being a constant and becomes a nine-entry ramp indexed by lit_count — dusk stone, warming mortar, a bright glow, and gold at eight — repainted at the same event that warms a pip.",,,2026-07-03,,,,,1360,2026-07-03,,
curriculum/sinclair-zx-spectrum/assembly/gloaming/unit-15.mdx,curriculum,/systems/sinclair-zx-spectrum/assembly/gloaming/unit-15/,The Night Is Held,"The game learns to end: printing with the Spectrum's own ROM font — demonstrated on a claim nobody earned — then a game_state byte, a gated loop, and a win check that fires the frame the eighth lamp lights. THE NIGHT IS HELD.",,,2026-07-03,,,,,1468,2026-07-03,,
curriculum/sinclair-zx-spectrum/assembly/gloaming/unit-16.mdx,curriculum,/systems/sinclair-zx-spectrum/assembly/gloaming/unit-16/,The Draught,"The dark gets its agent: a second cell sprite on the lamplighter's own engine, hunting him with one compare-and-step rule that reads as intent — ghosting through stone, tangling buffers on contact, and finally taught to stop at his side.",,,2026-07-03,,,,,1637,2026-07-03,,
curriculum/sinclair-zx-spectrum/assembly/gloaming/unit-17.mdx,curriculum,/systems/sinclair-zx-spectrum/assembly/gloaming/unit-17/,"Lives, and the Fall of Night","Price the touch: three ember pips, a lose_life that respawns him through the same dance as any move — and the playtest lesson built wrong first: without the wisp's recoil, the night strip-mines every life in under a second.",,,2026-07-03,,,,,1389,2026-07-03,,
curriculum/sinclair-zx-spectrum/assembly/gloaming/unit-18.mdx,curriculum,/systems/sinclair-zx-spectrum/assembly/gloaming/unit-18/,A Small Sound,"The beeper is one bit on one port, toggled by hand — and from it, three voices: a rising blip when a lamp catches, a fanfare for the night held, a settling sting for the fall. The machine clears its throat.",,,2026-07-03,,,,,1402,2026-07-03,,
curriculum/sinclair-zx-spectrum/assembly/gloaming/unit-19.mdx,curriculum,/systems/sinclair-zx-spectrum/assembly/gloaming/unit-19/,The Title,"The game gets a front door: GLOAMING on a black void, PRESS SPACE, a dusk chime — built hardwired first, then done properly: the boot-time setup becomes init_game, and beginning becomes a thing the game can do, not just a thing that happens once.",,,2026-07-03,,,,,1307,2026-07-03,,
curriculum/sinclair-zx-spectrum/assembly/gloaming/unit-20.mdx,curriculum,/systems/sinclair-zx-spectrum/assembly/gloaming/unit-20/,Again,"The last arrow: win or lose, SPACE returns you to a title that remembers your best night — what persists, what's reborn, and an input lock to make every transition deliberate. The state machine closes and the module converges on the shipped game — and then the winnability gate does its job: two bugs the proof found, a tie that steals a win and a wall that kills, closed for good.",,,2026-07-03,,,,,2470,2026-07-05,,
curriculum/sinclair-zx-spectrum/assembly/greypeak/index.mdx,curriculum,/systems/sinclair-zx-spectrum/assembly/greypeak/,Greypeak,"An isometric arcade-adventure in the Knight Lore tradition, built on Y-sorted depth rendering.",,,,,,,,56,2026-06-10,,
curriculum/sinclair-zx-spectrum/assembly/hard-rain/index.mdx,curriculum,/systems/sinclair-zx-spectrum/assembly/hard-rain/,Hard Rain,"A run-and-gun with bosses, state-machine enemy AI and multi-directional action.",,,,,,,,46,2026-06-10,,
curriculum/sinclair-zx-spectrum/assembly/lamplight/index.mdx,curriculum,/systems/sinclair-zx-spectrum/assembly/lamplight/,Lamplight,"A single-screen collect-and-dodge: light every lamp while a creature stalks the room — your first masked sprite, drawn cleanly over the background.",,,,,,,,67,2026-06-10,,
curriculum/sinclair-zx-spectrum/assembly/meet-assembly/index.mdx,curriculum,/systems/sinclair-zx-spectrum/assembly/meet-assembly/,Meet Assembly,"Edit and run Z80 code, draw and move a character, and investigate faults across eight interactive lessons.",,,,,,,,288,2026-09-21,,
curriculum/sinclair-zx-spectrum/assembly/meet-assembly/unit-01.mdx,curriculum,/systems/sinclair-zx-spectrum/assembly/meet-assembly/unit-01/,Change the border,"Write a Z80 instruction, assemble it, and make a visible prediction.",,,,,,,,866,2026-09-21,,
curriculum/sinclair-zx-spectrum/assembly/meet-assembly/unit-02.mdx,curriculum,/systems/sinclair-zx-spectrum/assembly/meet-assembly/unit-02/,A byte becomes pixels,Follow a byte from a labelled memory address through register A to the screen.,,,,,,,,731,2026-09-21,,
curriculum/sinclair-zx-spectrum/assembly/meet-assembly/unit-03.mdx,curriculum,/systems/sinclair-zx-spectrum/assembly/meet-assembly/unit-03/,Build an eight-row shape,Draw a small image and discover why neighbouring screen rows are not neighbouring bytes.,,,,,,,,797,2026-09-21,,
curriculum/sinclair-zx-spectrum/assembly/meet-assembly/unit-04.mdx,curriculum,/systems/sinclair-zx-spectrum/assembly/meet-assembly/unit-04/,Draw with a counted loop,"Keep the picture, turn its patterns into data, and follow eight real screen writes through a Z80 loop.",,,,,,,,787,2026-09-21,,
curriculum/sinclair-zx-spectrum/assembly/meet-assembly/unit-05.mdx,curriculum,/systems/sinclair-zx-spectrum/assembly/meet-assembly/unit-05/,Call a drawing routine,"Draw twice with one routine, follow CALL and RET, and check what a routine needs and changes.",,,,,,,,858,2026-09-21,,
curriculum/sinclair-zx-spectrum/assembly/meet-assembly/unit-06.mdx,curriculum,/systems/sinclair-zx-spectrum/assembly/meet-assembly/unit-06/,Move your character,"Read O and P, keep a position in RAM, and erase and redraw a character within bounds.",,,,,,,,1057,2026-09-21,,
curriculum/sinclair-zx-spectrum/assembly/meet-assembly/unit-07.mdx,curriculum,/systems/sinclair-zx-spectrum/assembly/meet-assembly/unit-07/,Give movement a clock,"Hold a direction, count frame interrupts, and change movement speed without changing the machine’s clock.",,,,,,,,972,2026-09-21,,
curriculum/sinclair-zx-spectrum/assembly/meet-assembly/unit-08.mdx,curriculum,/systems/sinclair-zx-spectrum/assembly/meet-assembly/unit-08/,Find the first wrong step,"Investigate a movement fault: reproduce it, test a hypothesis, inspect a decision, then repair and retest.",,,,,,,,724,2026-09-21,,
curriculum/sinclair-zx-spectrum/assembly/meet-the-machine/index.mdx,curriculum,/systems/sinclair-zx-spectrum/assembly/meet-the-machine/,Meet the Machine,"The assembly on-ramp. Before you build a game, meet the Z80 and the Spectrum one idea at a time — registers, memory, the screen, decisions, loops — until the machine stops feeling like magic.",,,,,,,,236,2026-09-05,,
curriculum/sinclair-zx-spectrum/assembly/meet-the-machine/unit-01.mdx,curriculum,/systems/sinclair-zx-spectrum/assembly/meet-the-machine/unit-01/,Assemble and Run,"Write three lines of assembly, turn them into a program with a build step, run it on the Spectrum, and watch the border change colour. Meet the loop you'll use all course.",,,2026-06-01,,,,,1013,2026-09-05,,
curriculum/sinclair-zx-spectrum/assembly/meet-the-machine/unit-02.mdx,curriculum,/systems/sinclair-zx-spectrum/assembly/meet-the-machine/unit-02/,LD Is Not LET,"Meet the registers — the handful of physical, 8-bit stores inside the CPU. Move a value from A into B and back again, and watch the border prove it made the trip.",,,2026-06-01,,,,,776,2026-06-05,,
curriculum/sinclair-zx-spectrum/assembly/meet-the-machine/unit-03.mdx,curriculum,/systems/sinclair-zx-spectrum/assembly/meet-the-machine/unit-03/,Everything Is a Number,"A byte has no type. Discover that 65, $41, the letter 'A' and the bit-pattern %01000001 are one and the same byte — and meet hex, the way you'll read bytes from here on.",,,2026-06-01,,,,,641,2026-06-05,,
curriculum/sinclair-zx-spectrum/assembly/meet-the-machine/unit-04.mdx,curriculum,/systems/sinclair-zx-spectrum/assembly/meet-the-machine/unit-04/,A Street of Numbered Boxes,"Meet memory — one long street of numbered boxes, each holding a byte. Store a byte at an address and read it back, the same round-trip you used for registers, now through RAM.",,,2026-06-01,,,,,632,2026-06-05,,
curriculum/sinclair-zx-spectrum/assembly/meet-the-machine/unit-05.mdx,curriculum,/systems/sinclair-zx-spectrum/assembly/meet-the-machine/unit-05/,The Screen Is Memory,"The big one. Discover that the screen is just a stretch of the same memory street — poke a byte to $4000 and pixels light up. No PLOT, no magic: the bits in the byte are the dots on the glass.",,,2026-06-01,,,,,721,2026-06-05,,
curriculum/sinclair-zx-spectrum/assembly/meet-the-machine/unit-06.mdx,curriculum,/systems/sinclair-zx-spectrum/assembly/meet-the-machine/unit-06/,Colour Is a Separate Map,"Find out where colour lives — a second map at $5800, one packed byte per cell, completely apart from the pixels. Colour a whole cell with a single byte and never touch a pixel.",,,2026-06-01,,,,,651,2026-06-05,,
curriculum/sinclair-zx-spectrum/assembly/meet-the-machine/unit-07.mdx,curriculum,/systems/sinclair-zx-spectrum/assembly/meet-the-machine/unit-07/,"Test, Then Jump","There's no IF on the Z80. Learn how the machine makes decisions instead — compare a value, which sets a flag, then jump on that flag. Build your own IF, and write your first labels.",,,2026-06-01,,,,,780,2026-06-05,,
curriculum/sinclair-zx-spectrum/assembly/meet-the-machine/unit-08.mdx,curriculum,/systems/sinclair-zx-spectrum/assembly/meet-the-machine/unit-08/,The Machine Can Hear You,"Read the keyboard the hard, honest way — pick a half-row, read a port, test one bit. Hold a key and watch the border react, every frame. The first time the machine answers to you.",,,2026-06-01,,,,,654,2026-06-05,,
curriculum/sinclair-zx-spectrum/assembly/meet-the-machine/unit-09.mdx,curriculum,/systems/sinclair-zx-spectrum/assembly/meet-the-machine/unit-09/,A Finger on the Boxes,"Stop baking addresses into instructions. Meet the pointer — HL as a finger you move along the memory street, writing as it goes — the idea behind every loop that fills the screen.",,,2026-06-01,,,,,524,2026-06-05,,
curriculum/sinclair-zx-spectrum/assembly/meet-the-machine/unit-10.mdx,curriculum,/systems/sinclair-zx-spectrum/assembly/meet-the-machine/unit-10/,Counting Toward Zero,"Hand the repetition to the machine. Load a count into B, and DJNZ runs the body that many times — one loop fills a whole row where last unit you stepped by hand.",,,2026-06-01,,,,,599,2026-06-05,,
curriculum/sinclair-zx-spectrum/assembly/meet-the-machine/unit-11.mdx,curriculum,/systems/sinclair-zx-spectrum/assembly/meet-the-machine/unit-11/,"Call, Return, and a Stack You Can See","Package a job into a subroutine you can call from anywhere — and watch where the machine remembers its way back: the stack, sitting in plain memory you can read.",,,2026-06-01,,,,,639,2026-06-05,,
curriculum/sinclair-zx-spectrum/assembly/meet-the-machine/unit-12.mdx,curriculum,/systems/sinclair-zx-spectrum/assembly/meet-the-machine/unit-12/,Adding and Taking Away,"The most ordinary thing of all, finally: maths. inc, dec, add and sub on a value — and the carry flag, the machine's way of telling you a byte just overflowed.",,,2026-06-01,,,,,491,2026-06-05,,
curriculum/sinclair-zx-spectrum/assembly/meet-the-machine/unit-13.mdx,curriculum,/systems/sinclair-zx-spectrum/assembly/meet-the-machine/unit-13/,Working With Bits,"Change one bit without disturbing the rest. Meet and, or and xor — clear, set and flip individual bits — the everyday way to flip a single flag like an attribute's BRIGHT.",,,2026-06-01,,,,,480,2026-06-05,,
curriculum/sinclair-zx-spectrum/assembly/meet-the-machine/unit-14.mdx,curriculum,/systems/sinclair-zx-spectrum/assembly/meet-the-machine/unit-14/,Bigger Than a Byte,"A byte stops at 255 — too small for an address. See how registers pair up into 16-bit numbers, and use add hl, de to step a pointer by more than one, the way a game walks down a wall.",,,2026-06-01,,,,,498,2026-06-09,,
curriculum/sinclair-zx-spectrum/assembly/meet-the-machine/unit-15.mdx,curriculum,/systems/sinclair-zx-spectrum/assembly/meet-the-machine/unit-15/,The Machine Speaks Back,"The 48K Spectrum has no sound chip. Sound is the CPU's own job: flip one bit of one port to push the speaker, wait, flip it back, wait — over and over. That square wave is the tone, and the CPU does nothing else while it plays. On this machine, you are the sound chip.",,,2026-06-09,,,,,731,2026-06-09,,
curriculum/sinclair-zx-spectrum/assembly/meet-the-machine/unit-16.mdx,curriculum,/systems/sinclair-zx-spectrum/assembly/meet-the-machine/unit-16/,The Machine Trusts You,"The last beat, and the most important. There's no error message, no bounds check, no guard rail — the machine does exactly what you wrote, even when you're wrong. Learn to debug by observing, not by reading errors.",,,2026-06-01,,,,,765,2026-06-09,,
curriculum/sinclair-zx-spectrum/assembly/meteor-storm/index.mdx,curriculum,/systems/sinclair-zx-spectrum/assembly/meteor-storm/,Meteor Storm,"Build a timed Z80 dodging game from pixels, independent objects and a measured update loop.",,,,,,,,337,2026-09-21,,
curriculum/sinclair-zx-spectrum/assembly/meteor-storm/unit-01.mdx,curriculum,/systems/sinclair-zx-spectrum/assembly/meteor-storm/unit-01/,Carry a pixel into the next byte,,,,,,,,,510,2026-09-21,,
curriculum/sinclair-zx-spectrum/assembly/meteor-storm/unit-02.mdx,curriculum,/systems/sinclair-zx-spectrum/assembly/meteor-storm/unit-02/,Prepare eight horizontal positions,,,,,,,,,451,2026-09-21,,
curriculum/sinclair-zx-spectrum/assembly/meteor-storm/unit-03.mdx,curriculum,/systems/sinclair-zx-spectrum/assembly/meteor-storm/unit-03/,Find a pixel in Spectrum memory,,,,,,,,,460,2026-09-21,,
curriculum/sinclair-zx-spectrum/assembly/meteor-storm/unit-04.mdx,curriculum,/systems/sinclair-zx-spectrum/assembly/meteor-storm/unit-04/,Draw the whole ship,,,,,,,,,526,2026-09-21,,
curriculum/sinclair-zx-spectrum/assembly/meteor-storm/unit-05.mdx,curriculum,/systems/sinclair-zx-spectrum/assembly/meteor-storm/unit-05/,Erase before moving,,,,,,,,,477,2026-09-21,,
curriculum/sinclair-zx-spectrum/assembly/meteor-storm/unit-06.mdx,curriculum,/systems/sinclair-zx-spectrum/assembly/meteor-storm/unit-06/,Give the interrupt a small job,,,,,,,,,494,2026-09-21,,
curriculum/sinclair-zx-spectrum/assembly/meteor-storm/unit-07.mdx,curriculum,/systems/sinclair-zx-spectrum/assembly/meteor-storm/unit-07/,"Count frames, choose updates",,,,,,,,,373,2026-09-21,,
curriculum/sinclair-zx-spectrum/assembly/meteor-storm/unit-08.mdx,curriculum,/systems/sinclair-zx-spectrum/assembly/meteor-storm/unit-08/,Put steering on the frame clock,,,,,,,,,423,2026-09-21,,
curriculum/sinclair-zx-spectrum/assembly/meteor-storm/unit-09.mdx,curriculum,/systems/sinclair-zx-spectrum/assembly/meteor-storm/unit-09/,Let a meteor move independently,,,,,,,,,441,2026-09-21,,
curriculum/sinclair-zx-spectrum/assembly/meteor-storm/unit-10.mdx,curriculum,/systems/sinclair-zx-spectrum/assembly/meteor-storm/unit-10/,Distinguish a hit from a near miss,,,,,,,,,484,2026-09-21,,
curriculum/sinclair-zx-spectrum/assembly/meteor-storm/unit-11.mdx,curriculum,/systems/sinclair-zx-spectrum/assembly/meteor-storm/unit-11/,Give each object a record,,,,,,,,,446,2026-09-21,,
curriculum/sinclair-zx-spectrum/assembly/meteor-storm/unit-12.mdx,curriculum,/systems/sinclair-zx-spectrum/assembly/meteor-storm/unit-12/,Walk the pool and reuse a slot,,,,,,,,,529,2026-09-21,yes,
curriculum/sinclair-zx-spectrum/assembly/meteor-storm/unit-13.mdx,curriculum,/systems/sinclair-zx-spectrum/assembly/meteor-storm/unit-13/,Make a storm with an end,,,,,,,,,449,2026-09-21,,
curriculum/sinclair-zx-spectrum/assembly/meteor-storm/unit-14.mdx,curriculum,/systems/sinclair-zx-spectrum/assembly/meteor-storm/unit-14/,Give meteors a gentle drift,,,,,,,,,389,2026-09-21,,
curriculum/sinclair-zx-spectrum/assembly/meteor-storm/unit-15.mdx,curriculum,/systems/sinclair-zx-spectrum/assembly/meteor-storm/unit-15/,Collect something worth the risk,,,,,,,,,438,2026-09-21,,
curriculum/sinclair-zx-spectrum/assembly/meteor-storm/unit-16.mdx,curriculum,/systems/sinclair-zx-spectrum/assembly/meteor-storm/unit-16/,Turn a score into readable digits,,,,,,,,,410,2026-09-21,,
curriculum/sinclair-zx-spectrum/assembly/meteor-storm/unit-17.mdx,curriculum,/systems/sinclair-zx-spectrum/assembly/meteor-storm/unit-17/,Measure time without counting distance,,,,,,,,,434,2026-09-21,,
curriculum/sinclair-zx-spectrum/assembly/meteor-storm/unit-18.mdx,curriculum,/systems/sinclair-zx-spectrum/assembly/meteor-storm/unit-18/,Show seconds and hundredths,,,,,,,,,449,2026-09-21,,
curriculum/sinclair-zx-spectrum/assembly/meteor-storm/unit-19.mdx,curriculum,/systems/sinclair-zx-spectrum/assembly/meteor-storm/unit-19/,Hold Space to boost,,,,,,,,,423,2026-09-21,,
curriculum/sinclair-zx-spectrum/assembly/meteor-storm/unit-20.mdx,curriculum,/systems/sinclair-zx-spectrum/assembly/meteor-storm/unit-20/,"Draw once, check twice",,,,,,,,,475,2026-09-21,,
curriculum/sinclair-zx-spectrum/assembly/meteor-storm/unit-21.mdx,curriculum,/systems/sinclair-zx-spectrum/assembly/meteor-storm/unit-21/,Keep the best time and score,,,,,,,,,478,2026-09-21,,
curriculum/sinclair-zx-spectrum/assembly/meteor-storm/unit-22.mdx,curriculum,/systems/sinclair-zx-spectrum/assembly/meteor-storm/unit-22/,Give the game clear phases,,,,,,,,,426,2026-09-21,,
curriculum/sinclair-zx-spectrum/assembly/meteor-storm/unit-23.mdx,curriculum,/systems/sinclair-zx-spectrum/assembly/meteor-storm/unit-23/,Make the instructions fit,,,,,,,,,465,2026-09-21,,
curriculum/sinclair-zx-spectrum/assembly/meteor-storm/unit-24.mdx,curriculum,/systems/sinclair-zx-spectrum/assembly/meteor-storm/unit-24/,Keep and share the game,,,,,,,,,467,2026-09-21,,
curriculum/sinclair-zx-spectrum/assembly/nibble-run/index.mdx,curriculum,/systems/sinclair-zx-spectrum/assembly/nibble-run/,Nibble Run,"A maze chase: clear the dots before the hunters reach you, with chase AI and power-up states.",,,,,,,,56,2026-06-10,,
curriculum/sinclair-zx-spectrum/assembly/ricochet/index.mdx,curriculum,/systems/sinclair-zx-spectrum/assembly/ricochet/,Ricochet,A bat-and-ball game built on smooth pre-shifted sprite motion and pixel-perfect collision.,,,,,,,,49,2026-06-10,,
curriculum/sinclair-zx-spectrum/assembly/shadowkeep/index.mdx,curriculum,/systems/sinclair-zx-spectrum/assembly/shadowkeep/,Shadowkeep,"Explore a darkened keep room by room — a place of many rooms, built on the engine you finish in The Long Night. The first game in Spectrum assembly you don't finish in an afternoon.",,,,,,,,378,2026-07-03,,
curriculum/sinclair-zx-spectrum/assembly/shadowkeep/unit-01.mdx,curriculum,/systems/sinclair-zx-spectrum/assembly/shadowkeep/unit-01/,A Hooded Figure,"Shadowkeep begins where The Long Night ended — the same engine, a new face. Design a hooded thief as eight bytes and stand him, alone, in the cold blue dark of the keep.",,,2026-06-02,,,,,1468,2026-07-03,,
curriculum/sinclair-zx-spectrum/assembly/shadowkeep/unit-02.mdx,curriculum,/systems/sinclair-zx-spectrum/assembly/shadowkeep/unit-02/,The First Hall,"The thief stood on flat blue. A keep is made of stone, and stone has shade. Meet dithering — mixing two colours in the bitmap to get the shades between them — and build the keep's first room: a dark slate floor inside lit stone walls.",,,2026-06-02,,,,,1313,2026-07-03,,
curriculum/sinclair-zx-spectrum/assembly/shadowkeep/unit-03.mdx,curriculum,/systems/sinclair-zx-spectrum/assembly/shadowkeep/unit-03/,A Place to Move,"Set the thief walking the hall. It's almost all Gloaming — keyboard, cell-step movement, save/restore, wall collision — with two keep-specific twists: the save buffer now carries dithered stone, and a wall is known by its light.",,,2026-06-02,,,,,1242,2026-06-05,,
curriculum/sinclair-zx-spectrum/assembly/shadowkeep/unit-04.mdx,curriculum,/systems/sinclair-zx-spectrum/assembly/shadowkeep/unit-04/,The Keep's Hand,"One bordered box was baked into the code. The keep needs many shapes, so we describe a room as data: a tile palette, and a room map you can read as a picture in the source. The reward — pillars, and a thief who walks between them.",,,2026-06-02,,,,,1193,2026-06-05,,
curriculum/sinclair-zx-spectrum/assembly/shadowkeep/unit-05.mdx,curriculum,/systems/sinclair-zx-spectrum/assembly/shadowkeep/unit-05/,The Room Graph,One room is a picture; a keep is many pictures and a sense of which lies through each door. Build the room table — each room's map plus its four edge-links — and let the thief walk through a doorway into a second room.,,,2026-06-02,,,,,1246,2026-06-05,,
curriculum/sinclair-zx-spectrum/assembly/shadowkeep/unit-06.mdx,curriculum,/systems/sinclair-zx-spectrum/assembly/shadowkeep/unit-06/,Through the Doorway,"Unit 5's room travel was a teleport to the centre. Make it a step: leave by one edge and arrive at the opposite edge of the next room, at the same height, mid-stride — so the flick reads as walking through a doorway.",,,2026-06-02,,,,,1169,2026-06-05,,
curriculum/sinclair-zx-spectrum/assembly/shadowkeep/unit-07.mdx,curriculum,/systems/sinclair-zx-spectrum/assembly/shadowkeep/unit-07/,The Hero Remembers,"Each room is redrawn from its template every time you enter, so the keep forgets everything. Move the rooms into RAM, let the thief chalk his route as he goes, and watch the marks survive leaving and returning. The keep gains a memory.",,,2026-06-02,,,,,1239,2026-06-05,,
curriculum/sinclair-zx-spectrum/assembly/shadowkeep/unit-08.mdx,curriculum,/systems/sinclair-zx-spectrum/assembly/shadowkeep/unit-08/,Three Rooms,"The flick-screen engine is complete — graph, doorways, memory. Now build a keep with it: three connected rooms, each with its own character, doors lined up so the whole thing reads as one place to explore. No new code, all design.",,,2026-06-02,,,,,1155,2026-06-05,,
curriculum/sinclair-zx-spectrum/assembly/shadowkeep/unit-09.mdx,curriculum,/systems/sinclair-zx-spectrum/assembly/shadowkeep/unit-09/,The Keep's Gold,"Three rooms you can wander, and nothing to do in them. Scatter gold through the keep, let the thief lift each coin as he steps on it, and make the last one matter: collect them all and the keep stands.",,,2026-07-04,,,,,1247,2026-07-05,,
curriculum/sinclair-zx-spectrum/assembly/shadowkeep/unit-10.mdx,curriculum,/systems/sinclair-zx-spectrum/assembly/shadowkeep/unit-10/,Something in the Dark,"The keep has never had anyone in it but you. Give it a second figure — a Warden, drawn the same way as the thief, with its own private patch of screen to save and restore — and set it walking a slow, fixed route of its own.",,,2026-07-04,,,,,1350,2026-07-05,,
curriculum/sinclair-zx-spectrum/assembly/shadowkeep/unit-11.mdx,curriculum,/systems/sinclair-zx-spectrum/assembly/shadowkeep/unit-11/,Join the Sleepers,"The Warden walks, but it cannot touch you. Give its touch a consequence — the one the keep has lacked since the first room — and the Place stops being a walk and becomes a game: step where it steps, and you join the sleepers.",,,2026-07-04,,,,,1354,2026-07-05,,
curriculum/sinclair-zx-spectrum/assembly/shadowkeep/unit-12.mdx,curriculum,/systems/sinclair-zx-spectrum/assembly/shadowkeep/unit-12/,A Warden for Every Room,"One Warden in one room is a demo. Turn the Warden into data — a table with a line per room — so every room instantiates its own patrol on the coins' ground, and the whole keep, at last, is a game.",,,2026-07-04,,,,,1318,2026-07-05,,
curriculum/sinclair-zx-spectrum/assembly/shadowkeep/unit-13.mdx,curriculum,/systems/sinclair-zx-spectrum/assembly/shadowkeep/unit-13/,Light and Shadow,"The keep is a finished game — but lit like a warehouse, every cell the same cold blue. Hang a torch and let the dithering you met in Unit 2 become lighting: pick each floor cell's shade by its distance from the flame, so a pool of light fades into the dark.",,,2026-07-04,,,,,1392,2026-07-05,,
curriculum/sinclair-zx-spectrum/assembly/shadowkeep/unit-14.mdx,curriculum,/systems/sinclair-zx-spectrum/assembly/shadowkeep/unit-14/,Furnishings,"A lit room is still a bare room. Add the things light falls on — a statue, banners, a scatter of rubble — as tiles in the palette. Bright ones you walk around, dim ones you walk over, and the keep starts to feel inhabited.",,,2026-07-04,,,,,1213,2026-07-05,,
curriculum/sinclair-zx-spectrum/assembly/shadowkeep/unit-15.mdx,curriculum,/systems/sinclair-zx-spectrum/assembly/shadowkeep/unit-15/,Mood through Constraint,"The lighting engine is built; now compose with it. Give each room its own falloff — one byte — so the Hall reads as a broad lit chamber and the Vault as a near-black crypt lit only at the altar. Same two colours, same dither; restraint is the technique.",,,2026-07-04,,,,,1166,2026-07-05,,
curriculum/sinclair-zx-spectrum/assembly/shadowkeep/unit-16.mdx,curriculum,/systems/sinclair-zx-spectrum/assembly/shadowkeep/unit-16/,A Keep with Character,Compose the whole keep as one place. Let a room hold more than one torch — each floor cell lit by its nearest flame — and use that with per-room falloff to give every chamber its own character from one coherent toolset.,,,2026-07-04,,,,,1134,2026-07-05,,
curriculum/sinclair-zx-spectrum/assembly/shadowkeep/unit-17.mdx,curriculum,/systems/sinclair-zx-spectrum/assembly/shadowkeep/unit-17/,Footsteps and Doors,"The keep's events already sound — coins chime, victory flourishes, capture tolls. What's missing is the sound of the place itself. From the same one-bit beeper, add a footfall under every step and a falling creak at every door: sound as place, not as feedback.",,,2026-07-04,,,,,1239,2026-07-05,,
curriculum/sinclair-zx-spectrum/assembly/shadowkeep/unit-18.mdx,curriculum,/systems/sinclair-zx-spectrum/assembly/shadowkeep/unit-18/,A Theme in One Voice,"Write music on one bit. Turn the note-table into a tune the title loops while it waits — pitch/duration pairs driving the beep primitive — and compose a short, solemn theme in D minor. One voice, no harmony: the melody carries the whole mood alone, and the keypress is never swallowed.",,,2026-07-04,,,,,1254,2026-07-05,,
curriculum/sinclair-zx-spectrum/assembly/shadowkeep/unit-19.mdx,curriculum,/systems/sinclair-zx-spectrum/assembly/shadowkeep/unit-19/,Stand or Sleep,"Everything is here — the game plays, sounds, lights and sings. This unit seals it: a hand-pixelled crown of stone over the title, and the course's own proof met head-on — a run to each ending, THE KEEP STANDS and THE KEEP SLEEPS, both reachable, both real. And the proof earns its keep: driven to the edge, it catches a tie that read a won game as a lost one — the same ordering bug that hid in Gloaming and The Long Night — and closes it.",,,2026-07-04,,,,,1599,2026-07-05,,
curriculum/sinclair-zx-spectrum/assembly/skyhawk/index.mdx,curriculum,/systems/sinclair-zx-spectrum/assembly/skyhawk/,Skyhawk,A horizontal shooter that puts many masked sprites on screen and scrolls the world smoothly in software.,,,,,,,,51,2026-06-10,,
curriculum/sinclair-zx-spectrum/assembly/spectral-legacy/index.mdx,curriculum,/systems/sinclair-zx-spectrum/assembly/spectral-legacy/,Spectral Legacy,The commercial-quality capstone combining all techniques with professional distribution.,,,,,,,,176,2026-06-10,,
curriculum/sinclair-zx-spectrum/assembly/starfall/index.mdx,curriculum,/systems/sinclair-zx-spectrum/assembly/starfall/,Starfall,A 128K vertical shooter with AY music and dense bullet patterns.,,,,,,,,50,2026-06-10,,
curriculum/sinclair-zx-spectrum/assembly/the-long-night/index.mdx,curriculum,/systems/sinclair-zx-spectrum/assembly/the-long-night/,The Long Night,"The night fights back. Pools of claimed light, a tendril of creeping dark, a grudge-bearing hunter and a five-watch night with a dawn at the end — built by upgrading the finished Gloaming, byte for byte, exactly as it happened.",,,,,,,,570,2026-07-03,,
curriculum/sinclair-zx-spectrum/assembly/the-long-night/unit-01.mdx,curriculum,/systems/sinclair-zx-spectrum/assembly/the-long-night/unit-01/,The Dark Seeks the Light,"The hunt generalises: a Manhattan scan over every lit lamp — and your own flame — replaces the single-target chase, and the wisp learns to take back what you lit, using your own saved-under trick against you.",,,2026-07-03,,,,,1176,2026-07-03,,
curriculum/sinclair-zx-spectrum/assembly/the-long-night/unit-02.mdx,curriculum,/systems/sinclair-zx-spectrum/assembly/the-long-night/unit-02/,It Carries Its Prize Home,"Behaviour needs rhythm, not just rules: a one-byte mode flag gives the wisp a cycle — hunt, snuff, withdraw, rest — and every theft buys the lamplighter a window he can plan inside.",,,2026-07-03,,,,,1060,2026-07-03,,
curriculum/sinclair-zx-spectrum/assembly/the-long-night/unit-03.mdx,curriculum,/systems/sinclair-zx-spectrum/assembly/the-long-night/unit-03/,The Pools of Light,"Claimed ground: every lit lamp warms the eight cells around it, rebuilt from lamp truth after every change — and the restore-both-movers discipline that keeps two sprites honest while the world recolours under them.",,,2026-07-03,,,,,1116,2026-07-03,,
curriculum/sinclair-zx-spectrum/assembly/the-long-night/unit-04.mdx,curriculum,/systems/sinclair-zx-spectrum/assembly/the-long-night/unit-04/,The Tendril,"The night takes territory: every cell the wisp crosses turns to solid, impassable dark, held in a fixed-length ring buffer whose oldest claim always releases — no permanent walls, by construction — plus the two gap bugs the real build hit, and their fixes.",,,2026-07-03,,,,,1369,2026-07-03,,
curriculum/sinclair-zx-spectrum/assembly/the-long-night/unit-05.mdx,curriculum,/systems/sinclair-zx-spectrum/assembly/the-long-night/unit-05/,The Night Bears Grudges,"The eraser problem: greedy-nearest camps your work, so the night learns to reclaim the ground it lost first — a lit-order queue replaces the Manhattan scan, and the sharpest design lesson in the module gets its name.",,,2026-07-03,,,,,1262,2026-07-03,,
curriculum/sinclair-zx-spectrum/assembly/the-long-night/unit-06.mdx,curriculum,/systems/sinclair-zx-spectrum/assembly/the-long-night/unit-06/,The Night Deepens,"One dusk becomes a five-watch night: the run/watch state split, a win screen that deepens instead of ending, escalation as two data tables and a corner probe — and a small lie in the lives display, caught and fixed.",,,2026-07-03,,,,,1215,2026-07-03,,
curriculum/sinclair-zx-spectrum/assembly/the-long-night/unit-07.mdx,curriculum,/systems/sinclair-zx-spectrum/assembly/the-long-night/unit-07/,Dawn Breaks,"A run needs an ending you can reach: the fifth watch held becomes the true win — a new state, the morning's own screen, and a blocking ceremony that sweeps the square gold row by row.",,,2026-07-03,,,,,1106,2026-07-03,,
curriculum/sinclair-zx-spectrum/assembly/the-long-night/unit-08.mdx,curriculum,/systems/sinclair-zx-spectrum/assembly/the-long-night/unit-08/,The Dusk Bells,"The title's one-shot chime becomes a real tune — and a tune changes the input contract of every screen that returns to the title. Deaf rests, listening rests, a latched keypress, and the snuff finally finds its voice.",,,2026-07-03,,,,,1674,2026-07-03,,
curriculum/sinclair-zx-spectrum/assembly/the-long-night/unit-09.mdx,curriculum,/systems/sinclair-zx-spectrum/assembly/the-long-night/unit-09/,Your Longest Night,"What deserves to survive changed: the best-lives row becomes the watches you survived — a replacement, not an addition, and the only unit whose diff removes working code from the game you inherited.",,,2026-07-03,,,,,982,2026-07-03,,
curriculum/sinclair-zx-spectrum/assembly/the-long-night/unit-10.mdx,curriculum,/systems/sinclair-zx-spectrum/assembly/the-long-night/unit-10/,The Dawn Phrase,"Motif discipline: the dawn gets its own voice — dusk's bell answered and reversed — auditioned by ear from three candidates in notation. Your build is the shipped game, byte for byte — and then the winnability gate does its work: a fifth-watch tie that denied the dawn, and a wall that killed through the wisp, both inherited from Gloaming's engine, both closed.",,,2026-07-03,,,,,1875,2026-07-05,,
curriculum/sinclair-zx-spectrum/assembly/wyrmhold/index.mdx,curriculum,/systems/sinclair-zx-spectrum/assembly/wyrmhold/,Wyrmhold,A sprawling arcade-adventure — a large interconnected world with inventory and a save system.,,,,,,,,55,2026-06-10,,
curriculum/sinclair-zx-spectrum/basic/basic-reference/index.mdx,curriculum,/systems/sinclair-zx-spectrum/basic/basic-reference/,Sinclair BASIC reference lessons,"Explore individual Spectrum BASIC commands, the keyboard, graphics, sound, saving and debugging.",,,,,,,,66,2026-09-09,,
curriculum/sinclair-zx-spectrum/basic/basic-reference/unit-01.mdx,curriculum,/systems/sinclair-zx-spectrum/basic/basic-reference/unit-01/,The Keyboard Types Words,"Type your first Sinclair BASIC line, run it, and read the report the Spectrum prints back. Meet the keyboard that types whole words from a single key — and the type-run loop you'll use all primer.",,,2026-06-05,,,,,675,2026-09-09,,
curriculum/sinclair-zx-spectrum/basic/basic-reference/unit-02.mdx,curriculum,/systems/sinclair-zx-spectrum/basic/basic-reference/unit-02/,The Line Number Is an Address,"Edit a program by its line numbers — replace a line by reusing its number, slip a new line into a gap, delete one, and LIST them in order. The number is the line's address, and that is the whole of editing.",,,2026-06-05,,,,,618,2026-09-09,,
curriculum/sinclair-zx-spectrum/basic/basic-reference/unit-03.mdx,curriculum,/systems/sinclair-zx-spectrum/basic/basic-reference/unit-03/,"PRINT, Properly","Give PRINT its punctuation — join text and numbers with a semicolon, line them up in columns with a comma, break a line with an apostrophe — then clear the screen with CLS and start the title card you'll grow all primer.",,,2026-06-05,,,,,480,2026-09-09,,
curriculum/sinclair-zx-spectrum/basic/basic-reference/unit-04.mdx,curriculum,/systems/sinclair-zx-spectrum/basic/basic-reference/unit-04/,"LET, and What You May Name","Store a value in a named box with LET, use it, and change it — then meet the Spectrum's own rule: numeric names can be long, but a text variable must be a single letter plus a dollar sign. See name$ fail, and learn why.",,,2026-06-05,,,,,594,2026-09-09,,
curriculum/sinclair-zx-spectrum/basic/basic-reference/unit-05.mdx,curriculum,/systems/sinclair-zx-spectrum/basic/basic-reference/unit-05/,INPUT — the Program Listens,"Make the program wait for the person at the keyboard. INPUT reads what they type into a variable — text into a single-letter dollar name, numbers into a numeric one — the first time the program responds to you, not just itself.",,,2026-06-05,,,,,432,2026-09-09,,
curriculum/sinclair-zx-spectrum/basic/basic-reference/unit-06.mdx,curriculum,/systems/sinclair-zx-spectrum/basic/basic-reference/unit-06/,"IF / THEN, the Spectrum Way","Make the program decide. IF ... THEN acts only when a condition holds — and Sinclair BASIC has operators of its own: <> for not-equal, AND and OR that are logical not bitwise, and no ELSE, so you write a second IF.",,,2026-06-05,,,,,433,2026-09-09,,
curriculum/sinclair-zx-spectrum/basic/basic-reference/unit-07.mdx,curriculum,/systems/sinclair-zx-spectrum/basic/basic-reference/unit-07/,FOR / NEXT Counts For You,"Repeat a block a set number of times without copying a single line. FOR ... NEXT counts from one number to another, hands you the count as a variable you can use, and counts backwards too with STEP.",,,2026-06-05,,,,,437,2026-09-09,,
curriculum/sinclair-zx-spectrum/basic/basic-reference/unit-08.mdx,curriculum,/systems/sinclair-zx-spectrum/basic/basic-reference/unit-08/,"GO TO, GO SUB, and the Game Loop",Build the loop every game runs on — keep asking until the player wins — with GO TO. Package a job and call it from anywhere with GO SUB and RETURN. And let the computer pick a secret number with RND.,,,2026-06-05,,,,,663,2026-09-09,,
curriculum/sinclair-zx-spectrum/basic/basic-reference/unit-09.mdx,curriculum,/systems/sinclair-zx-spectrum/basic/basic-reference/unit-09/,The Screen Is a Grid,"Place text anywhere with PRINT AT. The Spectrum's screen is a grid 32 columns wide and 24 rows tall, addressed from the top-left — so you can put a label in a corner, the centre, or wherever the layout needs it. The title card finds its spot.",,,2026-06-05,,,,,429,2026-09-09,,
curriculum/sinclair-zx-spectrum/basic/basic-reference/unit-10.mdx,curriculum,/systems/sinclair-zx-spectrum/basic/basic-reference/unit-10/,"Colour, and Text in Many Colours","Turn a grey screen into a Spectrum screen. INK, PAPER and BORDER set the colours; BRIGHT and FLASH add punch; and a loop that changes INK per letter paints text in every colour at once. The title card gets its palette.",,,2026-06-05,,,,,544,2026-09-09,,
curriculum/sinclair-zx-spectrum/basic/basic-reference/unit-11.mdx,curriculum,/systems/sinclair-zx-spectrum/basic/basic-reference/unit-11/,The Machine Can Sing,Make a sound in one line. BEEP plays a note — you give it a length and a pitch — and a FOR loop turns a row of notes into a rising fanfare. The title card gets its voice.,,,2026-06-05,,,,,503,2026-09-09,,
curriculum/sinclair-zx-spectrum/basic/basic-reference/unit-12.mdx,curriculum,/systems/sinclair-zx-spectrum/basic/basic-reference/unit-12/,Drawing With Light,"Draw shapes, not just text. PLOT lights a pixel, DRAW runs a line from it, CIRCLE draws a circle — on a finer grid than the character one, measured from the bottom-left. A frame goes round the title card.",,,2026-06-05,,,,,482,2026-09-09,,
curriculum/sinclair-zx-spectrum/basic/basic-reference/unit-13.mdx,curriculum,/systems/sinclair-zx-spectrum/basic/basic-reference/unit-13/,Making It Move,"Bring the title card to life. Animation is draw, wait, erase, move, repeat — built from a loop, PRINT AT, and a pause, with nothing new to learn. And in the flicker of it, you'll see exactly why the Spectrum's legends wrote their games in assembly.",,,2026-06-05,,,,,540,2026-09-09,,
curriculum/sinclair-zx-spectrum/basic/basic-reference/unit-14.mdx,curriculum,/systems/sinclair-zx-spectrum/basic/basic-reference/unit-14/,Keeping Your Work,A program you can't keep isn't yours yet. SAVE stores your program so it survives the machine switching off; LOAD brings it back. On a real Spectrum that's tape; in an emulator it's a file — but the words are the same.,,,2026-06-05,,,,,516,2026-09-09,,
curriculum/sinclair-zx-spectrum/basic/basic-reference/unit-15.mdx,curriculum,/systems/sinclair-zx-spectrum/basic/basic-reference/unit-15/,When It's Wrong,"The skill that separates getting it done from getting stuck. The Spectrum tells you how every program stopped — a code, a message, and the line. Read the report, read the state, and find out why; don't guess. The debugging mindset, as the primer's last lesson.",,,2026-06-05,,,,,786,2026-09-09,,
curriculum/sinclair-zx-spectrum/basic/brick-bash/index.mdx,curriculum,/systems/sinclair-zx-spectrum/basic/brick-bash/,Brick Bash,"Catch a pixel ball, aim its return and clear eighteen bricks.",,,,,,,,316,2026-09-17,,
curriculum/sinclair-zx-spectrum/basic/brick-bash/unit-01-draw-below-the-character-grid.mdx,curriculum,/systems/sinclair-zx-spectrum/basic/brick-bash/unit-01-draw-below-the-character-grid/,Draw below the character grid,Draw and toggle a four-pixel ball while distinguishing pixel and character coordinates.,,,,,,,,579,2026-09-17,,
curriculum/sinclair-zx-spectrum/basic/brick-bash/unit-02-send-the-ball-bouncing.mdx,curriculum,/systems/sinclair-zx-spectrum/basic/brick-bash/unit-02-send-the-ball-bouncing/,Send the ball bouncing,Propose and reflect a move before changing the ball on screen.,,,,,,,,575,2026-09-17,,
curriculum/sinclair-zx-spectrum/basic/brick-bash/unit-03-put-the-paddle-under-your-control.mdx,curriculum,/systems/sinclair-zx-spectrum/basic/brick-bash/unit-03-put-the-paddle-under-your-control/,Put the paddle under your control,Build a rounded character paddle and attach the ball until serving.,,,,,,,,518,2026-09-17,,
curriculum/sinclair-zx-spectrum/basic/brick-bash/unit-04-catch-the-falling-ball.mdx,curriculum,/systems/sinclair-zx-spectrum/basic/brick-bash/unit-04-catch-the-falling-ball/,Catch the falling ball,Use horizontal overlap to catch a falling two-pixel ball.,,,,,,,,460,2026-09-17,,
curriculum/sinclair-zx-spectrum/basic/brick-bash/unit-05-break-one-brick.mdx,curriculum,/systems/sinclair-zx-spectrum/basic/brick-bash/unit-05-break-one-brick/,Break one brick,"Separate a brick picture, its rectangle and its stored live state.",,,,,,,,532,2026-09-17,,
curriculum/sinclair-zx-spectrum/basic/brick-bash/unit-06-give-the-wall-an-address.mdx,curriculum,/systems/sinclair-zx-spectrum/basic/brick-bash/unit-06-give-the-wall-an-address/,Give the wall an address,"Inspect wall addresses, gaps and removed bricks before returning to play.",,,,,,,,698,2026-09-17,,
curriculum/sinclair-zx-spectrum/basic/brick-bash/unit-07-break-the-whole-wall.mdx,curriculum,/systems/sinclair-zx-spectrum/basic/brick-bash/unit-07-break-the-whole-wall/,Break the whole wall,Connect the moving ball to a three-by-six wall of destructible bricks.,,,,,,,,582,2026-09-17,,
curriculum/sinclair-zx-spectrum/basic/brick-bash/unit-08-aim-with-the-paddle.mdx,curriculum,/systems/sinclair-zx-spectrum/basic/brick-bash/unit-08-aim-with-the-paddle/,Aim with the paddle,"Choose a left, vertical or right return from paddle contact.",,,,,,,,491,2026-09-17,,
curriculum/sinclair-zx-spectrum/basic/brick-bash/unit-09-finish-the-round.mdx,curriculum,/systems/sinclair-zx-spectrum/basic/brick-bash/unit-09-finish-the-round/,Finish the round,"Add instructions and check every start, retry and exit path.",,,,,,,,493,2026-09-17,,
curriculum/sinclair-zx-spectrum/basic/brick-bash/unit-10-keep-the-game.mdx,curriculum,/systems/sinclair-zx-spectrum/basic/brick-bash/unit-10-keep-the-game/,Keep the game,Save and cold-load the complete eighteen-brick game.,,,,,,,,403,2026-09-17,,
curriculum/sinclair-zx-spectrum/basic/bright-spark/index.mdx,curriculum,/systems/sinclair-zx-spectrum/basic/bright-spark/,Bright Spark,"Build a four-panel memory game: store an order, play its signals, compare the player's response and grow a sixteen-round challenge.",,,2026-05-25,,,,,225,2026-09-09,,
curriculum/sinclair-zx-spectrum/basic/bright-spark/unit-01-four-choices-on-the-screen.mdx,curriculum,/systems/sinclair-zx-spectrum/basic/bright-spark/unit-01-four-choices-on-the-screen/,Four choices on the screen,"Build a labelled board from coloured character cells, then make one drawing routine serve four positions.",,,,,,,,978,2026-09-09,,
curriculum/sinclair-zx-spectrum/basic/bright-spark/unit-02-give-a-choice-a-signal.mdx,curriculum,/systems/sinclair-zx-spectrum/basic/bright-spark/unit-02-give-a-choice-a-signal/,Give a choice a signal,"Light and restore a panel, give it a note, then use the same cue routine for all four choices.",,,,,,,,1530,2026-09-09,yes,
curriculum/sinclair-zx-spectrum/basic/bright-spark/unit-03-remember-an-order.mdx,curriculum,/systems/sinclair-zx-spectrum/basic/bright-spark/unit-03-remember-an-order/,Remember an order,"Store panel choices as text, find individual items and extend the order without losing its beginning.",,,,,,,,808,2026-09-09,,
curriculum/sinclair-zx-spectrum/basic/bright-spark/unit-04-play-the-stored-order.mdx,curriculum,/systems/sinclair-zx-spectrum/basic/bright-spark/unit-04-play-the-stored-order/,Play the stored order,"Read each stored choice, turn its digit into a panel number and play the sequence with a way to quit.",,,,,,,,1281,2026-09-09,yes,
curriculum/sinclair-zx-spectrum/basic/bright-spark/unit-05-let-the-player-repeat-it.mdx,curriculum,/systems/sinclair-zx-spectrum/basic/bright-spark/unit-05-let-the-player-repeat-it/,Let the player repeat it,"Read one fresh valid choice, echo it, then compare a whole response with the stored order.",,,,,,,,1195,2026-09-09,,
curriculum/sinclair-zx-spectrum/basic/bright-spark/unit-06-grow-a-new-round.mdx,curriculum,/systems/sinclair-zx-spectrum/basic/bright-spark/unit-06-grow-a-new-round/,Grow a new round,"Choose a random first item, preserve the sequence across successful rounds and end a finite challenge with an accurate score.",,,,,,,,1340,2026-09-09,yes,
curriculum/sinclair-zx-spectrum/basic/bright-spark/unit-07-finish-replay-and-keep-it.mdx,curriculum,/systems/sinclair-zx-spectrum/basic/bright-spark/unit-07-finish-replay-and-keep-it/,"Finish, replay and keep it","Explain the controls before play, restart with fresh state and save a complete game that can be reopened and shared.",,,,,,,,1865,2026-09-09,yes,
curriculum/sinclair-zx-spectrum/basic/cipher/index.mdx,curriculum,/systems/sinclair-zx-spectrum/basic/cipher/,Cipher,"Reveal a hidden word, remember your guesses and make seven mistakes count.",,,,,,,,268,2026-09-18,,
curriculum/sinclair-zx-spectrum/basic/cipher/unit-01-reveal-the-matches.mdx,curriculum,/systems/sinclair-zx-spectrum/basic/cipher/unit-01-reveal-the-matches/,Reveal the matches,Turn a hidden word into a string that records what is known.,,,,,,,,447,2026-09-18,,
curriculum/sinclair-zx-spectrum/basic/cipher/unit-02-choose-a-letter.mdx,curriculum,/systems/sinclair-zx-spectrum/basic/cipher/unit-02-choose-a-letter/,Choose a letter,Read one key press and reveal every matching position.,,,,,,,,485,2026-09-18,,
curriculum/sinclair-zx-spectrum/basic/cipher/unit-03-make-a-round.mdx,curriculum,/systems/sinclair-zx-spectrum/basic/cipher/unit-03-make-a-round/,Make a round,"Count distinct mistakes, recognise endings and preserve a paused word.",,,,,,,,579,2026-09-18,,
curriculum/sinclair-zx-spectrum/basic/cipher/unit-04-read-the-board.mdx,curriculum,/systems/sinclair-zx-spectrum/basic/cipher/unit-04-read-the-board/,Read the board,Show unused letters and update the parts of the screen that change.,,,,,,,,542,2026-09-18,,
curriculum/sinclair-zx-spectrum/basic/cipher/unit-05-choose-another-word.mdx,curriculum,/systems/sinclair-zx-spectrum/basic/cipher/unit-05-choose-another-word/,Choose another word,Keep content in DATA and carry scores between randomly selected words.,,,,,,,,532,2026-09-18,,
curriculum/sinclair-zx-spectrum/basic/cipher/unit-06-keep-cipher.mdx,curriculum,/systems/sinclair-zx-spectrum/basic/cipher/unit-06-keep-cipher/,Keep Cipher,"Save the complete game and test a fresh start, replay and quit.",,,,,,,,457,2026-09-18,,
curriculum/sinclair-zx-spectrum/basic/crates/index.mdx,curriculum,/systems/sinclair-zx-spectrum/basic/crates/,Crates,Build a three-room warehouse puzzle by checking the world before changing it.,,,,,,,,363,2026-09-16,,
curriculum/sinclair-zx-spectrum/basic/crates/unit-01-draw-a-wooden-crate.mdx,curriculum,/systems/sinclair-zx-spectrum/basic/crates/unit-01-draw-a-wooden-crate/,Draw a wooden crate,Build a 16×16 wooden crate from four custom characters.,,,,,,,,531,2026-09-16,,
curriculum/sinclair-zx-spectrum/basic/crates/unit-02-give-the-warehouse-a-memory.mdx,curriculum,/systems/sinclair-zx-spectrum/basic/crates/unit-02-give-the-warehouse-a-memory/,Give the warehouse a memory,Store the room in an array and draw a separate player over it.,,,,,,,,801,2026-09-16,,
curriculum/sinclair-zx-spectrum/basic/crates/unit-03-look-before-you-walk.mdx,curriculum,/systems/sinclair-zx-spectrum/basic/crates/unit-03-look-before-you-walk/,Look before you walk,Check a proposed step before moving the player.,,,,,,,,561,2026-09-16,,
curriculum/sinclair-zx-spectrum/basic/crates/unit-04-make-room-for-a-push.mdx,curriculum,/systems/sinclair-zx-spectrum/basic/crates/unit-04-make-room-for-a-push/,Make room for a push,Check the space beyond a crate and add a way to restart.,,,,,,,,446,2026-09-16,,
curriculum/sinclair-zx-spectrum/basic/crates/unit-05-keep-the-target-underneath.mdx,curriculum,/systems/sinclair-zx-spectrum/basic/crates/unit-05-keep-the-target-underneath/,Keep the target underneath,Remember targets when crates enter and leave them.,,,,,,,,394,2026-09-16,,
curriculum/sinclair-zx-spectrum/basic/crates/unit-06-finish-one-room.mdx,curriculum,/systems/sinclair-zx-spectrum/basic/crates/unit-06-finish-one-room/,Finish one room,"Count uncovered targets, then give the room a beginning and ending.",,,,,,,,474,2026-09-16,,
curriculum/sinclair-zx-spectrum/basic/crates/unit-07-read-the-room-from-a-map.mdx,curriculum,/systems/sinclair-zx-spectrum/basic/crates/unit-07-read-the-room-from-a-map/,Read the room from a map,Describe the same warehouse as eight readable strings.,,,,,,,,962,2026-09-16,yes,
curriculum/sinclair-zx-spectrum/basic/crates/unit-08-check-a-room-before-playing.mdx,curriculum,/systems/sinclair-zx-spectrum/basic/crates/unit-08-check-a-room-before-playing/,Check a room before playing,Reject malformed maps before movement begins.,,,,,,,,1526,2026-09-16,yes,
curriculum/sinclair-zx-spectrum/basic/crates/unit-09-choose-another-approach.mdx,curriculum,/systems/sinclair-zx-spectrum/basic/crates/unit-09-choose-another-approach/,Choose another approach,Load a second puzzle and separate restart from progression.,,,,,,,,451,2026-09-16,,
curriculum/sinclair-zx-spectrum/basic/crates/unit-10-make-space-for-another-crate.mdx,curriculum,/systems/sinclair-zx-spectrum/basic/crates/unit-10-make-space-for-another-crate/,Make space for another crate,Use the same rules for two crates that obstruct each other.,,,,,,,,484,2026-09-16,,
curriculum/sinclair-zx-spectrum/basic/crates/unit-11-keep-the-warehouse.mdx,curriculum,/systems/sinclair-zx-spectrum/basic/crates/unit-11-keep-the-warehouse/,Keep the warehouse,"Save, reload and check a complete three-room visit.",,,,,,,,546,2026-09-16,,
curriculum/sinclair-zx-spectrum/basic/drift/index.mdx,curriculum,/systems/sinclair-zx-spectrum/basic/drift/,Drift,"Turn, thrust and counterthrust to bring a drifting ship gently into dock.",,,,,,,,278,2026-09-17,,
curriculum/sinclair-zx-spectrum/basic/drift/unit-01-give-the-ship-a-nose.mdx,curriculum,/systems/sinclair-zx-spectrum/basic/drift/unit-01-give-the-ship-a-nose/,Give the ship a nose,Draw and erase a vector ship around a stored centre.,,,,,,,,585,2026-09-17,,
curriculum/sinclair-zx-spectrum/basic/drift/unit-02-point-somewhere-else.mdx,curriculum,/systems/sinclair-zx-spectrum/basic/drift/unit-02-point-somewhere-else/,Point somewhere else,Use eight stored directions to rotate a triangle without moving it.,,,,,,,,793,2026-09-17,,
curriculum/sinclair-zx-spectrum/basic/drift/unit-03-burn-then-let-go.mdx,curriculum,/systems/sinclair-zx-spectrum/basic/drift/unit-03-burn-then-let-go/,"Burn, then let go","Separate heading, velocity and position to build inertial flight.",,,,,,,,580,2026-09-17,,
curriculum/sinclair-zx-spectrum/basic/drift/unit-04-turn-back-to-brake.mdx,curriculum,/systems/sinclair-zx-spectrum/basic/drift/unit-04-turn-back-to-brake/,Turn back to brake,Use counterthrust to slow down with the existing flight rules.,,,,,,,,490,2026-09-17,,
curriculum/sinclair-zx-spectrum/basic/drift/unit-05-read-the-motion.mdx,curriculum,/systems/sinclair-zx-spectrum/basic/drift/unit-05-read-the-motion/,Read the motion,Display speed and direction without rounding away the stored motion.,,,,,,,,595,2026-09-17,,
curriculum/sinclair-zx-spectrum/basic/drift/unit-06-arrive-gently.mdx,curriculum,/systems/sinclair-zx-spectrum/basic/drift/unit-06-arrive-gently/,Arrive gently,Combine position and velocity in a soft docking challenge.,,,,,,,,530,2026-09-17,,
curriculum/sinclair-zx-spectrum/basic/drift/unit-07-finish-the-flight.mdx,curriculum,/systems/sinclair-zx-spectrum/basic/drift/unit-07-finish-the-flight/,Finish the flight,"Add instructions and trace the start, retry and exit paths.",,,,,,,,469,2026-09-17,,
curriculum/sinclair-zx-spectrum/basic/drift/unit-08-keep-the-game.mdx,curriculum,/systems/sinclair-zx-spectrum/basic/drift/unit-08-keep-the-game/,Keep the game,Save Drift and test it in a fresh 48K Spectrum session.,,,,,,,,501,2026-09-17,,
curriculum/sinclair-zx-spectrum/basic/locksmith/index.mdx,curriculum,/systems/sinclair-zx-spectrum/basic/locksmith/,Locksmith,Crack a four-digit code by combining clues without counting a digit twice.,,,,,,,,208,2026-09-17,,
curriculum/sinclair-zx-spectrum/basic/locksmith/unit-01-make-room-for-a-guess.mdx,curriculum,/systems/sinclair-zx-spectrum/basic/locksmith/unit-01-make-room-for-a-guess/,Make room for a guess,Draw a board with four spaces ready for an editable guess.,,,,,,,,431,2026-09-17,,
curriculum/sinclair-zx-spectrum/basic/locksmith/unit-02-edit-four-digits.mdx,curriculum,/systems/sinclair-zx-spectrum/basic/locksmith/unit-02-edit-four-digits/,Edit four digits,"Read individual keys, limit a guess and erase its last digit.",,,,,,,,497,2026-09-17,,
curriculum/sinclair-zx-spectrum/basic/locksmith/unit-03-check-the-places.mdx,curriculum,/systems/sinclair-zx-spectrum/basic/locksmith/unit-03-check-the-places/,Check the places,Compare four positions against a visible practice code.,,,,,,,,427,2026-09-17,,
curriculum/sinclair-zx-spectrum/basic/locksmith/unit-04-count-each-digit-once.mdx,curriculum,/systems/sinclair-zx-spectrum/basic/locksmith/unit-04-count-each-digit-once/,Count each digit once,Handle repeated digits without counting an occurrence twice.,,,,,,,,385,2026-09-17,,
curriculum/sinclair-zx-spectrum/basic/locksmith/unit-05-keep-earlier-clues.mdx,curriculum,/systems/sinclair-zx-spectrum/basic/locksmith/unit-05-keep-earlier-clues/,Keep earlier clues,Give each guess a row and preserve the clues already earned.,,,,,,,,478,2026-09-17,,
curriculum/sinclair-zx-spectrum/basic/locksmith/unit-06-put-the-clues-together.mdx,curriculum,/systems/sinclair-zx-spectrum/basic/locksmith/unit-06-put-the-clues-together/,Put the clues together,Combine three clues to narrow six arrangements to one.,,,,,,,,369,2026-09-17,,
curriculum/sinclair-zx-spectrum/basic/locksmith/unit-07-hide-a-new-code.mdx,curriculum,/systems/sinclair-zx-spectrum/basic/locksmith/unit-07-hide-a-new-code/,Hide a new code,Generate a hidden code and give the round two endings.,,,,,,,,444,2026-09-17,,
curriculum/sinclair-zx-spectrum/basic/locksmith/unit-08-invite-the-player-in.mdx,curriculum,/systems/sinclair-zx-spectrum/basic/locksmith/unit-08-invite-the-player-in/,Invite the player in,Explain the rules before starting the code-breaking game.,,,,,,,,434,2026-09-17,,
curriculum/sinclair-zx-spectrum/basic/locksmith/unit-09-keep-the-game.mdx,curriculum,/systems/sinclair-zx-spectrum/basic/locksmith/unit-09-keep-the-game/,Keep the game,Save Locksmith to tape and check it in a fresh Spectrum session.,,,,,,,,404,2026-09-17,,
curriculum/sinclair-zx-spectrum/basic/meet-basic/index.mdx,curriculum,/systems/sinclair-zx-spectrum/basic/meet-basic/,Meet BASIC,"Make a story, a guessing game, a playful oracle and a keyboard-controlled marker.",,,,,,,,654,2026-09-06,,
curriculum/sinclair-zx-spectrum/basic/meet-basic/unit-01-make-the-spectrum-answer.mdx,curriculum,/systems/sinclair-zx-spectrum/basic/meet-basic/unit-01-make-the-spectrum-answer/,Make the Spectrum answer,"Enter a greeting, turn it into a program, and change what it says.",,,2026-09-05,,,,,1016,2026-09-21,,
curriculum/sinclair-zx-spectrum/basic/meet-basic/unit-02-remember-and-save.mdx,curriculum,/systems/sinclair-zx-spectrum/basic/meet-basic/unit-02-remember-and-save/,Remember a name; keep the program,"Give a name a place in memory, use it in a greeting, and keep your work.",,,2026-09-05,,,,,1053,2026-09-09,,
curriculum/sinclair-zx-spectrum/basic/meet-basic/unit-03-ask-and-use-the-answer.mdx,curriculum,/systems/sinclair-zx-spectrum/basic/meet-basic/unit-03-ask-and-use-the-answer/,"Ask, then use the answer","Let someone supply the words, then turn their answers into a sentence.",,,2026-09-05,,,,,672,2026-09-09,,
curriculum/sinclair-zx-spectrum/basic/meet-basic/unit-04-a-story-worth-sharing.mdx,curriculum,/systems/sinclair-zx-spectrum/basic/meet-basic/unit-04-a-story-worth-sharing/,A story worth sharing,"Give the meeting a place and another event, then arrange and save the finished story.",,,2026-09-05,,,,,1334,2026-09-09,yes,
curriculum/sinclair-zx-spectrum/basic/meet-basic/unit-05-give-a-useful-clue.mdx,curriculum,/systems/sinclair-zx-spectrum/basic/meet-basic/unit-05-give-a-useful-clue/,Give a useful clue,"Compare a guess with a known secret, then give a clue that helps someone choose again.",,,2026-09-06,,,,,828,2026-09-09,,
curriculum/sinclair-zx-spectrum/basic/meet-basic/unit-06-keep-guessing.mdx,curriculum,/systems/sinclair-zx-spectrum/basic/meet-basic/unit-06-keep-guessing/,Keep guessing,"Ask again after a wrong guess, count attempts and reject numbers outside the rules.",,,2026-09-06,,,,,1199,2026-09-09,,
curriculum/sinclair-zx-spectrum/basic/meet-basic/unit-07-choose-a-new-secret.mdx,curriculum,/systems/sinclair-zx-spectrum/basic/meet-basic/unit-07-choose-a-new-secret/,Choose a new secret,"Turn a random fraction into a whole number, then test the range.",,,2026-09-06,,,,,653,2026-09-09,,
curriculum/sinclair-zx-spectrum/basic/meet-basic/unit-08-feedback-and-another-round.mdx,curriculum,/systems/sinclair-zx-spectrum/basic/meet-basic/unit-08-feedback-and-another-round/,Feedback and another round,"Add readable colours, short sounds and a choice to play again.",,,2026-09-06,,,,,727,2026-09-09,,
curriculum/sinclair-zx-spectrum/basic/meet-basic/unit-09-choose-an-answer.mdx,curriculum,/systems/sinclair-zx-spectrum/basic/meet-basic/unit-09-choose-an-answer/,Choose an answer,Give Oracle Stone three responses and let chance choose between them.,,,2026-09-06,,,,,548,2026-09-09,,
curriculum/sinclair-zx-spectrum/basic/meet-basic/unit-10-give-the-answer-a-rhythm.mdx,curriculum,/systems/sinclair-zx-spectrum/basic/meet-basic/unit-10-give-the-answer-a-rhythm/,Give the answer a rhythm,Use pauses and a counted loop to make the answer arrive deliberately.,,,2026-09-06,,,,,594,2026-09-09,,
curriculum/sinclair-zx-spectrum/basic/meet-basic/unit-11-write-the-repeated-job-once.mdx,curriculum,/systems/sinclair-zx-spectrum/basic/meet-basic/unit-11-write-the-repeated-job-once/,Write the repeated job once,Replace a duplicated heading with a routine that returns to its caller.,,,2026-09-06,,,,,582,2026-09-09,,
curriculum/sinclair-zx-spectrum/basic/meet-basic/unit-12-put-it-somewhere.mdx,curriculum,/systems/sinclair-zx-spectrum/basic/meet-basic/unit-12-put-it-somewhere/,Put it somewhere,"Place a marker using a row and column, then store its position.",,,2026-09-06,,,,,465,2026-09-09,,
curriculum/sinclair-zx-spectrum/basic/meet-basic/unit-13-make-it-move.mdx,curriculum,/systems/sinclair-zx-spectrum/basic/meet-basic/unit-13-make-it-move/,Make it move,Compare leaving a trail with erasing a marker as its position changes.,,,2026-09-06,,,,,529,2026-09-09,,
curriculum/sinclair-zx-spectrum/basic/meet-basic/unit-14-let-the-player-steer.mdx,curriculum,/systems/sinclair-zx-spectrum/basic/meet-basic/unit-14-let-the-player-steer/,Let the player steer,Read the keyboard without stopping for a typed answer and check movement boundaries.,,,2026-09-06,,,,,565,2026-09-09,,
curriculum/sinclair-zx-spectrum/basic/meet-basic/unit-15-one-press-one-step.mdx,curriculum,/systems/sinclair-zx-spectrum/basic/meet-basic/unit-15-one-press-one-step/,"One press, one step","Wait for release, add a quit key and save the finished movement experiment.",,,2026-09-06,,,,,798,2026-09-09,,
curriculum/sinclair-zx-spectrum/basic/night-patrol/index.mdx,curriculum,/systems/sinclair-zx-spectrum/basic/night-patrol/,Night Patrol,"Read a guard's patrol, use cover and escape with the file.",,,,,,,,277,2026-09-19,,
curriculum/sinclair-zx-spectrum/basic/night-patrol/unit-01.mdx,curriculum,/systems/sinclair-zx-spectrum/basic/night-patrol/unit-01/,Draw the archive,Build a corridor map from strings and draw its characters.,,,,,,,,596,2026-09-19,,
curriculum/sinclair-zx-spectrum/basic/night-patrol/unit-02.mdx,curriculum,/systems/sinclair-zx-spectrum/basic/night-patrol/unit-02/,Walk the corridors,"Propose a move, test the map and restore the square behind you.",,,,,,,,508,2026-09-19,,
curriculum/sinclair-zx-spectrum/basic/night-patrol/unit-03.mdx,curriculum,/systems/sinclair-zx-spectrum/basic/night-patrol/unit-03/,Take the file home,Remember the file and recognise a safe return.,,,,,,,,425,2026-09-19,,
curriculum/sinclair-zx-spectrum/basic/night-patrol/unit-04.mdx,curriculum,/systems/sinclair-zx-spectrum/basic/night-patrol/unit-04/,Keep a patrol moving,"Give the guard its own schedule, even when you stand still.",,,,,,,,512,2026-09-19,,
curriculum/sinclair-zx-spectrum/basic/night-patrol/unit-05.mdx,curriculum,/systems/sinclair-zx-spectrum/basic/night-patrol/unit-05/,Look around at corners,Represent a patrol as positions and changing facings.,,,,,,,,429,2026-09-19,,
curriculum/sinclair-zx-spectrum/basic/night-patrol/unit-06.mdx,curriculum,/systems/sinclair-zx-spectrum/basic/night-patrol/unit-06/,Mark what can be seen,Build a logical sight mask for a stationary guard.,,,,,,,,671,2026-09-19,,
curriculum/sinclair-zx-spectrum/basic/night-patrol/unit-07.mdx,curriculum,/systems/sinclair-zx-spectrum/basic/night-patrol/unit-07/,Prepare the sight changes,Turn two visibility masks into one small change record.,,,,,,,,731,2026-09-19,,
curriculum/sinclair-zx-spectrum/basic/night-patrol/unit-08.mdx,curriculum,/systems/sinclair-zx-spectrum/basic/night-patrol/unit-08/,Move the field of view,Apply sight changes as the guard walks and looks around.,,,,,,,,578,2026-09-19,,
curriculum/sinclair-zx-spectrum/basic/night-patrol/unit-09.mdx,curriculum,/systems/sinclair-zx-spectrum/basic/night-patrol/unit-09/,Finish Night Patrol,"Add the title, key buffering and a complete reset.",,,,,,,,558,2026-09-19,,
curriculum/sinclair-zx-spectrum/basic/night-patrol/unit-10.mdx,curriculum,/systems/sinclair-zx-spectrum/basic/night-patrol/unit-10/,Keep Night Patrol,Save the finished game and recover it in a fresh machine.,,,,,,,,458,2026-09-19,,
curriculum/sinclair-zx-spectrum/basic/quickstep/index.mdx,curriculum,/systems/sinclair-zx-spectrum/basic/quickstep/,Quickstep,"Read six lanes of traffic, choose a gap and plan the step after it.",,,,,,,,220,2026-09-17,,
curriculum/sinclair-zx-spectrum/basic/quickstep/unit-01-make-a-place-to-cross.mdx,curriculum,/systems/sinclair-zx-spectrum/basic/quickstep/unit-01-make-a-place-to-cross/,Make a place to cross,Draw a practice crossing with original character artwork and logical cells.,,,,,,,,618,2026-09-17,,
curriculum/sinclair-zx-spectrum/basic/quickstep/unit-02-take-one-step.mdx,curriculum,/systems/sinclair-zx-spectrum/basic/quickstep/unit-02-take-one-step/,Take one step,Move one cell per key press while preserving bounds and backgrounds.,,,,,,,,548,2026-09-17,,
curriculum/sinclair-zx-spectrum/basic/quickstep/unit-03-move-a-lane-around.mdx,curriculum,/systems/sinclair-zx-spectrum/basic/quickstep/unit-03-move-a-lane-around/,Move a lane around,Rotate two character strings to draw wrapping traffic.,,,,,,,,562,2026-09-17,,
curriculum/sinclair-zx-spectrum/basic/quickstep/unit-04-let-traffic-keep-moving.mdx,curriculum,/systems/sinclair-zx-spectrum/basic/quickstep/unit-04-let-traffic-keep-moving/,Let traffic keep moving,Separate the frame target from a lane movement countdown.,,,,,,,,544,2026-09-17,,
curriculum/sinclair-zx-spectrum/basic/quickstep/unit-05-check-the-gap-twice.mdx,curriculum,/systems/sinclair-zx-spectrum/basic/quickstep/unit-05-check-the-gap-twice/,Check the gap twice,Test a proposed move before traffic advances and again afterwards.,,,,,,,,574,2026-09-17,,
curriculum/sinclair-zx-spectrum/basic/quickstep/unit-06-cross-two-banks-of-traffic.mdx,curriculum,/systems/sinclair-zx-spectrum/basic/quickstep/unit-06-cross-two-banks-of-traffic/,Cross two banks of traffic,Use arrays and lane records to build the full six-lane crossing.,,,,,,,,572,2026-09-17,,
curriculum/sinclair-zx-spectrum/basic/quickstep/unit-07-look-beyond-the-next-gap.mdx,curriculum,/systems/sinclair-zx-spectrum/basic/quickstep/unit-07-look-beyond-the-next-gap/,Look beyond the next gap,Trace safe waits and dangerous waits across consecutive updates.,,,,,,,,509,2026-09-17,,
curriculum/sinclair-zx-spectrum/basic/quickstep/unit-08-remember-a-short-press.mdx,curriculum,/systems/sinclair-zx-spectrum/basic/quickstep/unit-08-remember-a-short-press/,Remember a short press,Retain one recognised key while BASIC redraws the traffic.,,,,,,,,538,2026-09-17,,
curriculum/sinclair-zx-spectrum/basic/quickstep/unit-09-present-the-crossing.mdx,curriculum,/systems/sinclair-zx-spectrum/basic/quickstep/unit-09-present-the-crossing/,Present the crossing,"Add the title and verify the complete play, result and retry cycle.",,,,,,,,481,2026-09-17,,
curriculum/sinclair-zx-spectrum/basic/quickstep/unit-10-keep-the-game.mdx,curriculum,/systems/sinclair-zx-spectrum/basic/quickstep/unit-10-keep-the-game/,Keep the game,Save a self-starting tape and load Quickstep in a fresh 48K session.,,,,,,,,425,2026-09-17,,
curriculum/sinclair-zx-spectrum/basic/sonar/index.mdx,curriculum,/systems/sinclair-zx-spectrum/basic/sonar/,Sonar,Search an unseen sea by choosing probes and combining the clues they leave.,,,,,,,,378,2026-09-16,,
curriculum/sinclair-zx-spectrum/basic/sonar/unit-01-a-sea-to-search.mdx,curriculum,/systems/sinclair-zx-spectrum/basic/sonar/unit-01-a-sea-to-search/,A sea to search,Draw a labelled board and translate game coordinates into screen positions.,,,,,,,,566,2026-09-16,,
curriculum/sinclair-zx-spectrum/basic/sonar/unit-02-send-a-probe.mdx,curriculum,/systems/sinclair-zx-spectrum/basic/sonar/unit-02-send-a-probe/,Send a probe,Validate row and column input before testing a cell.,,,,,,,,596,2026-09-16,,
curriculum/sinclair-zx-spectrum/basic/sonar/unit-03-measure-the-distance.mdx,curriculum,/systems/sinclair-zx-spectrum/basic/sonar/unit-03-measure-the-distance/,Measure the distance,Use two coordinate differences to make a useful clue.,,,,,,,,402,2026-09-16,,
curriculum/sinclair-zx-spectrum/basic/sonar/unit-04-read-the-sonar.mdx,curriculum,/systems/sinclair-zx-spectrum/basic/sonar/unit-04-read-the-sonar/,Read the sonar,"Turn exact distances into near, medium and far clues.",,,,,,,,349,2026-09-21,,
curriculum/sinclair-zx-spectrum/basic/sonar/unit-05-remember-the-clues.mdx,curriculum,/systems/sinclair-zx-spectrum/basic/sonar/unit-05-remember-the-clues/,Remember the clues,Store the search in a two-dimensional array.,,,,,,,,535,2026-09-16,,
curriculum/sinclair-zx-spectrum/basic/sonar/unit-06-one-probe-one-count.mdx,curriculum,/systems/sinclair-zx-spectrum/basic/sonar/unit-06-one-probe-one-count/,"One probe, one count",Recognise repeated cells and redraw without changing the search.,,,,,,,,388,2026-09-16,,
curriculum/sinclair-zx-spectrum/basic/sonar/unit-07-a-complete-round.mdx,curriculum,/systems/sinclair-zx-spectrum/basic/sonar/unit-07-a-complete-round/,A complete round,"Add instructions, an ending and a reliable retry.",,,,,,,,379,2026-09-16,,
curriculum/sinclair-zx-spectrum/basic/sonar/unit-08-search-somewhere-new.mdx,curriculum,/systems/sinclair-zx-spectrum/basic/sonar/unit-08-search-somewhere-new/,Search somewhere new,Choose a new target without changing the clue rule.,,,,,,,,370,2026-09-16,,
curriculum/sinclair-zx-spectrum/basic/sonar/unit-09-keep-your-game.mdx,curriculum,/systems/sinclair-zx-spectrum/basic/sonar/unit-09-keep-your-game/,Keep your game,Save Sonar and check it from a fresh load.,,,,,,,,921,2026-09-16,yes,
curriculum/sinclair-zx-spectrum/basic/tail-chase/index.mdx,curriculum,/systems/sinclair-zx-spectrum/basic/tail-chase/,Tail Chase,Steer a growing snake and discover how ordered positions become a moving body.,,,,,,,,340,2026-09-17,,
curriculum/sinclair-zx-spectrum/basic/tail-chase/unit-01-give-the-snake-a-face.mdx,curriculum,/systems/sinclair-zx-spectrum/basic/tail-chase/unit-01-give-the-snake-a-face/,Give the snake a face,Draw an original eight-pixel face and place it inside a character-cell arena.,,,,,,,,434,2026-09-17,,
curriculum/sinclair-zx-spectrum/basic/tail-chase/unit-02-keep-moving.mdx,curriculum,/systems/sinclair-zx-spectrum/basic/tail-chase/unit-02-keep-moving/,Keep moving,Move a head continuously while polling keys and checking elapsed clock ticks.,,,,,,,,433,2026-09-17,,
curriculum/sinclair-zx-spectrum/basic/tail-chase/unit-03-choose-the-next-turn.mdx,curriculum,/systems/sinclair-zx-spectrum/basic/tail-chase/unit-03-choose-the-next-turn/,Choose the next turn,Queue one perpendicular turn per move and draw the matching face.,,,,,,,,398,2026-09-17,,
curriculum/sinclair-zx-spectrum/basic/tail-chase/unit-04-remember-where-the-head-went.mdx,curriculum,/systems/sinclair-zx-spectrum/basic/tail-chase/unit-04-remember-where-the-head-went/,Remember where the head went,Store a following body as an ordered list of recent head positions.,,,,,,,,364,2026-09-17,,
curriculum/sinclair-zx-spectrum/basic/tail-chase/unit-05-reuse-the-empty-slot.mdx,curriculum,/systems/sinclair-zx-spectrum/basic/tail-chase/unit-05-reuse-the-empty-slot/,Reuse the empty slot,Replace coordinate shifting with indices into reusable circular storage.,,,,,,,,842,2026-09-17,yes,
curriculum/sinclair-zx-spectrum/basic/tail-chase/unit-06-leave-the-tail-behind.mdx,curriculum,/systems/sinclair-zx-spectrum/basic/tail-chase/unit-06-leave-the-tail-behind/,Leave the tail behind,Grow by keeping the old tail while adding a new head.,,,,,,,,670,2026-09-17,yes,
curriculum/sinclair-zx-spectrum/basic/tail-chase/unit-07-ask-the-board.mdx,curriculum,/systems/sinclair-zx-spectrum/basic/tail-chase/unit-07-ask-the-board/,Ask the board,Keep ordered body positions and a grid of occupied cells consistent.,,,,,,,,486,2026-09-17,,
curriculum/sinclair-zx-spectrum/basic/tail-chase/unit-08-find-another-snack.mdx,curriculum,/systems/sinclair-zx-spectrum/basic/tail-chase/unit-08-find-another-snack/,Find another snack,Choose food coordinates inside the arena and reject occupied squares.,,,,,,,,344,2026-09-17,,
curriculum/sinclair-zx-spectrum/basic/tail-chase/unit-09-eat-all-eight.mdx,curriculum,/systems/sinclair-zx-spectrum/basic/tail-chase/unit-09-eat-all-eight/,Eat all eight,"Finish an eight-food round with instructions, failure, retry and exit.",,,,,,,,396,2026-09-17,,
curriculum/sinclair-zx-spectrum/basic/tail-chase/unit-10-keep-the-game.mdx,curriculum,/systems/sinclair-zx-spectrum/basic/tail-chase/unit-10-keep-the-game/,Keep the game,Save the finished game and check it in a fresh 48K tape-loading session.,,,,,,,,385,2026-09-17,,
curriculum/sinclair-zx-spectrum/basic/the-caverns/index.mdx,curriculum,/systems/sinclair-zx-spectrum/basic/the-caverns/,The Caverns,"Explore named rooms, read the clues and bring three treasures home.",,,,,,,,247,2026-09-18,,
curriculum/sinclair-zx-spectrum/basic/the-caverns/unit-01-name-a-room.mdx,curriculum,/systems/sinclair-zx-spectrum/basic/the-caverns/unit-01-name-a-room/,Name a room,"Give the entrance a name, a description and a place on screen.",,,,,,,,520,2026-09-18,,
curriculum/sinclair-zx-spectrum/basic/the-caverns/unit-02-connect-the-rooms.mdx,curriculum,/systems/sinclair-zx-spectrum/basic/the-caverns/unit-02-connect-the-rooms/,Connect the rooms,Store twelve named rooms and four exits for each.,,,,,,,,454,2026-09-18,,
curriculum/sinclair-zx-spectrum/basic/the-caverns/unit-03-follow-a-tunnel.mdx,curriculum,/systems/sinclair-zx-spectrum/basic/the-caverns/unit-03-follow-a-tunnel/,Follow a tunnel,Turn a direction key into a validated room change.,,,,,,,,474,2026-09-18,,
curriculum/sinclair-zx-spectrum/basic/the-caverns/unit-04-leave-a-glint.mdx,curriculum,/systems/sinclair-zx-spectrum/basic/the-caverns/unit-04-leave-a-glint/,Leave a glint,Collect each treasure once and show clues from neighbouring rooms.,,,,,,,,379,2026-09-18,,
curriculum/sinclair-zx-spectrum/basic/the-caverns/unit-05-warn-about-the-pit.mdx,curriculum,/systems/sinclair-zx-spectrum/basic/the-caverns/unit-05-warn-about-the-pit/,Warn about the pit,Make the cold-draught clue predict a real consequence.,,,,,,,,400,2026-09-18,,
curriculum/sinclair-zx-spectrum/basic/the-caverns/unit-06-give-the-creature-a-route.mdx,curriculum,/systems/sinclair-zx-spectrum/basic/the-caverns/unit-06-give-the-creature-a-route/,Give the creature a route,Advance an independent patrol after each accepted action.,,,,,,,,412,2026-09-18,,
curriculum/sinclair-zx-spectrum/basic/the-caverns/unit-07-leave-time-to-escape.mdx,curriculum,/systems/sinclair-zx-spectrum/basic/the-caverns/unit-07-leave-time-to-escape/,Leave time to escape,Trace why the same room can be an arrival warning or a losing move.,,,,,,,,386,2026-09-18,,
curriculum/sinclair-zx-spectrum/basic/the-caverns/unit-08-bring-the-treasures-home.mdx,curriculum,/systems/sinclair-zx-spectrum/basic/the-caverns/unit-08-bring-the-treasures-home/,Bring the treasures home,End the expedition only when all three treasures reach the entrance.,,,,,,,,346,2026-09-18,,
curriculum/sinclair-zx-spectrum/basic/the-caverns/unit-09-invite-the-explorer.mdx,curriculum,/systems/sinclair-zx-spectrum/basic/the-caverns/unit-09-invite-the-explorer/,Invite the explorer,Add the accepted title and explain the expedition before it starts.,,,,,,,,382,2026-09-18,,
curriculum/sinclair-zx-spectrum/basic/the-caverns/unit-10-keep-the-expedition.mdx,curriculum,/systems/sinclair-zx-spectrum/basic/the-caverns/unit-10-keep-the-expedition/,Keep the expedition,Save a self-starting tape and test the full fresh-load cycle.,,,,,,,,337,2026-09-18,,
curriculum/sinclair-zx-spectrum/basic/three-in-a-row/index.mdx,curriculum,/systems/sinclair-zx-spectrum/basic/three-in-a-row/,Three in a Row,"Build an opponent that explains its choices, then discover what its rules miss.",,,,,,,,226,2026-09-18,,
curriculum/sinclair-zx-spectrum/basic/three-in-a-row/unit-01-draw-nine-squares.mdx,curriculum,/systems/sinclair-zx-spectrum/basic/three-in-a-row/unit-01-draw-nine-squares/,Draw nine squares,Draw nine squares in a readable Sinclair BASIC opponent game.,,,,,,,,495,2026-09-18,,
curriculum/sinclair-zx-spectrum/basic/three-in-a-row/unit-02-place-a-cross.mdx,curriculum,/systems/sinclair-zx-spectrum/basic/three-in-a-row/unit-02-place-a-cross/,Place a cross,Place a cross in a readable Sinclair BASIC opponent game.,,,,,,,,469,2026-09-18,,
curriculum/sinclair-zx-spectrum/basic/three-in-a-row/unit-03-take-turns.mdx,curriculum,/systems/sinclair-zx-spectrum/basic/three-in-a-row/unit-03-take-turns/,Take turns,Take turns in a readable Sinclair BASIC opponent game.,,,,,,,,379,2026-09-18,,
curriculum/sinclair-zx-spectrum/basic/three-in-a-row/unit-04-read-a-winning-line.mdx,curriculum,/systems/sinclair-zx-spectrum/basic/three-in-a-row/unit-04-read-a-winning-line/,Read a winning line,Read a winning line in a readable Sinclair BASIC opponent game.,,,,,,,,450,2026-09-18,,
curriculum/sinclair-zx-spectrum/basic/three-in-a-row/unit-05-choose-an-empty-square.mdx,curriculum,/systems/sinclair-zx-spectrum/basic/three-in-a-row/unit-05-choose-an-empty-square/,Choose an empty square,Choose an empty square in a readable Sinclair BASIC opponent game.,,,,,,,,429,2026-09-18,,
curriculum/sinclair-zx-spectrum/basic/three-in-a-row/unit-06-win-before-blocking.mdx,curriculum,/systems/sinclair-zx-spectrum/basic/three-in-a-row/unit-06-win-before-blocking/,Win before blocking,Win before blocking in a readable Sinclair BASIC opponent game.,,,,,,,,412,2026-09-18,,
curriculum/sinclair-zx-spectrum/basic/three-in-a-row/unit-07-prefer-useful-squares.mdx,curriculum,/systems/sinclair-zx-spectrum/basic/three-in-a-row/unit-07-prefer-useful-squares/,Prefer useful squares,Prefer useful squares in a readable Sinclair BASIC opponent game.,,,,,,,,366,2026-09-18,,
curriculum/sinclair-zx-spectrum/basic/three-in-a-row/unit-08-make-two-threats.mdx,curriculum,/systems/sinclair-zx-spectrum/basic/three-in-a-row/unit-08-make-two-threats/,Make two threats,Make two threats in a readable Sinclair BASIC opponent game.,,,,,,,,295,2026-09-18,,
curriculum/sinclair-zx-spectrum/basic/three-in-a-row/unit-09-finish-the-session.mdx,curriculum,/systems/sinclair-zx-spectrum/basic/three-in-a-row/unit-09-finish-the-session/,Finish the session,Finish the session in a readable Sinclair BASIC opponent game.,,,,,,,,450,2026-09-18,,
curriculum/sinclair-zx-spectrum/basic/three-in-a-row/unit-10-keep-the-game.mdx,curriculum,/systems/sinclair-zx-spectrum/basic/three-in-a-row/unit-10-keep-the-game/,Keep the game,Keep the game in a readable Sinclair BASIC opponent game.,,,,,,,,369,2026-09-18,,
curriculum/sinclair-zx-spectrum/basic/touchdown/index.mdx,curriculum,/systems/sinclair-zx-spectrum/basic/touchdown/,Touchdown,"Learn to brake a fall, steer over a ridge and land a small craft on a marked pad.",,,,,,,,368,2026-09-16,,
curriculum/sinclair-zx-spectrum/basic/touchdown/unit-01-let-the-craft-fall.mdx,curriculum,/systems/sinclair-zx-spectrum/basic/touchdown/unit-01-let-the-craft-fall/,Let the craft fall,First make one craft fall at a steady rate onto flat ground.,,,,,,,,455,2026-09-09,,
curriculum/sinclair-zx-spectrum/basic/touchdown/unit-02-let-gravity-change-the-speed.mdx,curriculum,/systems/sinclair-zx-spectrum/basic/touchdown/unit-02-let-gravity-change-the-speed/,Let gravity change the speed,Gravity will change that amount before we use it.,,,,,,,,353,2026-09-09,,
curriculum/sinclair-zx-spectrum/basic/touchdown/unit-03-brake-before-you-arrive.mdx,curriculum,/systems/sinclair-zx-spectrum/basic/touchdown/unit-03-brake-before-you-arrive/,Brake before you arrive,Fuel is unlimited in this version.,,,,,,,,467,2026-09-09,,
curriculum/sinclair-zx-spectrum/basic/touchdown/unit-04-make-another-attempt.mdx,curriculum,/systems/sinclair-zx-spectrum/basic/touchdown/unit-04-make-another-attempt/,Make another attempt,"Give an attempt a beginning, a result and a clean way to try again, without adding fuel or sideways steering yet.",,,,,,,,664,2026-09-09,,
curriculum/sinclair-zx-spectrum/basic/touchdown/unit-05-make-each-burn-count.mdx,curriculum,/systems/sinclair-zx-spectrum/basic/touchdown/unit-05-make-each-burn-count/,Make each burn count,Change one thing: a burn now spends fuel.,,,,,,,,814,2026-09-09,yes,
curriculum/sinclair-zx-spectrum/basic/touchdown/unit-06-reach-a-landing-pad.mdx,curriculum,/systems/sinclair-zx-spectrum/basic/touchdown/unit-06-reach-a-landing-pad/,Reach a landing pad,Draw a pad and make alignment matter.,,,,,,,,492,2026-09-09,,
curriculum/sinclair-zx-spectrum/basic/touchdown/unit-07-steer-and-thrust-together.mdx,curriculum,/systems/sinclair-zx-spectrum/basic/touchdown/unit-07-steer-and-thrust-together/,Steer and thrust together,We will inspect the keys separately before changing the flight loop.,,,,,,,,604,2026-09-09,,
curriculum/sinclair-zx-spectrum/basic/touchdown/unit-08-give-every-column-a-ground-height.mdx,curriculum,/systems/sinclair-zx-spectrum/basic/touchdown/unit-08-give-every-column-a-ground-height/,Give every column a ground height,"Give each column a height, while deliberately keeping all those heights equal at first.",,,,,,,,424,2026-09-09,,
curriculum/sinclair-zx-spectrum/basic/touchdown/unit-09-read-the-shape-of-the-site.mdx,curriculum,/systems/sinclair-zx-spectrum/basic/touchdown/unit-09-read-the-shape-of-the-site/,Read the shape of the site,"We can now describe a landscape as values, then make its sides participate in contact.",,,,,,,,651,2026-09-09,,
curriculum/sinclair-zx-spectrum/basic/touchdown/unit-10-draw-the-craft-and-its-flame.mdx,curriculum,/systems/sinclair-zx-spectrum/basic/touchdown/unit-10-draw-the-craft-and-its-flame/,Draw the craft and its flame,"Replace those symbols with a craft we design ourselves, keeping the same one-cell footprint.",,,,,,,,553,2026-09-09,,
curriculum/sinclair-zx-spectrum/basic/touchdown/unit-11-finish-test-and-keep-touchdown.mdx,curriculum,/systems/sinclair-zx-spectrum/basic/touchdown/unit-11-finish-test-and-keep-touchdown/,"Finish, test and keep Touchdown","Finish the target, feedback and saved version without changing the flight model behind the player's back.",,,,,,,,724,2026-09-16,,
curriculum/sinclair-zx-spectrum/basic/volley/index.mdx,curriculum,/systems/sinclair-zx-spectrum/basic/volley/,Volley,"Build a one-paddle rally game, then improve its colour and drawing without hiding how it works.",,,,,,,,308,2026-09-09,,
curriculum/sinclair-zx-spectrum/basic/volley/unit-01-move-a-ball.mdx,curriculum,/systems/sinclair-zx-spectrum/basic/volley/unit-01-move-a-ball/,Move a ball,Change a position repeatedly and make one character travel across the screen.,,,,,,,,497,2026-09-09,,
curriculum/sinclair-zx-spectrum/basic/volley/unit-02-give-it-a-direction.mdx,curriculum,/systems/sinclair-zx-spectrum/basic/volley/unit-02-give-it-a-direction/,Give it a direction,Use a signed step to reverse movement at a boundary.,,,,,,,,464,2026-09-09,,
curriculum/sinclair-zx-spectrum/basic/volley/unit-03-use-the-whole-court.mdx,curriculum,/systems/sinclair-zx-spectrum/basic/volley/unit-03-use-the-whole-court/,Use the whole court,Combine horizontal and vertical movement and draw a court around them.,,,,,,,,463,2026-09-09,,
curriculum/sinclair-zx-spectrum/basic/volley/unit-04-move-the-paddle.mdx,curriculum,/systems/sinclair-zx-spectrum/basic/volley/unit-04-move-the-paddle/,Move the paddle,Read controls while the ball keeps moving and keep a three-cell paddle inside the court.,,,,,,,,511,2026-09-09,,
curriculum/sinclair-zx-spectrum/basic/volley/unit-05-make-contact-matter.mdx,curriculum,/systems/sinclair-zx-spectrum/basic/volley/unit-05-make-contact-matter/,Make contact matter,"Calculate the next position, resolve contact and turn a moving display into a rally game.",,,,,,,,1065,2026-09-09,yes,
curriculum/sinclair-zx-spectrum/basic/volley/unit-06-keep-score-and-play-again.mdx,curriculum,/systems/sinclair-zx-spectrum/basic/volley/unit-06-keep-score-and-play-again/,Keep score and play again,"Count returns and build a complete serve, miss, retry and exit cycle.",,,,,,,,583,2026-09-09,,
curriculum/sinclair-zx-spectrum/basic/volley/unit-07-colour-the-court.mdx,curriculum,/systems/sinclair-zx-spectrum/basic/volley/unit-07-colour-the-court/,Colour the court,Use PAPER to make solid shapes and restore the right background when they move.,,,,,,,,508,2026-09-09,,
curriculum/sinclair-zx-spectrum/basic/volley/unit-08-keep-the-ball-visible.mdx,curriculum,/systems/sinclair-zx-spectrum/basic/volley/unit-08-keep-the-ball-visible/,Keep the ball visible,Compare drawing orders and update only the cells that change.,,,,,,,,766,2026-09-09,,
curriculum/sinclair-zx-spectrum/basic/yearfall/index.mdx,curriculum,/systems/sinclair-zx-spectrum/basic/yearfall/,Yearfall,"Feed a settlement, trade land and manage the consequences across years.",,,,,,,,312,2026-09-18,,
curriculum/sinclair-zx-spectrum/basic/yearfall/unit-01-read-the-settlement.mdx,curriculum,/systems/sinclair-zx-spectrum/basic/yearfall/unit-01-read-the-settlement/,Read the settlement,Keep the settlement in variables and draw its ledger.,,,,,,,,394,2026-09-18,,
curriculum/sinclair-zx-spectrum/basic/yearfall/unit-02-feed-the-people.mdx,curriculum,/systems/sinclair-zx-spectrum/basic/yearfall/unit-02-feed-the-people/,Feed the people,Count whole people supported by a food allocation.,,,,,,,,354,2026-09-18,,
curriculum/sinclair-zx-spectrum/basic/yearfall/unit-03-share-the-grain.mdx,curriculum,/systems/sinclair-zx-spectrum/basic/yearfall/unit-03-share-the-grain/,Share the grain,Make food and planting compete for the same stock.,,,,,,,,324,2026-09-18,,
curriculum/sinclair-zx-spectrum/basic/yearfall/unit-04-resolve-a-harvest.mdx,curriculum,/systems/sinclair-zx-spectrum/basic/yearfall/unit-04-resolve-a-harvest/,Resolve a harvest,Commit a valid allocation and account for the result.,,,,,,,,338,2026-09-18,,
curriculum/sinclair-zx-spectrum/basic/yearfall/unit-05-edit-an-allocation.mdx,curriculum,/systems/sinclair-zx-spectrum/basic/yearfall/unit-05-edit-an-allocation/,Edit an allocation,Build a bounded number editor with cancellation and a release gate.,,,,,,,,450,2026-09-18,,
curriculum/sinclair-zx-spectrum/basic/yearfall/unit-06-plan-before-committing.mdx,curriculum,/systems/sinclair-zx-spectrum/basic/yearfall/unit-06-plan-before-committing/,Plan before committing,Edit planting and reject the combined plan without spending anything.,,,,,,,,385,2026-09-18,,
curriculum/sinclair-zx-spectrum/basic/yearfall/unit-07-carry-the-year-forward.mdx,curriculum,/systems/sinclair-zx-spectrum/basic/yearfall/unit-07-carry-the-year-forward/,Carry the year forward,"Retain resources, add growth and stop at ten years or an empty settlement.",,,,,,,,360,2026-09-18,,
curriculum/sinclair-zx-spectrum/basic/yearfall/unit-08-buy-and-sell-land.mdx,curriculum,/systems/sinclair-zx-spectrum/basic/yearfall/unit-08-buy-and-sell-land/,Buy and sell land,Expose both land actions and account for grain spent or received.,,,,,,,,370,2026-09-18,,
curriculum/sinclair-zx-spectrum/basic/yearfall/unit-09-read-a-shortage.mdx,curriculum,/systems/sinclair-zx-spectrum/basic/yearfall/unit-09-read-a-shortage/,Read a shortage,Separate an affordable year from a recoverable settlement.,,,,,,,,369,2026-09-18,,
curriculum/sinclair-zx-spectrum/basic/yearfall/unit-10-welcome-travellers.mdx,curriculum,/systems/sinclair-zx-spectrum/basic/yearfall/unit-10-welcome-travellers/,Welcome travellers,Offer a visible choice before planning and account for its consequences.,,,,,,,,428,2026-09-18,,
curriculum/sinclair-zx-spectrum/basic/yearfall/unit-11-keep-ruling.mdx,curriculum,/systems/sinclair-zx-spectrum/basic/yearfall/unit-11-keep-ruling/,Keep ruling,Turn the ten-year ending into a recurring review without resetting the settlement.,,,,,,,,378,2026-09-18,,
curriculum/sinclair-zx-spectrum/basic/yearfall/unit-12-invite-the-ruler.mdx,curriculum,/systems/sinclair-zx-spectrum/basic/yearfall/unit-12-invite-the-ruler/,Invite the ruler,Add the opening instructions without altering the accepted settlement rules.,,,,,,,,379,2026-09-18,,
curriculum/sinclair-zx-spectrum/basic/yearfall/unit-13-keep-the-settlement.mdx,curriculum,/systems/sinclair-zx-spectrum/basic/yearfall/unit-13-keep-the-settlement/,Keep the settlement,Save a self-starting program and verify it in a fresh session.,,,,,,,,369,2026-09-18,,
curriculum/sinclair-zx-spectrum/getting-started.mdx,curriculum,/systems/sinclair-zx-spectrum/getting-started/,Getting Started with ZX Spectrum Development,Set up your tools for ZX Spectrum programming.,,,,,,,,324,2026-09-03,yes,
curriculum/sinclair-zx-spectrum/machine/meet-the-machine/index.mdx,curriculum,/systems/sinclair-zx-spectrum/machine/meet-the-machine/,Meet the Machine,"What the ZX Spectrum was, what it couldn't do, and why those limits shaped everything written for it. The briefing every Spectrum track assumes.",,,,,,,,224,2026-09-05,,
curriculum/sinclair-zx-spectrum/machine/meet-the-machine/unit-01.mdx,curriculum,/systems/sinclair-zx-spectrum/machine/meet-the-machine/unit-01/,A Machine From 1982,"What the ZX Spectrum was, what it cost, and why there were so many of them.",,,2026-09-10,,,,,341,2026-09-03,,
curriculum/sinclair-zx-spectrum/machine/meet-the-machine/unit-02.mdx,curriculum,/systems/sinclair-zx-spectrum/machine/meet-the-machine/unit-02/,The Z80 Inside It,What an 8-bit processor at 3.5 MHz can and cannot get done between two frames.,,,2026-09-10,,,,,588,2026-09-03,,
curriculum/sinclair-zx-spectrum/machine/meet-the-machine/unit-03.mdx,curriculum,/systems/sinclair-zx-spectrum/machine/meet-the-machine/unit-03/,Two Colours Per Square,"Why Spectrum graphics look the way they do: colour is stored separately from pixels, and far more coarsely.",,,2026-09-10,,,,,526,2026-09-03,,
curriculum/sinclair-zx-spectrum/machine/meet-the-machine/unit-04.mdx,curriculum,/systems/sinclair-zx-spectrum/machine/meet-the-machine/unit-04/,One Bit of Sound,The Spectrum's speaker has two positions. Everything anyone got out of one was made by moving between them at the right moments.,,,2026-09-10,,,,,489,2026-09-03,,
curriculum/sinclair-zx-spectrum/machine/meet-the-machine/unit-05.mdx,curriculum,/systems/sinclair-zx-spectrum/machine/meet-the-machine/unit-05/,"48K, and Where It Goes",The machine is sold on 48K of memory. A useful amount of it is spoken for before your program starts.,,,2026-09-10,,,,,558,2026-09-03,,
field-notes/driving-a-c64-with-no-hands.mdx,field-notes,/field-notes/driving-a-c64-with-no-hands/,Driving a C64 With No Hands,"Automating a C64 headless for curriculum captures — five small ways the machine lies to you, and the one rule that catches them all: trust the machine's own state, not your eyes.",,,2026-06-22,True,,,,973,2026-07-01,,
field-notes/filming-a-race-condition.mdx,field-notes,/field-notes/filming-a-race-condition/,Filming a Race Condition,"The fixed Amiga build refused to show its own bug — because a race condition's real inputs are cycles, and everything that costs cycles is secretly an input.",,,2026-06-14,,,,,1191,2026-07-01,,
field-notes/pin-budget-not-design-choice.mdx,field-notes,/field-notes/pin-budget-not-design-choice/,"Pin Budget, Not Design Choice","Every 'weird' retro peripheral decision follows from one number — how many spare pins the chipset had. Find the pin budget first, and the quirks become the only options that fit.",,,2026-06-24,True,,,,904,2026-07-01,,
field-notes/the-game-that-couldnt-be-won.mdx,field-notes,/field-notes/the-game-that-couldnt-be-won/,The Game That Couldn't Be Won,"Sixteen verified curriculum units added up to an unwinnable game — a jump one pixel short of the pit. The oldest distinction in testing, sixteen pixels wide and four months old.",,,2026-06-16,,,,,1029,2026-07-01,,
field-notes/the-sheep-that-slid-off-the-hay-bale.mdx,field-notes,/field-notes/the-sheep-that-slid-off-the-hay-bale/,The Sheep That Slid Off the Hay Bale,A pixel-every-nine-frames drift in an Amiga game turns out to be a torn longword read of the beam position — and the forty-year-old confirm-read idiom that fixes it.,,,2026-06-12,,,,,1256,2026-07-01,,
field-notes/the-slate-that-came-out-blue.mdx,field-notes,/field-notes/the-slate-that-came-out-blue/,The Slate That Came Out Blue,A dithered dark-slate checkerboard came out of the video encoder as flat bright blue. The culprit — 4:2:0 chroma subsampling — is a codec quietly doing the eye's job at the wrong scale.,,,2026-06-26,True,,,,801,2026-07-01,,
field-notes/what-attribute-clash-actually-taught.mdx,field-notes,/field-notes/what-attribute-clash-actually-taught/,What Attribute Clash Actually Taught,The Spectrum's one-colour-per-8×8-cell limit is its signature look — and the Ultimate 'proof' that you could do great sprites in a single cell is a myth. What the constraint really taught.,,,2026-06-20,False,,,,935,2026-09-03,,
field-notes/what-youre-allowed-to-call-things.mdx,field-notes,/field-notes/what-youre-allowed-to-call-things/,What You're Allowed to Call Things,"Sinclair BASIC forbids a multi-letter string variable; the C64 treats 'speed' and 'spell' as the same variable. Neither naming rule is arbitrary — each is the interpreter's memory model, leaking through.",,,2026-06-30,False,,,,914,2026-09-03,,
field-notes/white-is-the-colour-of-not-yet.mdx,field-notes,/field-notes/white-is-the-colour-of-not-yet/,White Is the Colour of Not Yet,"A headless Amiga capture came back blank and silent — a dead copper, a crashed program, broken past doubt. It was none of those. The machine hadn't finished booting.",,,2026-06-28,True,,,,707,2026-07-01,,
from-the-metal/bitmasks-and-registers.mdx,from-the-metal,/from-the-metal/bitmasks-and-registers/,The register is the bitfield,"On the ZX Spectrum one byte to port $FE drives the border, speaker and tape at once — so you mask bits to set them. Where chmod 755 and packed flags come from.",,HARDWARE,2026-08-11,,,,,148,2026-06-30,,
from-the-metal/endianness.mdx,from-the-metal,/from-the-metal/endianness/,Why the bytes come out backwards,"The 6502 stores the low byte first, the 68000 the high byte first. Watch both side by side and see where garbled hex dumps and htons() come from.",,MEMORY,2026-09-01,,,,,268,2026-06-30,,
from-the-metal/fixed-point.mdx,from-the-metal,/from-the-metal/fixed-point/,Mario moves in fractions of a pixel,The NES has no floating point. Mario's momentum is 8.8 fixed-point — the same trick that keeps money in whole cents instead of a drifting float.,,ARITHMETIC,2026-08-18,,,,,214,2026-06-30,,
from-the-metal/jump-tables.mdx,from-the-metal,/from-the-metal/jump-tables/,What a switch actually compiles to,"A switch doesn't test your value — it uses it as an index to jump. The Z80 shows exactly what your compiler does, and why dense cases win.",,CONTROL FLOW,2026-09-29,,,,,235,2026-06-30,,
from-the-metal/lookup-tables.mdx,from-the-metal,/from-the-metal/lookup-tables/,The fastest function is the one you already ran,"On the 68000 a multiply costs up to seventy cycles and sine doesn't exist — so you precompute a table and read it forever. Memoisation, demoscene-style.",,TABLES,2026-08-04,,,,,228,2026-06-30,,
from-the-metal/pointers.mdx,from-the-metal,/from-the-metal/pointers/,A pointer is just an address you stored somewhere,"Pointers feel abstract until a 6502 strips them bare — two bytes holding an address, and one addressing mode that goes and reads it.",,MEMORY,2026-09-08,,,,,205,2026-06-30,,
from-the-metal/powers-of-two.mdx,from-the-metal,/from-the-metal/powers-of-two/,Why everything is a power of two,"The Z80 has no multiply instruction, so it lays bare why a power-of-two size makes modulo free — and why hash tables get rounded to 1,024.",,ARITHMETIC,2026-07-14,,,,,279,2026-06-30,,
from-the-metal/racing-the-beam.mdx,from-the-metal,/from-the-metal/racing-the-beam/,Racing the beam,"The NES has no framebuffer: the beam paints one scanline at a time, so all video work happens in vblank — where VSync, tearing and double buffering come from.",,GRAPHICS,2026-07-28,,,,,276,2026-06-30,,
from-the-metal/self-modifying-code.mdx,from-the-metal,/from-the-metal/self-modifying-code/,Code that rewrites itself,"On the 6502 code was just bytes in RAM, so a program could rewrite its own instructions — the ancestor of every JIT and runtime codegen.",,CODE AS DATA,2026-09-22,,,,,314,2026-06-30,,
from-the-metal/struct-alignment.mdx,from-the-metal,/from-the-metal/struct-alignment/,Why your structs have holes in them,"On the 68000 a misaligned word read traps, it doesn't run slow. Struct padding is the silicon keeping every field on a legal even address.",,MEMORY,2026-08-25,,,,,293,2026-06-30,,
from-the-metal/the-blitter.mdx,from-the-metal,/from-the-metal/the-blitter/,Why there's a chip that does nothing but move memory,The Amiga's Blitter was a coprocessor that did nothing but move memory — and it's where 'offload the bulk work to dedicated hardware' begins.,,HARDWARE,2026-09-15,,,,,261,2026-06-30,,
from-the-metal/the-stack.mdx,from-the-metal,/from-the-metal/the-stack/,"""Stack overflow"" is a real place","On the 68000 the stack is just the A7 register walking down through RAM — making stack frames, recursion's cost and 'stack overflow' all literal.",,ARCHITECTURE,2026-07-21,,,,,240,2026-06-30,,
from-the-metal/twos-complement.mdx,from-the-metal,/from-the-metal/twos-complement/,When 255 + 1 = 0,"On a 6502, 255 + 1 = 0 and $80 is both 128 and −128. The byte quirks that look like language bugs are two's complement out in the open.",,ARITHMETIC,2026-07-07,,,,,145,2026-06-30,,
from-the-metal/unroll-your-loops.mdx,from-the-metal,/from-the-metal/unroll-your-loops/,"Why ""unroll your loops"" is real advice",On a 6502 the loop is not free — it's instructions that run every iteration. Count the cycles by hand and 'unroll your loops' stops being folklore.,,Performance,2026-06-30,,,,,421,2026-06-30,,
manufacturers/acorn.yaml,manufacturers,,Acorn Computers,,,,,,,,,0,2026-01-17,,
manufacturers/amstrad.yaml,manufacturers,,Amstrad plc,,,,,,,,,0,2026-01-17,,
manufacturers/apollo-7.yaml,manufacturers,,Apollo 7,,,,,,,,,0,2026-06-30,,
manufacturers/apple.yaml,manufacturers,,"Apple Computer, Inc.",,,,,,,,,0,2026-01-17,,
manufacturers/applied-technology.yaml,manufacturers,,Applied Technology,,,,,,,,,0,2026-06-30,,
manufacturers/atari.yaml,manufacturers,,"Atari, Inc.",,,,,,,,,0,2026-01-17,,
manufacturers/bally.yaml,manufacturers,,Bally Manufacturing Corporation,,,,,,,,,0,2026-06-30,,
manufacturers/bandai.yaml,manufacturers,,"Bandai Co., Ltd.",,,,,,,,,0,2026-01-17,,
manufacturers/bra-lesnoy.yaml,manufacturers,,BRA Factory (Lesnoy),,,,,,,,,0,2026-06-30,,
manufacturers/camputers.yaml,manufacturers,,Camputers Ltd,,,,,,,,,0,2026-06-30,,
manufacturers/casio.yaml,manufacturers,,"Casio Computer Co., Ltd.",,,,,,,,,0,2026-06-30,,
manufacturers/coleco.yaml,manufacturers,,Coleco Industries,,,,,,,,,0,2026-01-17,,
manufacturers/commodore.yaml,manufacturers,,Commodore International,,,,,,,,,0,2026-01-17,,
manufacturers/compucolor.yaml,manufacturers,,Compucolor Corporation,,,,,,,,,0,2026-06-30,,
manufacturers/daewoo.yaml,manufacturers,,Daewoo,,,,,,,,,0,2026-06-30,,
manufacturers/dai.yaml,manufacturers,,Data Applications International,,,,,,,,,0,2026-06-30,,
manufacturers/didaktik.yaml,manufacturers,,Didaktik Skalica,,,,,,,,,0,2026-06-30,,
manufacturers/dragon-data.yaml,manufacturers,,Dragon Data Ltd.,,,,,,,,,0,2026-01-17,,
manufacturers/eaca.yaml,manufacturers,,EACA International,,,,,,,,,0,2026-06-30,,
manufacturers/elwro.yaml,manufacturers,,Elwro,,,,,,,,,0,2026-06-30,,
manufacturers/enterprise-computers.yaml,manufacturers,,Enterprise Computers,,,,,,,,,0,2026-06-30,,
manufacturers/exidy.yaml,manufacturers,,Exidy Inc,,,,,,,,,0,2026-06-30,,
manufacturers/fairchild.yaml,manufacturers,,Fairchild Semiconductor,,,,,,,,,0,2026-01-17,,
manufacturers/fujitsu.yaml,manufacturers,,Fujitsu Limited,,,,,,,,,0,2026-01-17,,
manufacturers/gce.yaml,manufacturers,,General Consumer Electronics,,,,,,,,,0,2026-01-17,,
manufacturers/grundy.yaml,manufacturers,,Grundy Business Systems,,,,,,,,,0,2026-06-30,,
manufacturers/heathkit.yaml,manufacturers,,Heath Company,,,,,,,,,0,2026-06-30,,
manufacturers/hiradastechnika.yaml,manufacturers,,Híradástechnika,,,,,,,,,0,2026-06-30,,
manufacturers/ibm.yaml,manufacturers,,IBM Corporation,,,,,,,,,0,2026-01-17,,
manufacturers/imsai.yaml,manufacturers,,IMSAI Manufacturing Corporation,,,,,,,,,0,2026-01-17,,
manufacturers/interact.yaml,manufacturers,,Interact Electronics Inc,,,,,,,,,0,2026-06-30,,
manufacturers/intercompex.yaml,manufacturers,,InterCompex,,,,,,,,,0,2026-06-30,,
manufacturers/jupiter-cantab.yaml,manufacturers,,Jupiter Cantab Ltd,,,,,,,,,0,2026-06-30,,
manufacturers/lianozovo.yaml,manufacturers,,Lianozovo Electromechanical Plant,,,,,,,,,0,2026-06-30,,
manufacturers/magnavox.yaml,manufacturers,,Magnavox Company,,,,,,,,,0,2026-01-17,,
manufacturers/matra.yaml,manufacturers,,Matra,,,,,,,,,0,2026-06-30,,
manufacturers/mattel.yaml,manufacturers,,"Mattel, Inc.",,,,,,,,,0,2026-01-17,,
manufacturers/memotech.yaml,manufacturers,,Memotech Ltd,,,,,,,,,0,2026-06-30,,
manufacturers/mera-elzab.yaml,manufacturers,,Mera-Elzab,,,,,,,,,0,2026-06-30,,
manufacturers/mgt.yaml,manufacturers,,Miles Gordon Technology,,,,,,,,,0,2026-01-17,,
manufacturers/microart.yaml,manufacturers,,MicroART,,,,,,,,,0,2026-06-30,,
manufacturers/microkey.yaml,manufacturers,,Microkey,,,,,,,,,0,2026-06-30,,
manufacturers/micronique.yaml,manufacturers,,Micronique,,,,,,,,,0,2026-06-30,,
manufacturers/microsoft.yaml,manufacturers,,Microsoft Corporation,,,,,,,,,0,2026-01-17,,
manufacturers/mits.yaml,manufacturers,,Micro Instrumentation and Telemetry Systems,,,,,,,,,0,2026-01-17,,
manufacturers/mos-technology.yaml,manufacturers,,MOS Technology,,,,,,,,,0,2026-06-30,,
manufacturers/multitech.yaml,manufacturers,,Multitech,,,,,,,,,0,2026-06-30,,
manufacturers/nabu.yaml,manufacturers,,NABU Manufacturing Corporation,,,,,,,,,0,2026-06-30,,
manufacturers/nascom.yaml,manufacturers,,Nascom Microcomputers,,,,,,,,,0,2026-06-30,,
manufacturers/ndr-klein.yaml,manufacturers,,NDR-Klein-Computer (broadcast design),,,,,,,,,0,2026-06-30,,
manufacturers/nec.yaml,manufacturers,,NEC Corporation,,,,,,,,,0,2026-01-17,,
manufacturers/netronics.yaml,manufacturers,,Netronics R&D Ltd,,,,,,,,,0,2026-06-30,,
manufacturers/nintendo.yaml,manufacturers,,"Nintendo Co., Ltd.",,,,,,,,,0,2026-01-17,,
manufacturers/ohio-scientific.yaml,manufacturers,,Ohio Scientific Inc,,,,,,,,,0,2026-06-30,,
manufacturers/olivetti.yaml,manufacturers,,Olivetti,,,,,,,,,0,2026-06-30,,
manufacturers/oric.yaml,manufacturers,,Oric Products International,,,,,,,,,0,2026-01-17,,
manufacturers/panasonic.yaml,manufacturers,,Panasonic Corporation,,,,,,,,,0,2026-01-17,,
manufacturers/patisonic.yaml,manufacturers,,Patisonic,,,,,,,,,0,2026-06-30,,
manufacturers/pentagon.yaml,manufacturers,,Pentagon (Soviet clone),,,,,,,,,0,2026-06-30,,
manufacturers/philips.yaml,manufacturers,,Philips Electronics,,,,,,,,,0,2026-01-17,,
manufacturers/popular-electronics.yaml,manufacturers,,Popular Electronics,,,,,,,,,0,2026-06-30,,
manufacturers/pravetz.yaml,manufacturers,,Pravetz,,,,,,,,,0,2026-06-30,,
manufacturers/processor-technology.yaml,manufacturers,,Processor Technology Corporation,,,,,,,,,0,2026-06-30,,
manufacturers/radio-magazine.yaml,manufacturers,,Radio magazine (Soviet DIY design),,,,,,,,,0,2026-06-30,,
manufacturers/rca.yaml,manufacturers,,RCA Corporation,,,,,,,,,0,2026-01-17,,
manufacturers/robotron.yaml,manufacturers,,VEB Robotron,,,,,,,,,0,2026-06-30,,
manufacturers/rockwell.yaml,manufacturers,,Rockwell International,,,,,,,,,0,2026-06-30,,
manufacturers/samsung.yaml,manufacturers,,Samsung Electronics,,,,,,,,,0,2026-06-30,,
manufacturers/scorpion.yaml,manufacturers,,Zonov and Co,,,,,,,,,0,2026-06-30,,
manufacturers/sega.yaml,manufacturers,,Sega Corporation,,,,,,,,,0,2026-01-17,,
manufacturers/sharp.yaml,manufacturers,,Sharp Corporation,,,,,,,,,0,2026-01-17,,
manufacturers/sinclair.yaml,manufacturers,,Sinclair Research,,,,,,,,,0,2026-01-17,,
manufacturers/snk.yaml,manufacturers,,SNK Corporation,,,,,,,,,0,2026-01-17,,
manufacturers/sony.yaml,manufacturers,,Sony Corporation,,,,,,,,,0,2026-01-17,,
manufacturers/sord.yaml,manufacturers,,Sord Computer Corporation,,,,,,,,,0,2026-06-30,,
manufacturers/soviet-magazine-design.yaml,manufacturers,,Soviet magazine designs,,,,,,,,,0,2026-06-30,,
manufacturers/soviet-various.yaml,manufacturers,,Soviet various manufacturers,,,,,,,,,0,2026-06-30,,
manufacturers/spectravideo.yaml,manufacturers,,Spectravideo International Ltd,,,,,,,,,0,2026-06-30,,
manufacturers/synertek.yaml,manufacturers,,Synertek Inc,,,,,,,,,0,2026-06-30,,
manufacturers/tandy.yaml,manufacturers,,Tandy Corporation,,,,,,,,,0,2026-01-17,,
manufacturers/tangerine.yaml,manufacturers,,Tangerine Computer Systems,,,,,,,,,0,2026-06-30,,
manufacturers/tatung.yaml,manufacturers,,Tatung Company,,,,,,,,,0,2026-06-30,,
manufacturers/technosys.yaml,manufacturers,,Technosys Research Labs,,,,,,,,,0,2026-06-30,,
manufacturers/tesla.yaml,manufacturers,,Tesla,,,,,,,,,0,2026-06-30,,
manufacturers/texas-instruments.yaml,manufacturers,,Texas Instruments,,,,,,,,,0,2026-01-17,,
manufacturers/thomson.yaml,manufacturers,,Thomson SA,,,,,,,,,0,2026-01-17,,
manufacturers/timex.yaml,manufacturers,,Timex Computer Corporation,,,,,,,,,0,2026-06-30,,
manufacturers/tomy.yaml,manufacturers,,Tomy,,,,,,,,,0,2026-06-30,,
manufacturers/videoton.yaml,manufacturers,,Videoton,,,,,,,,,0,2026-06-30,,
manufacturers/vtech.yaml,manufacturers,,VTech,,,,,,,,,0,2026-06-30,,
manufacturers/zpa-novy-bor.yaml,manufacturers,,ZPA Nový Bor,,,,,,,,,0,2026-06-30,,
modules/commodore-64/assembly.yaml,modules,,,,,,,,,,,0,2026-06-10,,
modules/commodore-64/basic.yaml,modules,,,,,,,,,,,0,2026-06-10,,
modules/commodore-amiga/amos.yaml,modules,,,,,,,,,,,0,2026-06-10,,
modules/commodore-amiga/assembly.yaml,modules,,,,,,,,,,,0,2026-08-09,,
modules/commodore-amiga/blitz.yaml,modules,,,,,,,,,,,0,2026-06-10,,
modules/craft.yaml,modules,,,,,,,,,,,0,2026-09-21,,
modules/foundations.yaml,modules,,,,,,,,,,,0,2026-09-05,,
modules/nintendo-entertainment-system/assembly.yaml,modules,,,,,,,,,,,0,2026-06-10,,
modules/sinclair-zx-spectrum/assembly.yaml,modules,,,,,,,,,,,0,2026-09-21,,
modules/sinclair-zx-spectrum/basic.yaml,modules,,,,,,,,,,,0,2026-09-19,,
modules/sinclair-zx-spectrum/machine.yaml,modules,,,,,,,,,,,0,2026-09-05,,
pattern-categories/ai.yaml,pattern-categories,,AI,"Enemy behaviour, pathfinding",,,,,,,,0,2026-01-16,,
pattern-categories/audio.yaml,pattern-categories,,Audio,"Music playback, sound effects",,,,,,,,0,2026-01-16,,
pattern-categories/framework.yaml,pattern-categories,,Framework,"Game loops, state machines, interrupts",,,,,,,,0,2026-01-16,,
pattern-categories/input.yaml,pattern-categories,,Input,"Joystick, keyboard, mouse handling",,,,,,,,0,2026-01-16,,
pattern-categories/physics.yaml,pattern-categories,,Physics,"Collision, movement, gravity",,,,,,,,0,2026-01-16,,
pattern-categories/rendering.yaml,pattern-categories,,Rendering,"Sprites, scrolling, screen effects",,,,,,,,0,2026-01-16,,
pattern-difficulties/advanced.yaml,pattern-difficulties,,Advanced,Expert-level patterns pushing hardware to its limits,,,,,,,,0,2026-01-16,,
pattern-difficulties/beginner.yaml,pattern-difficulties,,Beginner,Foundational patterns for those starting their retro dev journey,,,,,,,,0,2026-01-16,,
pattern-difficulties/intermediate.yaml,pattern-difficulties,,Intermediate,More advanced techniques building on the basics,,,,,,,,0,2026-01-16,,
patterns/commodore-64/assembly/audio/sid-multi-voice.mdx,patterns,,SID Multi-Voice,"Step a note pattern once per raster interrupt, handing each of the SID's three voices its note from a frequency table — the skeleton of every C64 music player.",,audio,,,,,,704,2026-07-01,,
patterns/commodore-64/assembly/audio/sid-note-trigger.mdx,patterns,,SID Note Trigger,Play a single note on the SID chip with gate control. The foundation of all SID audio.,,audio,,,,,,228,2026-07-01,,
patterns/commodore-64/assembly/audio/sid-voice-setup.mdx,patterns,,SID Voice Setup,"Configure a SID voice with frequency, waveform, and ADSR envelope. Foundation for all SID audio programming.",,audio,,,,,,284,2026-07-01,,
patterns/commodore-64/assembly/framework/game-loop-basic.mdx,patterns,,Game Loop (Basic),Simple frame-synchronised game loop using the raster register. Foundation for all C64 games.,,framework,,,,,,107,2026-07-01,,
patterns/commodore-64/assembly/input/joystick-reading.mdx,patterns,,Joystick Reading,"Read joystick input from CIA#1 for player control. Simple, reliable, and cycle-efficient.",,input,,,,,,166,2026-07-01,,
patterns/commodore-64/assembly/physics/sprite-movement-bounds.mdx,patterns,,Sprite Movement with Bounds,Move sprites with joystick input and screen boundary clamping. Handle the VIC-II's 9-bit X coordinate.,,physics,,,,,,266,2026-07-01,,
patterns/commodore-64/assembly/rendering/hardware-sprites.mdx,patterns,,Hardware Sprites,"Enable, position, and colour one of the C64's eight hardware sprites — moveable objects the VIC-II draws over the background for free.",,rendering,,,,,,380,2026-07-01,,
patterns/commodore-64/assembly/rendering/raster-splits.mdx,patterns,,Raster Splits,"Fire an interrupt when the beam reaches a chosen scanline and change a VIC-II register mid-screen — the basis of colour bars, split panels, and beating the chip's limits.",,rendering,,,,,,442,2026-07-01,,
patterns/commodore-64/assembly/rendering/smooth-scrolling.mdx,patterns,,Smooth Scrolling,"Scroll the screen a pixel at a time with the VIC-II fine-scroll registers, then coarse-shift the character map every eighth pixel — the trick behind every smooth C64 playfield.",,rendering,,,,,,387,2026-07-01,,
patterns/commodore-64/assembly/rendering/sprite-multiplexing.mdx,patterns,,Sprite Multiplexing,"Reuse the C64's eight hardware sprites several times down the screen to show sixteen, twenty-four or more — the raster trick behind every busy C64 game.",,rendering,,,,,,443,2026-07-01,,
patterns/commodore-amiga/assembly/audio/four-channel-music.mdx,patterns,,Four-Channel Music,"Drive all four of Paula's channels from a note sequence, stepping the pattern on a timer interrupt and turning note numbers into periods — the skeleton of every Amiga tracker and MOD player.",,audio,,,,,,568,2026-07-01,,
patterns/commodore-amiga/assembly/audio/one-shot-samples.mdx,patterns,,One-Shot Samples,"Play a sample once instead of looping, using Paula's channel interrupt to stop it after a single pass — the way sound effects fire, and the seed of tracker playback.",,audio,,,,,,347,2026-07-01,,
patterns/commodore-amiga/assembly/audio/playing-a-sample.mdx,patterns,,Playing a Sample,"Point one of Paula's four audio channels at an 8-bit sample in chip RAM, set its pitch and volume, and let DMA play it — the foundation of all Amiga sound.",,audio,,,,,,403,2026-07-01,,
patterns/commodore-amiga/assembly/framework/system-takeover.mdx,patterns,,System Takeover,Disable AmigaOS interrupts and DMA to take full control of the hardware. Required for bare-metal game programming.,,framework,,,,,,364,2026-07-01,,
patterns/commodore-amiga/assembly/framework/vblank-game-loop.mdx,patterns,,VBlank Game Loop,Frame-synchronised game loop that waits for vertical blank using the VPOSR register. 50Hz timing on PAL systems.,,framework,,,,,,311,2026-07-01,,
patterns/commodore-amiga/assembly/input/joystick-edge-detection.mdx,patterns,,Joystick Edge Detection,"Detect newly-pressed joystick directions, ignoring held inputs. Essential for grid-based movement and menu navigation.",,input,,,,,,182,2026-07-01,,
patterns/commodore-amiga/assembly/input/joystick-reading.mdx,patterns,,Joystick Reading,Read Amiga joystick using the JOY1DAT register with XOR decoding for up/down directions.,,input,,,,,,259,2026-07-01,,
patterns/commodore-amiga/assembly/physics/sprite-movement-bounds.mdx,patterns,,Sprite Movement with Bounds,Move sprites with joystick input and play area boundary clamping. Foundation for player control.,,physics,,,,,,157,2026-07-01,,
patterns/commodore-amiga/assembly/rendering/blitter-copy.mdx,patterns,,Blitter Copy,"Move a rectangular block of graphics with the Amiga's blitter instead of the CPU — set four registers, write BLTSIZE, and Agnus streams the copy while the processor does something else.",,rendering,,,,,,497,2026-07-01,,
patterns/commodore-amiga/assembly/rendering/blitter-line-draw.mdx,patterns,,Blitter Line Draw,"The blitter isn't only a copier — in line mode it plots a Bresenham line in hardware, one pixel at a time, straight into a bitplane. Feed it endpoints and an octant; it draws the line while the CPU moves on.",,rendering,,,,,,571,2026-07-01,,
patterns/commodore-amiga/assembly/rendering/cookie-cut-blit.mdx,patterns,,Cookie-Cut Blit,"Draw a shaped, transparent object over the background using all four blitter channels — a mask decides pixel by pixel whether to keep the image or the scenery behind it. The heart of every Amiga bob.",,rendering,,,,,,513,2026-07-01,,
patterns/commodore-amiga/assembly/rendering/copper-colour-bars.mdx,patterns,,Copper Colour Bars,"Change the background colour at chosen scanlines from the copper list — no CPU, no interrupt, no jitter — to paint horizontal bars or a smooth vertical gradient the beam draws for you.",,rendering,,,,,,408,2026-07-01,,
patterns/commodore-amiga/assembly/rendering/copper-list-basics.mdx,patterns,,Copper List Basics,Build a copper list to set colours and sprite pointers. The foundation of all Amiga graphics programming.,,rendering,,,,,,433,2026-07-01,,
patterns/commodore-amiga/assembly/rendering/copper-split-screen.mdx,patterns,,Copper Split Screen,"Have the copper reprogram the bitplane pointers part-way down the frame so the top and bottom of the screen show different bitmaps — a scrolling playfield above a rock-steady status panel, beam-locked and free.",,rendering,,,,,,515,2026-07-01,,
patterns/commodore-amiga/assembly/rendering/sprite-control-words.mdx,patterns,,Sprite Control Words,Calculate and update Amiga sprite control words from X/Y coordinates. Position sprites anywhere on screen.,,rendering,,,,,,251,2026-07-01,,
patterns/cross-platform/audio/making-a-sound.mdx,patterns,,Four Ways to Make a Sound,"Compare CPU-driven beeper sound, NES channels, SID synthesis and Amiga samples, with their timing and ownership costs.",,audio,,,,,,1592,2026-07-01,yes,
patterns/cross-platform/audio/tune-sequencer.mdx,patterns,,Tune Sequencer with Two Terminators,"Store a phrase as timed events, distinguish looping from stopping, and trace the player separately from the hardware that makes the sound.",,audio,,,,,,1587,2026-07-01,yes,
patterns/cross-platform/framework/ending-dwell.mdx,patterns,,The Ending Dwell,"Win or lose, the screen holds for a beat before any button is believed. The pause is the punctuation that lets the player read their own ending — and it stops a held button blowing through three screens in three frames.",,framework,,,,,,438,2026-07-08,,
patterns/cross-platform/framework/escalation-as-data.mdx,patterns,,Escalation as Data,Difficulty lives in a table; a level-up pokes the next row into live tuning variables the systems read fresh every frame. The systems never learn that levels exist.,,framework,,,,,,450,2026-06-12,,
patterns/cross-platform/framework/lfsr-random.mdx,patterns,,LFSR Random Numbers,"Linear Feedback Shift Register for fast, deterministic pseudo-random numbers.",,framework,,,,,,608,2026-07-08,yes,
patterns/cross-platform/framework/state-machine.mdx,patterns,,Game State Machine,"Organise game flow with distinct states (title, playing, game over). Clean separation of game phases.",,framework,,,,,,1228,2026-07-01,yes,
patterns/cross-platform/framework/three-caps.mdx,patterns,,"Three Caps: Counter, Index, Digit","A level counter, a table index, and a HUD digit are three different numbers with three different caps. The counter never stops, the index clamps for safety, the digit caps for display — conflate them and the game lies about one of them.",,framework,,,,,,386,2026-06-12,,
patterns/cross-platform/input/edge-detection.mdx,patterns,,Input Edge Detection,"Detect newly-pressed buttons, ignoring held inputs. Essential for menus and single-action triggers.",,input,,,,,,881,2026-05-26,yes,
patterns/cross-platform/physics/aabb-collision.mdx,patterns,,AABB Collision Detection,Axis-Aligned Bounding Box collision — fast rectangle overlap test for sprites and objects.,,physics,,,,,,346,2026-07-01,,
patterns/cross-platform/physics/fixed-point-math.mdx,patterns,,Fixed-Point Math,Fractional values without floating point. Essential for smooth movement and physics on 8/16-bit CPUs.,,physics,,,,,,274,2026-07-08,,
patterns/cross-platform/physics/grace-window.mdx,patterns,,The Grace Window,"A second of invulnerability after every respawn, covering every damage source, made visible by blinking the player. Without it, dying once where a hazard sits can spend every life in as many frames.",,physics,,,,,,406,2026-07-08,,
patterns/cross-platform/rendering/blink-on-a-clock.mdx,patterns,,Blink on a Clock,PRESS START winks on a 32-frame beat read straight off a frame counter — one AND instruction selects draw or clear. A blink is two renderers taking turns on a clock you already had.,,rendering,,,,,,375,2026-07-08,,
patterns/cross-platform/rendering/centre-text-on-a-character-screen.mdx,patterns,,Centre Text on a Character Screen,"Measure a terminated string, divide the unused columns in half, and print it without hard-coded coordinates. Includes a compact 6502 implementation.",,rendering,,,,,,266,2026-09-03,,
patterns/cross-platform/rendering/sprite-animation.mdx,patterns,,Sprite Animation,"Cycle through animation frames with configurable timing. Walk cycles, explosions, idle animations.",,rendering,,,,,,202,2026-07-01,,
patterns/nintendo-nes/assembly/audio/music-engine.mdx,patterns,,A Music Engine,"Step a note pattern once per frame from the NMI, handing each APU channel its note from a timer table — the skeleton of every NES music driver.",,audio,,,,,,531,2026-07-01,,
patterns/nintendo-nes/assembly/audio/sound-effects.mdx,patterns,,Sound Effects,"Let the APU bend pitch and fade volume in hardware — a swept pulse for a laser, a decaying noise burst for an explosion — each fired with a single trigger write.",,audio,,,,,,400,2026-07-01,,
patterns/nintendo-nes/assembly/audio/square-wave.mdx,patterns,,A Square Wave,"Enable one of the NES APU's pulse channels, set its duty, volume and 11-bit timer, and it holds a tone on its own — the foundation of every NES sound.",,audio,,,,,,446,2026-07-01,,
patterns/nintendo-nes/assembly/framework/nmi-game-loop.mdx,patterns,,NMI Game Loop,Frame-synchronised game loop using the NMI interrupt for VBlank timing and OAM DMA transfer.,,framework,,,,,,327,2026-07-01,,
patterns/nintendo-nes/assembly/framework/reset-sequence.mdx,patterns,,Reset Sequence,"Standard NES initialisation: disable interrupts, wait for PPU, clear RAM. Required boilerplate for every NES program.",,framework,,,,,,275,2026-07-01,,
patterns/nintendo-nes/assembly/input/controller-reading.mdx,patterns,,Controller Reading,"Read the NES controller by strobing and shifting 8 button bits into a variable. Simple, reliable, standard approach.",,input,,,,,,262,2026-07-01,,
patterns/nintendo-nes/assembly/physics/sprite-movement-bounds.mdx,patterns,,Sprite Movement with Bounds,Move sprites with D-pad input and screen boundary clamping. Essential for player-controlled objects.,,physics,,,,,,302,2026-07-01,,
patterns/nintendo-nes/assembly/rendering/column-feeding.mdx,patterns,,Feeding New Columns,"As the NES scrolls sideways, write a fresh column of tiles into the offscreen nametable each time the view crosses a tile boundary — so a level far wider than two screens rolls past seamlessly.",,rendering,,,,,,490,2026-07-01,,
patterns/nintendo-nes/assembly/rendering/multi-sprite-oam.mdx,patterns,,Multi-Sprite OAM Update,"Manage multiple sprites in the OAM buffer. Update positions, hide unused sprites, and DMA transfer efficiently.",,rendering,,,,,,292,2026-07-01,,
patterns/nintendo-nes/assembly/rendering/nametable-scrolling.mdx,patterns,,Nametables and Scrolling,Position the NES's 256×240 viewport inside the larger tile map by setting the nametable-select bits and the fine scroll every vblank — the foundation of every scrolling NES game.,,rendering,,,,,,473,2026-07-01,,
patterns/nintendo-nes/assembly/rendering/palette-loading.mdx,patterns,,Palette Loading,Load colour palettes into PPU memory at $3F00. Required setup for any NES graphics.,,rendering,,,,,,310,2026-07-01,,
patterns/nintendo-nes/assembly/rendering/sprite-zero-split.mdx,patterns,,Sprite 0 Split,Keep a status bar fixed at the top of the screen while the playfield below scrolls — by placing sprite 0 at the boundary and changing the scroll the instant its hit flag fires. The NES's answer to the mid-screen split.,,rendering,,,,,,554,2026-07-01,,
patterns/sinclair-zx-spectrum/assembly/audio/ay-envelopes-noise.mdx,patterns,,AY Envelopes and Noise,"Let the AY shape a note's volume in hardware and add its noise channel — a decaying pluck from the envelope generator, an explosion from noise, each fired with a single register write.",,audio,,,,,,449,2026-07-01,,
patterns/sinclair-zx-spectrum/assembly/audio/ay-music.mdx,patterns,,AY Music,"Step a note pattern once per interrupt, handing each of the AY's three channels its note from a period table — a full three-voice tune that plays in the background while the game runs.",,audio,,,,,,537,2026-07-01,,
patterns/sinclair-zx-spectrum/assembly/audio/ay-tone.mdx,patterns,,AY Tone,"Play a tone on the 128K's AY-3-8912 sound chip — select a register through port $FFFD, write it through $BFFD, and the chip holds the note on its own while the CPU gets on with the game.",,audio,,,,,,446,2026-07-01,,
patterns/sinclair-zx-spectrum/assembly/audio/beeper-music.mdx,patterns,,Beeper Music,"Play an actual melody on the Spectrum's one-bit speaker — a note table for pitch, a length per note — and coax two or more voices from that single bit with phase accumulators.",,audio,,,,,,608,2026-07-01,,
patterns/sinclair-zx-spectrum/assembly/audio/sound-beep.mdx,patterns,,Sound Beep,Generate a simple beep or tone by toggling the speaker bit. Rising or falling pitch for feedback sounds.,,audio,,,,,,372,2026-07-01,,
patterns/sinclair-zx-spectrum/assembly/framework/game-loop-halt.mdx,patterns,,Game Loop (HALT),Frame-synchronised game loop using the HALT instruction. Locks to 50Hz for consistent timing across all Spectrums.,,framework,,,,,,301,2026-07-01,,
patterns/sinclair-zx-spectrum/assembly/framework/state-machine-loop.mdx,patterns,,State Machine Loop,"Organise game flow with distinct states (title, playing, game over). Clean separation of game phases.",,framework,,,,,,205,2026-06-03,,
patterns/sinclair-zx-spectrum/assembly/input/keyboard-reading.mdx,patterns,,Keyboard Reading,"Read the ZX Spectrum keyboard matrix by polling I/O ports. Simple, efficient, and no ROM routines required.",,input,,,,,,285,2026-07-01,,
patterns/sinclair-zx-spectrum/assembly/physics/grid-movement-bounds.mdx,patterns,,Grid Movement with Bounds,Move an entity on a grid with boundary checking. Prevents moving outside the play area.,,physics,,,,,,168,2026-06-03,,
patterns/sinclair-zx-spectrum/assembly/rendering/attribute-clash.mdx,patterns,,Attribute Clash,"The Spectrum stores one ink-and-paper colour per 8×8 cell, so pixels and colour live on different grids — the source of colour clash. Understanding it, and the design craft that turns the constraint into the platform's look.",,rendering,,,,,,609,2026-07-01,,
patterns/sinclair-zx-spectrum/assembly/rendering/attribute-writing.mdx,patterns,,Attribute Writing,"Write colours directly to attribute memory for fast, flicker-free graphics without touching pixel data.",,rendering,,,,,,155,2026-07-01,,
patterns/sinclair-zx-spectrum/assembly/rendering/bitmap-addressing.mdx,patterns,,Bitmap Addressing,"Turn an (x, y) pixel into a Spectrum screen address — where consecutive lines are nowhere near each other in memory. The interleaved layout that every Spectrum drawing routine has to reckon with.",,rendering,,,,,,438,2026-07-01,,
patterns/sinclair-zx-spectrum/assembly/rendering/character-printing.mdx,patterns,,Character Printing,Print ASCII characters to the screen using the ROM character set. Direct display file access for fast text rendering.,,rendering,,,,,,295,2026-07-01,,
patterns/sinclair-zx-spectrum/assembly/rendering/masked-sprites.mdx,patterns,,Masked Sprites,"The Spectrum has no hardware sprites, so a moving object is drawn by hand — AND a mask to punch a hole in the background, OR the image into it — with pre-shifted copies for pixel-accurate, fast movement.",,rendering,,,,,,539,2026-07-01,,
patterns/sinclair-zx-spectrum/assembly/rendering/numeric-display.mdx,patterns,,Numeric Display,Convert a number (0-99) to two ASCII digits and print them. Essential for scores and counters.,,rendering,,,,,,223,2026-07-01,,
patterns/sinclair-zx-spectrum/basic/framework/screen-frame.mdx,patterns,,Screen Frame (BASIC),Draw a 1-cell border around the play area with title and footer bars. The standard game screen layout.,,framework,,,,,,240,2026-05-26,,
patterns/sinclair-zx-spectrum/basic/framework/text-utilities.mdx,patterns,,Text Utilities (BASIC),Centre text on any row and clear rows — two tiny subroutines used in every BASIC game.,,framework,,,,,,130,2026-05-26,,
patterns/sinclair-zx-spectrum/basic/rendering/progress-bar.mdx,patterns,,Progress Bar (BASIC),"Horizontal progress bar with colour thresholds — blue through yellow, red, to white. Useful for health, temperature, or timers.",,rendering,,,,,,283,2026-05-26,,
patterns/sinclair-zx-spectrum/basic/rendering/seven-segment-digits.mdx,patterns,,Seven-Segment Digits (BASIC),Draw large seven-segment display digits using PLOT/DRAW. Cell-aligned with 1px outline. 10 DATA strings define all digits 0-9.,,rendering,,,,,,261,2026-05-26,,
systems/3do.yaml,systems,/systems/3do/,3DO Interactive Multiplayer,The next generation,,,,,,,beyond,0,2026-06-08,,
systems/aamber-pegasus.yaml,systems,/systems/aamber-pegasus/,Aamber Pegasus,New Zealand's 6800 home computer,,,,,,,planned,0,2026-06-30,,
systems/acorn-archimedes.yaml,systems,/systems/acorn-archimedes/,Acorn Archimedes,The ARM revolution begins,,,,,,,planned,0,2026-06-08,,
systems/acorn-atom.yaml,systems,/systems/acorn-atom/,Acorn Atom,Acorn's first home computer,,,,,,,planned,0,2026-08-13,,
systems/acorn-electron.yaml,systems,/systems/acorn-electron/,Acorn Electron,The BBC Micro's little sibling,,,,,,,planned,0,2026-08-13,,
systems/acorn-system.yaml,systems,/systems/acorn-system/,Acorn System,Acorn's modular SBC family,,,,,,,planned,0,2026-06-30,,
systems/aim-65.yaml,systems,/systems/aim-65/,Rockwell AIM-65,Rockwell's 6502 trainer with a built-in printer,,,,,,,planned,0,2026-06-30,,
systems/aleste-520ex.yaml,systems,/systems/aleste-520ex/,Aleste 520EX,Siberian Amstrad CPC / MSX hybrid,,,,,,,planned,0,2026-06-30,,
systems/altair-8800.yaml,systems,/systems/altair-8800/,MITS Altair 8800,The machine that started the revolution,,,,,,,beyond,0,2026-06-08,,
systems/amstrad-cpc-plus.yaml,systems,/systems/amstrad-cpc-plus/,Amstrad CPC Plus,The CPC's second act,,,,,,,planned,0,2026-08-13,,
systems/amstrad-cpc.yaml,systems,/systems/amstrad-cpc/,Amstrad CPC,The all-in-one challenger,,,,,,,next,0,2026-08-14,,
systems/amstrad-pcw.yaml,systems,/systems/amstrad-pcw/,Amstrad PCW,The word-processor home computer,,,,,,,planned,0,2026-06-30,,
systems/apogey-bk-01.yaml,systems,/systems/apogey-bk-01/,Apogey BK-01,Factory-built Radio-86RK clone,,,,,,,planned,0,2026-06-30,,
systems/apple-ii.yaml,systems,/systems/apple-ii/,Apple II,Where personal computing began,,,,,,,planned,0,2026-06-08,,
systems/apple-iigs.yaml,systems,/systems/apple-iigs/,Apple IIGS,The graphics and sound machine,,,,,,,planned,0,2026-06-08,,
systems/atari-2600.yaml,systems,/systems/atari-2600/,Atari 2600,The console that started it all,,,,,,,edge,0,2026-08-13,,
systems/atari-5200.yaml,systems,/systems/atari-5200/,Atari 5200,The SuperSystem,,,,,,,planned,0,2026-08-13,,
systems/atari-7800.yaml,systems,/systems/atari-7800/,Atari 7800,The comeback console,,,,,,,edge,0,2026-08-13,,
systems/atari-800.yaml,systems,/systems/atari-800/,Atari 8-bit,Custom chips before their time,,,,,,,planned,0,2026-08-13,,
systems/atari-jaguar.yaml,systems,/systems/atari-jaguar/,Atari Jaguar,Do the math,,,,,,,edge,0,2026-06-08,,
systems/atari-lynx.yaml,systems,/systems/atari-lynx/,Atari Lynx,The first colour handheld,,,,,,,planned,0,2026-06-08,,
systems/atari-st.yaml,systems,/systems/atari-st/,Atari ST,The musician's computer,,,,,,,next,0,2026-06-10,,
systems/atm-turbo.yaml,systems,/systems/atm-turbo/,ATM Turbo,Enhanced Soviet Spectrum clone,,,,,,,planned,0,2026-06-30,,
systems/bally-astrocade.yaml,systems,/systems/bally-astrocade/,Bally Astrocade,Bally's cartridge console with built-in BASIC,,,,,,,planned,0,2026-06-30,,
systems/bandai-rx-78.yaml,systems,/systems/bandai-rx-78/,Bandai RX-78,Bandai's Gundam-branded home computer,,,,,,,planned,0,2026-06-30,,
systems/bandai-wonderswan-color.yaml,systems,/systems/bandai-wonderswan-color/,Bandai WonderSwan Color,Colour Yokoi style,,,,,,,planned,0,2026-06-08,,
systems/bandai-wonderswan.yaml,systems,/systems/bandai-wonderswan/,Bandai WonderSwan,Gunpei Yokoi's final creation,,,,,,,planned,0,2026-06-08,,
systems/bbc-micro.yaml,systems,/systems/bbc-micro/,BBC Micro,The educational powerhouse,,,,,,,next,0,2026-07-02,,
systems/camputers-lynx.yaml,systems,/systems/camputers-lynx/,Camputers Lynx,Cambridge's high-resolution challenger,,,,,,,planned,0,2026-06-30,,
systems/casio-pv-2000.yaml,systems,/systems/casio-pv-2000/,Casio PV-2000,Casio's cartridge-based home micro,,,,,,,planned,0,2026-06-30,,
systems/coleco-adam.yaml,systems,/systems/coleco-adam/,Coleco Adam,The computer that could,,,,,,,planned,0,2026-06-08,,
systems/colecovision.yaml,systems,/systems/colecovision/,ColecoVision,Arcade quality at home,,,,,,,planned,0,2026-08-13,,
systems/colour-genie-eg2000.yaml,systems,/systems/colour-genie-eg2000/,Colour Genie EG2000,EACA's colourful TRS-80 cousin,,,,,,,planned,0,2026-06-30,,
systems/commodore-128.yaml,systems,/systems/commodore-128/,Commodore 128,The C64's 128K successor,,,,,,,planned,0,2026-07-02,,
systems/commodore-64.yaml,systems,/systems/commodore-64/,Commodore 64,The best-selling computer of all time,,,,,,,live,0,2026-09-03,,
systems/commodore-amiga.yaml,systems,/systems/commodore-amiga/,Commodore Amiga,The multimedia powerhouse,,,,,,,live,0,2026-09-03,,
systems/commodore-cdtv.yaml,systems,/systems/commodore-cdtv/,Commodore CDTV,The Amiga as a living-room appliance,,,,,,,planned,0,2026-06-30,,
systems/commodore-pet.yaml,systems,/systems/commodore-pet/,Commodore PET,The first personal computer for everyone,,,,,,,beyond,0,2026-08-13,,
systems/commodore-plus4.yaml,systems,/systems/commodore-plus4/,Commodore Plus/4,The misunderstood sibling,,,,,,,planned,0,2026-06-08,,
systems/commodore-vic-20.yaml,systems,/systems/commodore-vic-20/,Commodore VIC-20,The friendly computer,,,,,,,next,0,2026-07-02,,
systems/compucolor-ii.yaml,systems,/systems/compucolor-ii/,Compucolor II,Colour graphics with a built-in floppy drive,,,,,,,planned,0,2026-06-30,,
systems/cosmac-elf.yaml,systems,/systems/cosmac-elf/,COSMAC ELF,The 1802 trainer from Popular Electronics,,,,,,,planned,0,2026-06-30,,
systems/daewoo-zemmix.yaml,systems,/systems/daewoo-zemmix/,Daewoo Zemmix,Korean MSX in console form,,,,,,,planned,0,2026-06-30,,
systems/dai.yaml,systems,/systems/dai/,DAI Personal Computer,Belgium's early colour home computer,,,,,,,planned,0,2026-06-30,,
systems/didaktik.yaml,systems,/systems/didaktik/,Didaktik,Slovak Spectrum-compatible school micro,,,,,,,planned,0,2026-06-30,,
systems/dragon-32.yaml,systems,/systems/dragon-32/,Dragon 32/64,Wales' answer to the micro boom,,,,,,,planned,0,2026-08-13,,
systems/elwro-800-junior.yaml,systems,/systems/elwro-800-junior/,Elwro 800 Junior,Polish Spectrum-compatible classroom micro,,,,,,,planned,0,2026-06-30,,
systems/enterprise.yaml,systems,/systems/enterprise/,Enterprise 64/128,The micro with custom Nick and Dave chips,,,,,,,planned,0,2026-06-30,,
systems/exidy-sorcerer.yaml,systems,/systems/exidy-sorcerer/,Exidy Sorcerer,The Z80 home machine driven by ROM-PAC cartridges,,,,,,,planned,0,2026-06-30,,
systems/fairchild-channel-f.yaml,systems,/systems/fairchild-channel-f/,Fairchild Channel F,The first cartridge console,,,,,,,beyond,0,2026-06-08,,
systems/fm-towns.yaml,systems,/systems/fm-towns/,Fujitsu FM Towns,Japan's multimedia PC,,,,,,,planned,0,2026-06-08,,
systems/fujitsu-fm-7.yaml,systems,/systems/fujitsu-fm-7/,Fujitsu FM-7,Fujitsu's dual-6809 Japanese home computer,,,,,,,planned,0,2026-06-30,,
systems/game-boy-advance.yaml,systems,/systems/game-boy-advance/,Nintendo Game Boy Advance,32-bit handheld gaming,,,,,,,planned,0,2026-06-08,,
systems/game-boy-color.yaml,systems,/systems/game-boy-color/,Nintendo Game Boy Color,Colour in your pocket,,,,,,,planned,0,2026-07-02,,
systems/game-boy.yaml,systems,/systems/game-boy/,Nintendo Game Boy,Gaming on the go,,,,,,,planned,0,2026-08-13,,
systems/grundy-newbrain.yaml,systems,/systems/grundy-newbrain/,Grundy NewBrain,The micro that nearly was the BBC's,,,,,,,planned,0,2026-06-30,,
systems/gx4000.yaml,systems,/systems/gx4000/,Amstrad GX4000,The console the CPC Plus was hiding,,,,,,,planned,0,2026-08-13,,
systems/heathkit-h8.yaml,systems,/systems/heathkit-h8/,Heathkit H8 / H89,The build-it-yourself 8080 kit (the H89 switched to Z80),,,,,,,planned,0,2026-06-30,,
systems/hobbit.yaml,systems,/systems/hobbit/,Hobbit,Soviet educational Spectrum-compatible,,,,,,,planned,0,2026-06-30,,
systems/ht-1080z.yaml,systems,/systems/ht-1080z/,HT-1080Z,Hungarian TRS-80 school clone,,,,,,,planned,0,2026-06-30,,
systems/ibm-pc.yaml,systems,/systems/ibm-pc/,IBM PC,The industry standard,,,,,,,planned,0,2026-06-08,,
systems/imsai-8080.yaml,systems,/systems/imsai-8080/,IMSAI 8080,The business machine,,,,,,,beyond,0,2026-06-08,,
systems/intellivision.yaml,systems,/systems/intellivision/,Mattel Intellivision,Intelligent television,,,,,,,edge,0,2026-06-08,,
systems/interact.yaml,systems,/systems/interact/,Interact Home Computer,A low-cost 8080 home computer with cassette storage,,,,,,,planned,0,2026-06-30,,
systems/iq-151.yaml,systems,/systems/iq-151/,IQ 151,Czechoslovak 8080 classroom micro,,,,,,,planned,0,2026-06-30,,
systems/jupiter-ace.yaml,systems,/systems/jupiter-ace/,Jupiter Ace,The Forth computer,,,,,,,planned,0,2026-08-13,,
systems/kim-1.yaml,systems,/systems/kim-1/,MOS KIM-1,The seminal 6502 single-board trainer,,,,,,,planned,0,2026-06-30,,
systems/korvet-pk8020.yaml,systems,/systems/korvet-pk8020/,Korvet PK8020,Soviet school and laboratory 8080 micro,,,,,,,planned,0,2026-06-30,,
systems/macintosh.yaml,systems,/systems/macintosh/,Apple Macintosh,The computer for the rest of us,,,,,,,planned,0,2026-06-08,,
systems/magnavox-odyssey2.yaml,systems,/systems/magnavox-odyssey2/,Magnavox Odyssey²,The voice of gaming,,,,,,,beyond,0,2026-06-08,,
systems/matra-alice.yaml,systems,/systems/matra-alice/,Matra Alice,The bright-red MC-10 clone for France,,,,,,,planned,0,2026-06-30,,
systems/mattel-aquarius.yaml,systems,/systems/mattel-aquarius/,Mattel Aquarius,Mattel's home computer,,,,,,,planned,0,2026-08-13,,
systems/memotech-mtx.yaml,systems,/systems/memotech-mtx/,Memotech MTX,British aluminium-cased Z80 micro,,,,,,,planned,0,2026-08-13,,
systems/meritum.yaml,systems,/systems/meritum/,Meritum,Polish TRS-80 Model I clone,,,,,,,planned,0,2026-06-30,,
systems/microbee.yaml,systems,/systems/microbee/,MicroBee,Australia's kit-and-assembled Z80 micro,,,,,,,planned,0,2026-06-30,,
systems/micronique-hector.yaml,systems,/systems/micronique-hector/,Micronique Hector,Micronique's French home computer,,,,,,,planned,0,2026-06-30,,
systems/mikrosha.yaml,systems,/systems/mikrosha/,Mikrosha,Soviet Radio-86RK-family home micro,,,,,,,planned,0,2026-06-30,,
systems/msx-turbo-r.yaml,systems,/systems/msx-turbo-r/,MSX turbo R,The standard's last word,,,,,,,planned,0,2026-08-13,,
systems/msx.yaml,systems,/systems/msx/,MSX,The international standard,,,,,,,next,0,2026-07-02,,
systems/multitech-mpf-1.yaml,systems,/systems/multitech-mpf-1/,Multitech MPF-I,Taiwan's Z80 training single-board computer,,,,,,,planned,0,2026-06-30,,
systems/nabu-pc.yaml,systems,/systems/nabu-pc/,NABU PC,Canada's cable-network home computer,,,,,,,planned,0,2026-06-30,,
systems/nascom.yaml,systems,/systems/nascom/,Nascom,Z80 kit for the home-brew era,,,,,,,planned,0,2026-06-30,,
systems/ndr-klein-computer.yaml,systems,/systems/ndr-klein-computer/,NDR-Klein-Computer,German TV-course modular DIY kit,,,,,,,planned,0,2026-06-30,,
systems/nec-pc-6001.yaml,systems,/systems/nec-pc-6001/,NEC PC-6001,NEC's home-oriented 8-bit line,,,,,,,planned,0,2026-06-30,,
systems/nec-pc-88.yaml,systems,/systems/nec-pc-88/,NEC PC-8801,A pillar of the Japanese 8-bit scene,,,,,,,planned,0,2026-06-30,,
systems/nec-pc-98.yaml,systems,/systems/nec-pc-98/,NEC PC-9801,Japan's dominant 16-bit business platform,,,,,,,planned,0,2026-06-30,,
systems/nec-pc-fx.yaml,systems,/systems/nec-pc-fx/,NEC PC-FX,Japan's other 32-bit console,,,,,,,beyond,0,2026-06-08,,
systems/neo-geo-pocket-color.yaml,systems,/systems/neo-geo-pocket-color/,SNK Neo Geo Pocket Color,Arcade colour in your pocket,,,,,,,planned,0,2026-07-02,,
systems/neo-geo-pocket.yaml,systems,/systems/neo-geo-pocket/,SNK Neo Geo Pocket,Arcade power in your pocket,,,,,,,planned,0,2026-07-02,,
systems/neo-geo.yaml,systems,/systems/neo-geo/,SNK Neo Geo,"Arcade-perfect, at a price",,,,,,,edge,0,2026-07-02,,
systems/netronics-elf-ii.yaml,systems,/systems/netronics-elf-ii/,Netronics ELF II,The commercial ELF kit with expansion bus and video,,,,,,,planned,0,2026-06-30,,
systems/nintendo-64.yaml,systems,/systems/nintendo-64/,Nintendo 64,Get N or get out,,,,,,,edge,0,2026-06-08,,
systems/nintendo-entertainment-system.yaml,systems,/systems/nintendo-entertainment-system/,Nintendo Entertainment System,The console that revived an industry,,,,,,,live,0,2026-09-03,,
systems/nintendo-virtual-boy.yaml,systems,/systems/nintendo-virtual-boy/,Nintendo Virtual Boy,Virtual reality gaming,,,,,,,edge,0,2026-06-08,,
systems/ohio-scientific.yaml,systems,/systems/ohio-scientific/,Ohio Scientific Superboard,The 6502 single-board kit behind the Challenger range,,,,,,,planned,0,2026-06-30,,
systems/olivetti-prodest-pc128.yaml,systems,/systems/olivetti-prodest-pc128/,Olivetti Prodest PC128,Olivetti's Thomson-derived home micro,,,,,,,planned,0,2026-06-30,,
systems/ondra.yaml,systems,/systems/ondra/,Ondra,Czechoslovak Z80 home computer,,,,,,,planned,0,2026-06-30,,
systems/oric-atmos.yaml,systems,/systems/oric-atmos/,Oric Atmos,The French connection,,,,,,,planned,0,2026-08-13,,
systems/orion-128.yaml,systems,/systems/orion-128/,Orion-128,Soviet magazine-design 8080 micro,,,,,,,planned,0,2026-06-30,,
systems/pc-engine.yaml,systems,/systems/pc-engine/,NEC PC Engine,Small but mighty,,,,,,,planned,0,2026-07-02,,
systems/pentagon-128.yaml,systems,/systems/pentagon-128/,Pentagon 128,The Soviet Spectrum clone,,,,,,,planned,0,2026-08-13,,
systems/philips-cd-i.yaml,systems,/systems/philips-cd-i/,Philips CD-i,Interactive multimedia,,,,,,,beyond,0,2026-06-08,,
systems/philips-p2000.yaml,systems,/systems/philips-p2000/,Philips P2000,Philips' mini-cassette home computer,,,,,,,planned,0,2026-06-30,,
systems/philips-vg-5000.yaml,systems,/systems/philips-vg-5000/,Philips VG-5000,Philips' Z80 home computer,,,,,,,planned,0,2026-06-30,,
systems/pmd-85.yaml,systems,/systems/pmd-85/,PMD 85,Czechoslovak 8080 school computer,,,,,,,planned,0,2026-06-30,,
systems/pravetz-8.yaml,systems,/systems/pravetz-8/,Pravetz 8,Bulgarian Apple II clone,,,,,,,planned,0,2026-06-30,,
systems/pravetz-8d.yaml,systems,/systems/pravetz-8d/,Pravetz 8D,Bulgarian Oric Atmos clone,,,,,,,planned,0,2026-06-30,,
systems/primo.yaml,systems,/systems/primo/,Primo,Hungarian Z80 home micro,,,,,,,planned,0,2026-06-30,,
systems/processor-tech-sol-20.yaml,systems,/systems/processor-tech-sol-20/,Processor Technology Sol-20,Integrated keyboard and video on the S-100 bus,,,,,,,planned,0,2026-06-30,,
systems/radio-86rk.yaml,systems,/systems/radio-86rk/,Radio-86RK,Soviet 8080 build-it-yourself micro,,,,,,,planned,0,2026-06-30,,
systems/rca-studio-ii.yaml,systems,/systems/rca-studio-ii/,RCA Studio II,COSMAC in the living room,,,,,,,beyond,0,2026-06-08,,
systems/robotron-kc85.yaml,systems,/systems/robotron-kc85/,Robotron KC85/KC87,East German U880 home computer,,,,,,,planned,0,2026-06-30,,
systems/sam-coupe.yaml,systems,/systems/sam-coupe/,SAM Coupé,The Spectrum's spiritual successor,,,,,,,planned,0,2026-06-08,,
systems/samsung-spc.yaml,systems,/systems/samsung-spc/,Samsung SPC,Korean Z80 home computer,,,,,,,planned,0,2026-06-30,,
systems/scorpion-zs256.yaml,systems,/systems/scorpion-zs256/,Scorpion ZS-256,The advanced Soviet Spectrum,,,,,,,planned,0,2026-08-13,,
systems/sega-32x.yaml,systems,/systems/sega-32x/,Sega 32X,32-bit upgrade,,,,,,,edge,0,2026-07-02,,
systems/sega-dreamcast.yaml,systems,/systems/sega-dreamcast/,Sega Dreamcast,It's thinking,,,,,,,beyond,0,2026-07-02,,
systems/sega-game-gear.yaml,systems,/systems/sega-game-gear/,Sega Game Gear,Portable power in full colour,,,,,,,planned,0,2026-06-08,,
systems/sega-master-system.yaml,systems,/systems/sega-master-system/,Sega Master System,Sega's first worldwide console,,,,,,,next,0,2026-07-02,,
systems/sega-mega-cd.yaml,systems,/systems/sega-mega-cd/,Sega Mega CD,CD-ROM gaming arrives,,,,,,,edge,0,2026-07-02,,
systems/sega-mega-drive.yaml,systems,/systems/sega-mega-drive/,Sega Mega Drive,Blast processing unleashed,,,,,,,planned,0,2026-07-02,,
systems/sega-saturn.yaml,systems,/systems/sega-saturn/,Sega Saturn,The 2D powerhouse,,,,,,,edge,0,2026-07-02,,
systems/sega-sc-3000.yaml,systems,/systems/sega-sc-3000/,Sega SC-3000,Sega's SG-1000 home-computer sibling,,,,,,,planned,0,2026-06-30,,
systems/sega-sg-1000.yaml,systems,/systems/sega-sg-1000/,Sega SG-1000,Sega's first console,,,,,,,planned,0,2026-08-13,,
systems/sharp-mz.yaml,systems,/systems/sharp-mz/,Sharp MZ,Sharp's clean-room 8-bit line,,,,,,,planned,0,2026-06-30,,
systems/sharp-x1.yaml,systems,/systems/sharp-x1/,Sharp X1,Sharp's TV-synced Japanese micro,,,,,,,planned,0,2026-06-30,,
systems/sharp-x68000.yaml,systems,/systems/sharp-x68000/,Sharp X68000,Japan's arcade powerhouse,,,,,,,planned,0,2026-06-08,,
systems/sinclair-ql.yaml,systems,/systems/sinclair-ql/,Sinclair QL,Sinclair's 68000 business micro,,,,,,,planned,0,2026-06-30,,
systems/sinclair-zx-spectrum.yaml,systems,/systems/sinclair-zx-spectrum/,Sinclair ZX Spectrum,Britain's gateway to gaming,,,,,,,live,0,2026-09-03,,
systems/sinclair-zx80.yaml,systems,/systems/sinclair-zx80/,Sinclair ZX80,Britain's first sub-£100 computer,,,,,,,edge,0,2026-08-13,,
systems/sony-playstation-2.yaml,systems,/systems/sony-playstation-2/,Sony PlayStation 2,The emotion engine,,,,,,,beyond,0,2026-06-08,,
systems/sony-playstation.yaml,systems,/systems/sony-playstation/,Sony PlayStation,The future of gaming,,,,,,,edge,0,2026-06-08,,
systems/sord-m5.yaml,systems,/systems/sord-m5/,Sord M5,Japan's compact Z80 micro,,,,,,,planned,0,2026-08-13,,
systems/specialist.yaml,systems,/systems/specialist/,Specialist,Soviet hi-res 8080 kit computer,,,,,,,planned,0,2026-06-30,,
systems/spectravideo-svi-328.yaml,systems,/systems/spectravideo-svi-328/,Spectravideo SVI-328,The machine MSX grew from,,,,,,,planned,0,2026-08-13,,
systems/squale.yaml,systems,/systems/squale/,Squale,France's 6809-based home micro,,,,,,,planned,0,2026-06-30,,
systems/super-nintendo.yaml,systems,/systems/super-nintendo/,Nintendo Super Nintendo,Now you're playing with power,,,,,,,planned,0,2026-06-08,,
systems/sym-1.yaml,systems,/systems/sym-1/,Synertek SYM-1,Synertek's 6502 single-board trainer,,,,,,,planned,0,2026-06-30,,
systems/tandy-1000.yaml,systems,/systems/tandy-1000/,Tandy 1000,PC compatibility for everyone,,,,,,,planned,0,2026-06-08,,
systems/tandy-coco.yaml,systems,/systems/tandy-coco/,Tandy Color Computer,The CoCo community,,,,,,,planned,0,2026-06-08,,
systems/tangerine-microtan-65.yaml,systems,/systems/tangerine-microtan-65/,Tangerine Microtan 65,British SBC for the home-brew era,,,,,,,planned,0,2026-06-30,,
systems/tatung-einstein.yaml,systems,/systems/tatung-einstein/,Tatung Einstein,The British micro with a built-in disc drive,,,,,,,planned,0,2026-08-13,,
systems/thomson-mo5.yaml,systems,/systems/thomson-mo5/,Thomson MO5,France's classroom computer,,,,,,,planned,0,2026-06-08,,
systems/ti-99-4a.yaml,systems,/systems/ti-99-4a/,Texas Instruments TI-99/4A,16-bit for the masses,,,,,,,planned,0,2026-06-08,,
systems/timex-tc2048.yaml,systems,/systems/timex-tc2048/,Timex Computer 2048,The enhanced European Spectrum,,,,,,,planned,0,2026-08-13,,
systems/timex-ts2068.yaml,systems,/systems/timex-ts2068/,Timex Sinclair 2068,The American Spectrum,,,,,,,planned,0,2026-08-13,,
systems/tomy-tutor.yaml,systems,/systems/tomy-tutor/,Tomy Tutor,Tomy's TMS9995 home computer,,,,,,,planned,0,2026-06-30,,
systems/trs-80-mc-10.yaml,systems,/systems/trs-80-mc-10/,TRS-80 MC-10,Tandy's budget colour micro,,,,,,,planned,0,2026-06-30,,
systems/trs-80-model-100.yaml,systems,/systems/trs-80-model-100/,TRS-80 Model 100,Tandy's portable with built-in apps,,,,,,,planned,0,2026-06-30,,
systems/trs-80.yaml,systems,/systems/trs-80/,Tandy TRS-80,One of the 1977 trinity,,,,,,,planned,0,2026-06-08,,
systems/vector-06c.yaml,systems,/systems/vector-06c/,Vector-06C,Soviet 8080 micro with colour graphics,,,,,,,planned,0,2026-06-30,,
systems/vectrex.yaml,systems,/systems/vectrex/,GCE Vectrex,Vector graphics at home,,,,,,,edge,0,2026-06-08,,
systems/videoton-tvc.yaml,systems,/systems/videoton-tvc/,Videoton TVC,Hungarian TV Computer,,,,,,,planned,0,2026-06-30,,
systems/vtech-laser.yaml,systems,/systems/vtech-laser/,VTech Laser,Hong Kong TRS-80-class home micro,,,,,,,planned,0,2026-06-30,,
systems/z1013.yaml,systems,/systems/z1013/,Robotron Z1013,East German U880 build-it-yourself kit,,,,,,,planned,0,2026-06-30,,
systems/zx81.yaml,systems,/systems/zx81/,Sinclair ZX81,A computer for under £100,,,,,,,planned,0,2026-08-13,,
timeline/1936-turing-machine.mdx,timeline,/timeline/1936-turing-machine/,Alan Turing describes the Turing machine,"Turing's theoretical 'universal machine' establishes the mathematical foundations of computation, defining what it means to compute.",,science,,,,,,62,2026-01-13,,
timeline/1939-world-war-ii-begins.mdx,timeline,/timeline/1939-world-war-ii-begins/,World War II begins in Europe,"Germany invades Poland, triggering a global conflict that will accelerate computing research through military necessity.",,politics,,,,,,56,2026-01-13,,
timeline/1943-colossus-operational.mdx,timeline,/timeline/1943-colossus-operational/,Colossus begins codebreaking at Bletchley Park,"The world's first programmable electronic computer enters service breaking Nazi codes, though its existence remains secret for decades.",,technology,,,,,,61,2026-01-13,,
timeline/1945-eniac-operational.mdx,timeline,/timeline/1945-eniac-operational/,ENIAC becomes operational,"The Electronic Numerical Integrator and Computer, the first general-purpose electronic computer, begins operation at the University of Pennsylvania.",,technology,,,,,,61,2026-01-13,,
timeline/1945-world-war-ii-ends.mdx,timeline,/timeline/1945-world-war-ii-ends/,World War II ends,"The deadliest conflict in human history concludes, leaving behind technological advances that will reshape civilian life.",,politics,,,,,,53,2026-01-13,,
timeline/1947-transistor-invented.mdx,timeline,/timeline/1947-transistor-invented/,The transistor is invented at Bell Labs,"John Bardeen, Walter Brattain, and William Shockley invent the transistor, the tiny switch that will replace vacuum tubes and enable modern electronics.",,technology,,,,,,66,2026-01-13,,
timeline/1952-first-video-game.mdx,timeline,/timeline/1952-first-video-game/,OXO: the first graphical video game,"Alexander Douglas creates OXO (noughts and crosses) for his Cambridge PhD thesis, the earliest known game with a visual display.",,technology,,,,,,55,2026-01-13,,
timeline/1954-first-transistor-computer.mdx,timeline,/timeline/1954-first-transistor-computer/,First fully transistorised computer built,"The TRADIC, built by Bell Labs for the US Air Force, becomes the first computer to use transistors instead of vacuum tubes throughout.",,technology,,,,,,55,2026-01-13,,
timeline/1958-integrated-circuit.mdx,timeline,/timeline/1958-integrated-circuit/,The integrated circuit is invented,"Jack Kilby at Texas Instruments creates the first integrated circuit, putting multiple transistors on a single chip and launching the microelectronics revolution.",,technology,,,,,,54,2026-01-13,,
timeline/1961-gagarin-spaceflight.mdx,timeline,/timeline/1961-gagarin-spaceflight/,Yuri Gagarin becomes first human in space,"Soviet cosmonaut Yuri Gagarin orbits Earth aboard Vostok 1, winning a major victory in the Space Race and inspiring a generation.",,science,,,,,,99,2026-01-13,,
timeline/1963-jfk-assassination.mdx,timeline,/timeline/1963-jfk-assassination/,President Kennedy assassinated,The assassination of President John F. Kennedy in Dallas shocks the world and marks a turning point in American political culture.,,politics,,,,,,83,2026-01-13,,
timeline/1969-moon-landing.mdx,timeline,/timeline/1969-moon-landing/,Apollo 11 Moon landing,"Neil Armstrong and Buzz Aldrin become the first humans to walk on the Moon, watched by an estimated 600 million people worldwide.",,science,,,,,,86,2026-01-13,,
timeline/1971-intel-4004.mdx,timeline,/timeline/1971-intel-4004/,Intel releases the 4004 microprocessor,"The first commercially available microprocessor launches, putting a complete CPU on a single chip and making personal computing possible.",,technology,,,,,,78,2026-01-13,,
timeline/1973-oil-crisis.mdx,timeline,/timeline/1973-oil-crisis/,OPEC oil embargo triggers energy crisis,"Arab oil producers embargo Western nations, quadrupling oil prices and triggering a global recession that reshapes the world economy.",,economics,,,,,,76,2026-01-13,,
timeline/1975-vietnam-war-ends.mdx,timeline,/timeline/1975-vietnam-war-ends/,Fall of Saigon ends Vietnam War,"North Vietnamese forces capture Saigon, ending two decades of American involvement in Vietnam and reshaping US foreign policy.",,politics,,,,,,71,2026-01-13,,
timeline/1977-star-wars.mdx,timeline,/timeline/1977-star-wars/,Star Wars released,"George Lucas's space opera transforms cinema, creates the modern blockbuster, and inspires a generation of game developers.",,culture,,,,,,80,2026-01-13,,
timeline/1979-sony-walkman.mdx,timeline,/timeline/1979-sony-walkman/,Sony Walkman launches,The portable cassette player creates a new category of personal electronics and demonstrates the appeal of technology you carry with you.,,technology,,,,,,84,2026-01-13,,
timeline/1980-john-lennon-killed.mdx,timeline,/timeline/1980-john-lennon-killed/,John Lennon murdered,The murder of former Beatle John Lennon outside his New York apartment marks the end of an era and sparks global mourning.,,culture,,,,,,82,2026-01-13,,
timeline/1981-ibm-pc.mdx,timeline,/timeline/1981-ibm-pc/,IBM PC launched,IBM's entry into personal computing legitimises the market and establishes the architecture that dominates business computing for decades.,,technology,,,,,,76,2026-01-13,,
timeline/1981-mtv-launches.mdx,timeline,/timeline/1981-mtv-launches/,MTV begins broadcasting,"Music Television launches with 'Video Killed the Radio Star,' creating a new visual medium that transforms pop culture and advertising.",,culture,,,,,,75,2026-01-13,,
timeline/1984-macintosh-launch.mdx,timeline,/timeline/1984-macintosh-launch/,Apple Macintosh launched,"Apple's Macintosh introduces the graphical user interface to mass audiences, heralded by the iconic '1984' Super Bowl advertisement.",,technology,,,,,,74,2026-01-13,,
timeline/1985-live-aid.mdx,timeline,/timeline/1985-live-aid/,Live Aid concerts,"Simultaneous concerts in London and Philadelphia raise over £100 million for Ethiopian famine relief, watched by 1.9 billion people.",,culture,,,,,,82,2026-01-13,,
timeline/1986-challenger-disaster.mdx,timeline,/timeline/1986-challenger-disaster/,Space Shuttle Challenger disaster,"The Space Shuttle Challenger breaks apart 73 seconds after launch, killing all seven crew members and halting the US space programme.",,science,,,,,,76,2026-01-13,,
timeline/1986-chernobyl.mdx,timeline,/timeline/1986-chernobyl/,Chernobyl nuclear disaster,"An explosion at the Chernobyl nuclear plant in Soviet Ukraine becomes the worst nuclear accident in history, with global repercussions.",,science,,,,,,74,2026-01-13,,
timeline/1987-black-monday.mdx,timeline,/timeline/1987-black-monday/,Black Monday stock market crash,"Stock markets around the world crash, with the Dow Jones falling 22.6% in a single day—the largest one-day percentage decline in history.",,economics,,,,,,68,2026-01-13,,
timeline/1989-berlin-wall.mdx,timeline,/timeline/1989-berlin-wall/,Berlin Wall falls,"East Germany opens the Berlin Wall, symbolically ending the Cold War division of Europe and beginning German reunification.",,politics,,,,,,75,2026-01-13,,
timeline/1989-tiananmen-square.mdx,timeline,/timeline/1989-tiananmen-square/,Tiananmen Square protests suppressed,"Chinese military forces suppress pro-democracy protests in Beijing, with the iconic 'Tank Man' image broadcast worldwide.",,politics,,,,,,80,2026-01-13,,
timeline/1991-soviet-union-dissolves.mdx,timeline,/timeline/1991-soviet-union-dissolves/,Soviet Union dissolves,"The Soviet Union officially dissolves after 69 years, ending the Cold War and reshaping global politics and economics.",,politics,,,,,,73,2026-01-13,,
timeline/1991-world-wide-web.mdx,timeline,/timeline/1991-world-wide-web/,World Wide Web goes public,"Tim Berners-Lee's World Wide Web project goes public, laying the foundation for the internet as we know it today.",,technology,,,,,,78,2026-01-13,,
timeline/1994-mandela-elected.mdx,timeline,/timeline/1994-mandela-elected/,Nelson Mandela elected President of South Africa,"Nelson Mandela becomes South Africa's first Black president after the country's first fully democratic election, ending apartheid.",,politics,,,,,,69,2026-01-13,,
timeline/1997-diana-death.mdx,timeline,/timeline/1997-diana-death/,Princess Diana dies in Paris crash,"The death of Diana, Princess of Wales, in a Paris car crash triggers unprecedented global mourning and media coverage.",,culture,,,,,,69,2026-01-13,,
timeline/1999-y2k-preparations.mdx,timeline,/timeline/1999-y2k-preparations/,Y2K preparations reach fever pitch,"The world prepares for potential computer chaos as the year 2000 approaches, highlighting society's dependence on software.",,technology,,,,,,75,2026-01-13,,
timeline/2001-september-11.mdx,timeline,/timeline/2001-september-11/,September 11 attacks reshape the world,"Terrorist attacks on the United States trigger wars, surveillance expansion, and a fundamental shift in global politics and technology.",,politics,,,,,,52,2026-01-13,,
timeline/2004-facebook-launches.mdx,timeline,/timeline/2004-facebook-launches/,Facebook launches from a Harvard dorm room,Mark Zuckerberg's social network begins its rise to become the dominant platform connecting billions of people worldwide.,,technology,,,,,,53,2026-01-13,,
timeline/2007-iphone-launches.mdx,timeline,/timeline/2007-iphone-launches/,Apple launches the iPhone,"Steve Jobs unveils a device that combines phone, music player, and internet communicator, launching the smartphone revolution.",,technology,,,,,,53,2026-01-13,,
timeline/2008-financial-crisis.mdx,timeline,/timeline/2008-financial-crisis/,Global financial crisis erupts,"The collapse of Lehman Brothers triggers the worst financial crisis since the Great Depression, reshaping economies worldwide.",,economics,,,,,,48,2026-01-13,,
timeline/2009-minecraft-released.mdx,timeline,/timeline/2009-minecraft-released/,Minecraft begins its blocky conquest,"Markus 'Notch' Persson releases an early version of Minecraft, a game that will become one of the best-selling of all time.",,technology,,,,,,54,2026-01-13,,
timeline/2011-steve-jobs-dies.mdx,timeline,/timeline/2011-steve-jobs-dies/,Steve Jobs dies,"Apple's co-founder and visionary leader dies of pancreatic cancer at 56, ending an era of personal computing.",,technology,,,,,,58,2026-01-13,,
timeline/2012-kickstarter-gaming.mdx,timeline,/timeline/2012-kickstarter-gaming/,Kickstarter transforms game funding,"Double Fine Adventure raises $3.3 million on Kickstarter, proving crowdfunding can revive genres abandoned by publishers.",,technology,,,,,,46,2026-01-13,,
timeline/2016-pokemon-go.mdx,timeline,/timeline/2016-pokemon-go/,Pokémon GO sends millions into the streets,"Niantic's augmented reality game becomes a global phenomenon, briefly making mobile gaming a shared outdoor experience.",,culture,,,,,,51,2026-01-13,,
timeline/2017-nintendo-switch.mdx,timeline,/timeline/2017-nintendo-switch/,Nintendo Switch blurs home and portable gaming,"Nintendo's hybrid console succeeds where Wii U failed, proving there's still a market for dedicated gaming hardware.",,technology,,,,,,57,2026-01-13,,
timeline/2020-covid-pandemic.mdx,timeline,/timeline/2020-covid-pandemic/,COVID-19 pandemic transforms daily life,"A global pandemic forces billions indoors, accelerating digital transformation and making gaming more central to social connection.",,politics,,,,,,51,2026-01-13,,
timeline/2022-chatgpt-launches.mdx,timeline,/timeline/2022-chatgpt-launches/,ChatGPT sparks the AI revolution,"OpenAI releases ChatGPT, bringing large language models to the mainstream and triggering a race to integrate AI into everything.",,technology,,,,,,52,2026-01-13,,
timeline/2023-retro-gaming-peak.mdx,timeline,/timeline/2023-retro-gaming-peak/,Retro gaming reaches mainstream acceptance,"Classic gaming moves from niche hobby to mainstream culture, with official re-releases, preservation efforts, and record auction prices.",,culture,,,,,,56,2026-01-13,,
units/commodore-64/assembly/meet-the-machine.yaml,units,,,,,,,,,,,0,2026-06-09,,
units/commodore-64/assembly/starfield.yaml,units,,,,,,,,,,,0,2026-06-12,,
units/commodore-64/basic/bleeper.yaml,units,,,,,,,,,,,0,2026-06-08,,
units/commodore-64/basic/dropzone.yaml,units,,,,,,,,,,,0,2026-06-08,,
units/commodore-64/basic/meet-c64-basic.yaml,units,,,,,,,,,,,0,2026-06-07,,
units/commodore-64/basic/oracle.yaml,units,,,,,,,,,,,0,2026-06-08,,
units/commodore-64/basic/reflex.yaml,units,,,,,,,,,,,0,2026-06-08,,
units/commodore-64/basic/rover.yaml,units,,,,,,,,,,,0,2026-06-08,,
units/commodore-64/basic/safe-cracker.yaml,units,,,,,,,,,,,0,2026-06-08,,
units/commodore-64/basic/skyline.yaml,units,,,,,,,,,,,0,2026-06-08,,
units/commodore-64/basic/tally.yaml,units,,,,,,,,,,,0,2026-06-08,,
units/commodore-amiga/amos/meet-amos.yaml,units,,,,,,,,,,,0,2026-06-09,,
units/commodore-amiga/assembly/flock.yaml,units,,,,,,,,,,,0,2026-06-12,,
units/commodore-amiga/assembly/meet-the-machine.yaml,units,,,,,,,,,,,0,2026-06-09,,
units/commodore-amiga/blitz/meet-blitz.yaml,units,,,,,,,,,,,0,2026-06-09,,
units/nintendo-entertainment-system/assembly/dash.yaml,units,,,,,,,,,,,0,2026-06-12,,
units/nintendo-entertainment-system/assembly/meet-the-machine.yaml,units,,,,,,,,,,,0,2026-06-09,,
units/sinclair-zx-spectrum/assembly/gloaming.yaml,units,,,,,,,,,,,0,2026-07-03,,
units/sinclair-zx-spectrum/assembly/meet-assembly.yaml,units,,,,,,,,,,,0,2026-09-21,,
units/sinclair-zx-spectrum/assembly/meet-the-machine.yaml,units,,,,,,,,,,,0,2026-06-09,,
units/sinclair-zx-spectrum/assembly/meteor-storm.yaml,units,,,,,,,,,,,0,2026-09-21,,
units/sinclair-zx-spectrum/assembly/shadowkeep.yaml,units,,,,,,,,,,,0,2026-07-05,,
units/sinclair-zx-spectrum/assembly/the-long-night.yaml,units,,,,,,,,,,,0,2026-07-03,,
units/sinclair-zx-spectrum/basic/basic-reference.yaml,units,,,,,,,,,,,0,2026-09-05,,
units/sinclair-zx-spectrum/basic/brick-bash.yaml,units,,,,,,,,,,,0,2026-09-17,,
units/sinclair-zx-spectrum/basic/bright-spark.yaml,units,,,,,,,,,,,0,2026-09-09,,
units/sinclair-zx-spectrum/basic/cipher.yaml,units,,,,,,,,,,,0,2026-09-18,,
units/sinclair-zx-spectrum/basic/crates.yaml,units,,,,,,,,,,,0,2026-09-16,,
units/sinclair-zx-spectrum/basic/drift.yaml,units,,,,,,,,,,,0,2026-09-17,,
units/sinclair-zx-spectrum/basic/locksmith.yaml,units,,,,,,,,,,,0,2026-09-17,,
units/sinclair-zx-spectrum/basic/meet-basic.yaml,units,,,,,,,,,,,0,2026-09-06,,
units/sinclair-zx-spectrum/basic/night-patrol.yaml,units,,,,,,,,,,,0,2026-09-19,,
units/sinclair-zx-spectrum/basic/quickstep.yaml,units,,,,,,,,,,,0,2026-09-17,,
units/sinclair-zx-spectrum/basic/sonar.yaml,units,,,,,,,,,,,0,2026-09-16,,
units/sinclair-zx-spectrum/basic/tail-chase.yaml,units,,,,,,,,,,,0,2026-09-17,,
units/sinclair-zx-spectrum/basic/the-caverns.yaml,units,,,,,,,,,,,0,2026-09-18,,
units/sinclair-zx-spectrum/basic/three-in-a-row.yaml,units,,,,,,,,,,,0,2026-09-18,,
units/sinclair-zx-spectrum/basic/touchdown.yaml,units,,,,,,,,,,,0,2026-09-09,,
units/sinclair-zx-spectrum/basic/volley.yaml,units,,,,,,,,,,,0,2026-09-09,,
units/sinclair-zx-spectrum/basic/yearfall.yaml,units,,,,,,,,,,,0,2026-09-18,,
units/sinclair-zx-spectrum/machine/meet-the-machine.yaml,units,,,,,,,,,,,0,2026-09-03,,
updates/caverns-escape-turn.mdx,updates,/updates/caverns-escape-turn/,The Caverns: time to escape,Build a small world where the order of a turn makes its warnings useful.,,,2026-09-18,True,,,,104,2026-09-18,,
updates/cipher-letters-that-remember.mdx,updates,/updates/cipher-letters-that-remember/,Cipher: letters that remember,"Build a word game whose revealed letters, unused alphabet and mistakes agree.",,,2026-09-18,True,,,,69,2026-09-18,,
updates/dash-complete.mdx,updates,/updates/dash-complete/,Dash — a finishable NES game,"The NES track's on-ramp: steer a runner, time a jump over the sweep, collect three coins to turn the level. Seventeen units from a blank screen to a cartridge, all driven off the NMI loop.",,,2026-07-06,,,,,143,2026-09-03,,
updates/dice-roller-live-samples.mdx,updates,/updates/dice-roller-live-samples/,Dice Roller: watch a sample form,"Build a live probability experiment with counts, shares and comparable samples.",,,2026-09-18,True,,,,71,2026-09-19,,
updates/four-finishable-games.mdx,updates,/updates/four-finishable-games/,All four launch machines have a game you can finish,"Spectrum, C64, Amiga and NES each now open with a complete game, built one technique at a time — a title screen, a win and a loss, the lot. Not a demo: a small game you can play to the end.",,,2026-07-06,,,,,85,2026-07-06,,
updates/locksmith-clues.mdx,updates,/updates/locksmith-clues/,Locksmith: count each digit once,Build a four-digit deduction game in nine Spectrum BASIC lessons.,,,2026-09-17,True,,,,90,2026-09-17,,
updates/maths-aiming-and-game-feel.mdx,updates,/updates/maths-aiming-and-game-feel/,Aim a shot. Feel the difference.,"Six interactive maths lessons explore aiming and fixed-point movement, with a new Game Feel playground alongside them.",,,2026-09-21,True,,,,156,2026-09-21,,
updates/meet-assembly.mdx,updates,/updates/meet-assembly/,"Meet Assembly: predict, run, inspect","Eight interactive lessons connect Z80 instructions to pixels, movement and debugging.",,,2026-09-21,True,,,,121,2026-09-21,,
updates/meet-basic-first-story.mdx,updates,/updates/meet-basic-first-story/,Meet BASIC: from a greeting to your first story,"Four new Spectrum BASIC lessons take you from your first instruction to a story you can change, save and share.",,,2026-09-05,,,,,160,2026-09-05,,
updates/meteor-storm.mdx,updates,/updates/meteor-storm/,"Meteor Storm: pixels, objects and a race against time",Build a Spectrum assembly game through 24 lessons with editable code and live machine inspection.,,,2026-09-21,True,,,,128,2026-09-21,,
updates/night-patrol-stealth.mdx,updates,/updates/night-patrol-stealth/,Night Patrol: read the guard,"Build a BASIC stealth game with corner scans, cover and a file to bring home.",,,2026-09-19,True,,,,95,2026-09-19,,
updates/quickstep-crossing.mdx,updates,/updates/quickstep-crossing/,Quickstep: plan beyond the next gap,"Build a six-lane Spectrum BASIC crossing through ten lessons, from a single moving lane to buffered controls.",,,2026-09-17,True,,,,107,2026-09-17,,
updates/stakes-pass.mdx,updates,/updates/stakes-pass/,The shipped games learned to be lost,"A pass over every finished game to make sure each has real stakes — a win you earn and a loss you can genuinely hit. Flock now shows both its endings, and a couple of latent bugs that quietly made games un-losable are closed.",,,2026-07-05,,,,,148,2026-09-03,,
updates/three-in-a-row-reasons.mdx,updates,/updates/three-in-a-row-reasons/,Three in a Row: read the opponent,"Build a Spectrum BASIC opponent, inspect its decisions and discover a fork it misses.",,,2026-09-18,True,,,,77,2026-09-18,,
updates/yearfall-a-budget-that-remembers.mdx,updates,/updates/yearfall-a-budget-that-remembers/,Yearfall: a budget that remembers,"Build a settlement whose food, land and population carry the consequences into later years.",,,2026-09-18,True,,,,91,2026-09-18,,
vault-categories/books.yaml,vault-categories,,Books,"Books about gaming, programming, and computing history.",,,,,,,,0,2026-01-19,,
vault-categories/communities.yaml,vault-categories,,Communities,Subcultures and communities around gaming and computing.,,,,,,,,0,2026-01-19,,
vault-categories/companies.yaml,vault-categories,,Companies & Studios,From bedroom operations to publishing empires.,,,,,,,,0,2026-01-16,,
vault-categories/culture.yaml,vault-categories,,Culture & Community,"Magazines, movements, and the scenes that connected it all.",,,,,,,,0,2026-01-16,,
vault-categories/demos.yaml,vault-categories,,Demos,Demo scene productions and digital art showcases.,,,,,,,,0,2026-01-19,,
vault-categories/distribution.yaml,vault-categories,,Distribution,Software distribution methods and channels.,,,,,,,,0,2026-01-19,,
vault-categories/emulators.yaml,vault-categories,,Emulators,Emulation software preserving vintage platforms.,,,,,,,,0,2026-01-19,,
vault-categories/events.yaml,vault-categories,,Events,"Demo parties, LAN events, and gaming conferences.",,,,,,,,0,2026-01-19,,
vault-categories/games.yaml,vault-categories,,Classic Games,The titles that pushed boundaries and defined genres.,,,,,,,,0,2026-01-16,,
vault-categories/genres.yaml,vault-categories,,Genres,"Game genres, subgenres, and design movements.",,,,,,,,0,2026-01-19,,
vault-categories/groups.yaml,vault-categories,,Groups,"Scene collectives, demo groups, and informal organisations.",,,,,,,,0,2026-01-19,,
vault-categories/hardware.yaml,vault-categories,,Hardware,The chips and components that made it all possible.,,,,,,,,0,2026-01-16,,
vault-categories/magazines.yaml,vault-categories,,Magazines,"Gaming press, computing magazines, and fanzines.",,,,,,,,0,2026-01-19,,
vault-categories/people.yaml,vault-categories,,People,"The developers, designers, and composers who defined the era.",,,,,,,,0,2026-01-16,,
vault-categories/phenomena.yaml,vault-categories,,Phenomena,"Cultural movements, industry events, and defining moments.",,,,,,,,0,2026-01-19,,
vault-categories/systems.yaml,vault-categories,,Systems,The machines that defined an era.,,,,,,,,0,2026-01-16,,
vault-categories/techniques.yaml,vault-categories,,Techniques & Technology,The clever tricks and deep system knowledge that made magic happen.,,,,,,,,0,2026-01-16,,
vault-categories/tools.yaml,vault-categories,,Tools,"Development tools, music trackers, databases, and archives.",,,,,,,,0,2026-01-19,,
vault/books/basic-computer-games.mdx,vault,/vault/books/basic-computer-games/,BASIC Computer Games,David Ahl's 1978 collection of type-in BASIC games that predated home computers and defined a generation of programmers.,101 games that started it all,books,,,True,False,,261,2026-09-01,,
vault/books/c64-programmers-reference-guide.mdx,vault,/vault/books/c64-programmers-reference-guide/,Commodore 64 Programmer's Reference Guide,Commodore's official technical reference that became the essential companion for every serious C64 programmer.,The C64 bible,books,,,True,False,,268,2026-09-01,,
vault/books/complete-spectrum-rom-disassembly.mdx,vault,/vault/books/complete-spectrum-rom-disassembly/,The Complete Spectrum ROM Disassembly,"Ian Logan and Frank O'Hara's 1983 Melbourne House book listed every byte of the ZX Spectrum ROM with commentary — turning the machine's most important 16 KB from a black box into a documented library. It was the fourth book in a run that started on the ZX80, and it is still the reference forty years on.","Sinclair's 16 KB, printed and annotated line by line",books,,,True,False,,734,2026-09-01,,
vault/books/computer-battlegames.mdx,vault,/vault/books/computer-battlegames/,Computer Battlegames,Usborne's 1982 type-in book featuring Hangman and other games that introduced countless children to programming.,The book that launched a million programmers,books,,,True,False,,255,2026-09-01,,
vault/books/machine-code-for-beginners.mdx,vault,/vault/books/machine-code-for-beginners/,Machine Code for Beginners,Usborne's remarkable 1983 book that taught assembly language to children through colourful illustrations.,Assembly language made accessible,books,,,True,False,,223,2026-09-01,,
vault/books/mastering-machine-code-spectrum.mdx,vault,/vault/books/mastering-machine-code-spectrum/,Mastering Machine Code on Your ZX Spectrum,Toni Baker's 1983 classic that taught a generation of Spectrum owners to program in Z80 assembly language.,The definitive Spectrum assembly guide,books,,,True,False,,376,2026-09-01,,
vault/books/usborne-computing-books.mdx,vault,/vault/books/usborne-computing-books/,Usborne computing books,"Usborne Publishing's home-computer book series, launched in 1982, taught BASIC, machine code, and game-making to British children in colourful, cartoon-illustrated paperbacks priced under £3. Titles like Computer Spacegames, Machine Code for Beginners, and Write Your Own Adventure Programs sold in the millions, defined an entire generation's expectation of what 'a programming book' looked like, and were re-released as free PDFs in 2016. The explicit pedagogical bar the Code198x BASIC track is calibrated against.",The illustrated children's programming books that taught Britain to code,books,,,True,False,,1288,2026-09-01,,
vault/communities/aminet.mdx,vault,/vault/communities/aminet/,Aminet,"The massive FTP archive that preserved Amiga software, art, music, and demos - one of the largest software repositories of its era and a crucial preservation resource for the platform.",The Amiga archive,communities,,,True,False,,301,2026-08-27,,
vault/communities/bbs-door-games.mdx,vault,/vault/communities/bbs-door-games/,BBS Door Games,"Turn-based multiplayer games that ran on bulletin board systems, allowing multiple callers to compete asynchronously before broadband internet made real-time online gaming possible.",Multiplayer before the internet,communities,,,True,False,,214,2026-09-01,,
vault/communities/bbs-scene.mdx,vault,/vault/communities/bbs-scene/,BBS Scene,"Bulletin Board Systems connected computer enthusiasts before the internet, enabling file sharing, messaging, and online gaming through dial-up modems.",Pre-internet communities,communities,,,True,False,,305,2026-08-27,,
vault/communities/chiptune-scene.mdx,vault,/vault/communities/chiptune-scene/,The Chiptune Scene,"The chiptune scene transformed the bleeps and bloops of gaming hardware into a recognised musical genre, with dedicated composers, festivals, and a global community.",When game music became an art form,communities,,,True,False,,325,2026-08-27,,
vault/communities/crack-intros.mdx,vault,/vault/communities/crack-intros/,Crack Intros,Crack intros—screens added to pirated software announcing the cracking group—evolved from simple text into elaborate technical showcases that birthed the demo scene.,Piracy's unexpected art form,communities,,,True,False,,284,2026-08-27,,
vault/communities/cracking-scene.mdx,vault,/vault/communities/cracking-scene/,Cracking Scene,The cracking scene transformed software piracy into a competitive culture that trained generations of programmers and directly spawned the demo scene.,Where the scene began,communities,,,True,False,,217,2026-08-27,,
vault/communities/demo-parties.mdx,vault,/vault/communities/demo-parties/,Demo Parties,"Demo parties brought programmers, musicians, and artists together for weekend competitions, creating the demo scene's most celebrated works and lifelong friendships.",Where the scene gathers,communities,,,True,False,,293,2026-08-27,,
vault/communities/demo-scene.mdx,vault,/vault/communities/demo-scene/,Demo Scene,"The demo scene emerged from crack intros into a global subculture where programmers, artists and musicians make real-time audiovisual productions, competing to get more out of a machine than its designers ever demonstrated.",Art from hardware limits,communities,,,True,False,,647,2026-08-28,,
vault/communities/esports-origins.mdx,vault,/vault/communities/esports-origins/,The Rise of Esports,"Competitive gaming evolved from Space Invaders tournaments to million-dollar leagues, turning players into athletes and gaming into spectator sport.",From arcade high scores to professional gaming,communities,,,True,False,,338,2026-08-27,,
vault/communities/fan-translations.mdx,vault,/vault/communities/fan-translations/,Fan Translations,"Fan translations brought Japanese RPGs and other games to English-speaking audiences, enabling players to experience titles that publishers never officially localised.",Games without borders,communities,,,True,False,,221,2026-08-27,,
vault/communities/fighting-game-community.mdx,vault,/vault/communities/fighting-game-community/,Fighting Game Community,"The Fighting Game Community developed from arcade competition into a global grassroots movement with its own culture, terminology, and major tournament circuit.",The FGC,communities,,,True,False,,181,2026-08-27,,
vault/communities/internet-archive.mdx,vault,/vault/communities/internet-archive/,Internet Archive,"The non-profit digital library preserving the internet and vast collections of software, games, and publications - including playable retro games in the browser.",The digital library,communities,,,True,False,,238,2026-08-27,,
vault/communities/lan-parties.mdx,vault,/vault/communities/lan-parties/,LAN Parties,"LAN parties brought gamers together to connect computers for multiplayer sessions, creating communities around Doom, Quake, and StarCraft before broadband made them less necessary.",Networked gaming gatherings,communities,,,True,False,,205,2026-08-27,,
vault/communities/ludum-dare.mdx,vault,/vault/communities/ludum-dare/,Ludum Dare,"Ludum Dare is the world's longest-running online game jam, challenging developers to create complete games in 48 or 72 hours around a community-voted theme.",Create a game in 48 hours,communities,,,True,False,,353,2026-08-27,,
vault/communities/modding.mdx,vault,/vault/communities/modding/,Modding,"Modding empowers players to modify games, creating new content from simple tweaks to total conversions that spawn entirely new genres and professional careers.",Player-created content,communities,,,True,False,,206,2026-08-27,,
vault/communities/nesdev.mdx,vault,/vault/communities/nesdev/,NESDev,"The comprehensive community and wiki documenting NES/Famicom hardware, programming techniques, and homebrew development - the definitive resource for NES programmers.",NES development community,communities,,,True,False,,180,2026-08-27,,
vault/communities/speedrunning.mdx,vault,/vault/communities/speedrunning/,Speedrunning,"Speedrunning transformed game completion into competitive sport, with players exploiting glitches and perfecting routes to achieve seemingly impossible times.",Racing against time,communities,,,True,False,,256,2026-08-27,,
vault/communities/total-conversions.mdx,vault,/vault/communities/total-conversions/,Total Conversions,"Total conversions replaced everything in a game—art, sound, gameplay—creating entirely new experiences on existing engines, sometimes rivalling commercial releases in scope.",Complete game overhauls,communities,,,True,False,,212,2026-08-27,,
vault/companies/3d-realms.mdx,vault,/vault/companies/3d-realms/,3D Realms,"3D Realms created Duke Nukem and pioneered shareware distribution, building a gaming empire from the shareware model before the infamous Duke Nukem Forever development saga.",Duke Nukem creators,companies,,,True,False,,194,2026-08-27,,
vault/companies/acclaim.mdx,vault,/vault/companies/acclaim/,Acclaim Entertainment,"Acclaim built a business on licensed games, from early NES sports titles to controversial marketing, experiencing both tremendous success and eventual bankruptcy.",Licensed game giant,companies,,,True,False,,211,2026-08-27,,
vault/companies/accolade.mdx,vault,/vault/companies/accolade/,Accolade,"Founded by two Activision founders, and the defendant in the 1992 case that established reverse engineering for compatibility as lawful — the reason console makers cannot control who publishes for their machines.",The company that won the right to reverse-engineer,companies,,,True,False,,512,2026-08-27,,
vault/companies/acid-software.mdx,vault,/vault/companies/acid-software/,Acid Software,"Mark Sibly's New Zealand company that created Blitz Basic and developed games like Skidmarks, proving that compiled BASIC could produce commercial hits.",Blitz Basic creators,companies,,,True,False,,219,2026-08-27,,
vault/companies/acorn-computers.mdx,vault,/vault/companies/acorn-computers/,Acorn Computers,"Acorn Computers built the BBC Micro, won hearts in British schools, and spawned ARM—the processor architecture now in billions of devices.",The British computer pioneer,companies,,,True,False,,772,2026-08-29,,
vault/companies/acornsoft.mdx,vault,/vault/companies/acornsoft/,Acornsoft,"Acorn's own software arm, and the original publisher of Elite. Acornsoft sold games at education-machine prices to the owners of a computer sold as an educational tool — and put out the game the period press held up as the standard the industry could no longer reach.",The label that published Elite,companies,,,True,False,,947,2026-08-29,,
vault/companies/activision.mdx,vault,/vault/companies/activision/,Activision,"Founded by rebellious Atari programmers who wanted credit for their work, Activision invented third-party publishing and proved developers mattered.",The first third-party publisher,companies,,,True,False,,1069,2026-08-27,,
vault/companies/addictive-games.mdx,vault,/vault/companies/addictive-games/,Addictive Games,"Kevin Toms' publisher, advertising Football Manager from a Milton Keynes address in February 1982 and from Bournemouth by 1984. The name was a promise about the product, and the product delivered on it.","One game, a post-office box, and a pun that meant it",companies,,,True,False,,500,2026-08-27,,
vault/companies/alligata.mdx,vault,/vault/companies/alligata/,Alligata Software,"A Sheffield publisher whose real asset was one programmer, Tony Crowther, and whose two appearances in the trade press are both about being too close to somebody else's game — Elite blocked its Who Dares Wins outright and threatened it again over Bombo.","1 Orange Street, Sheffield",companies,,,True,False,,1234,2026-08-27,,
vault/companies/alternative-software.mdx,vault,/vault/companies/alternative-software/,Alternative Software,A Yorkshire budget label that sold Spanish games at £2.99 in 1988 and is still publishing today — the longest unbroken run of any British publisher in this Vault.,Still going,companies,,,True,False,,601,2026-08-27,,
vault/companies/americana.mdx,vault,/vault/companies/americana/,Americana,"A budget label selling older American games cheaply in Britain — and in July 1986, ZZAP!64's best-value awards went to three of them at once.","Three Sizzlers in one issue, all re-releases",companies,,,True,False,,552,2026-08-27,,
vault/companies/anco.mdx,vault,/vault/companies/anco/,Anco Software,A Kent publisher whose 1989 football game was still being called the greatest of all time by an Italian magazine eight years later — and whose sequel proved the point by getting it wrong.,"Kick Off, and what happens when you change the view",companies,,,True,False,,768,2026-08-27,,
vault/companies/ape-inc.mdx,vault,/vault/companies/ape-inc/,Ape Inc.,Ape Inc. developed the Mother/EarthBound series under Shigesato Itoi's direction before reorganising into Creatures Inc. and becoming part of the Pokémon empire.,Mother's creators,companies,,,True,False,,162,2026-08-27,,
vault/companies/apogee-software.mdx,vault,/vault/companies/apogee-software/,Apogee Software,"The company that invented the modern shareware model, giving away the first episode free to sell the rest - launching Commander Keen, Duke Nukem, and publishing Wolfenstein 3D.",Shareware pioneers,companies,,,True,False,,274,2026-08-27,,
vault/companies/argonaut.mdx,vault,/vault/companies/argonaut/,Argonaut Software,"Jez San's Argonaut Software pioneered 3D graphics on home computers and co-developed Nintendo's Super FX chip, shaping console gaming's polygonal future.",3D before its time,companies,,,True,False,,1020,2026-08-27,,
vault/companies/ariolasoft.mdx,vault,/vault/companies/ariolasoft/,Ariolasoft,"A record company's software arm that held the British rights to Electronic Arts and Broderbund — the reason Marble Madness, Archon and Lode Runner arrived in UK shops with an unfamiliar name on the box.",How American software reached Britain,companies,,,True,False,,769,2026-08-29,,
vault/companies/arkane-studios.mdx,vault,/vault/companies/arkane-studios/,Arkane Studios,"Arkane Studios kept immersive sim design alive when publishers abandoned the genre, delivering Dishonored, Prey, and Deathloop while maintaining creative integrity under corporate ownership.",Immersive sim torchbearers,companies,,,True,False,,165,2026-08-27,,
vault/companies/atari-games.mdx,vault,/vault/companies/atari-games/,Atari Games,"Atari Games continued Atari's arcade legacy after the company split, creating classics like Gauntlet, Paperboy, and the Hard Drivin' series throughout the late 1980s and 1990s.",Arcade division,companies,,,True,False,,458,2026-08-27,,
vault/companies/atari.mdx,vault,/vault/companies/atari/,Atari,"Atari created the video game industry with Pong, dominated it with the 2600, and nearly destroyed it through hubris and shovelware.",The company that started it all,companies,,,True,False,,1335,2026-08-29,,
vault/companies/atlantis-software.mdx,vault,/vault/companies/atlantis-software/,Atlantis Software,A budget house of the first wave whose catalogue mixed arcade games with computerised card and board games — the £1.99 shelf where casual gaming quietly begins.,Connect 4 at £1.99,companies,,,True,False,,554,2026-08-27,,
vault/companies/atlus.mdx,vault,/vault/companies/atlus/,Atlus,"Atlus carved a niche with mature, challenging JRPGs through Shin Megami Tensei and Persona, building devoted audiences who appreciated darker themes and demanding gameplay.",Demon summoners,companies,,,True,False,,171,2026-08-27,,
vault/companies/audiogenic.mdx,vault,/vault/companies/audiogenic/,Audiogenic,"A publisher that found a niche the arcade converters ignored — proper sports simulations, cricket above all — and worked it for fifteen years across five machine generations.","Cricket, and the long tail",companies,,,True,False,,557,2026-08-27,,
vault/companies/beam-software.mdx,vault,/vault/companies/beam-software/,Beam Software,"The Australian game developer founded in 1980, creators of The Hobbit text adventure's revolutionary parser, and one of the southern hemisphere's most significant studios.",Australian developer,companies,,,True,False,,1161,2026-08-27,,
vault/companies/beau-jolly.mdx,vault,/vault/companies/beau-jolly/,Beau Jolly,"A London company that made no games at all. It bought the marketing rights to other publishers' catalogues, packaged them ten at a time, and spent a quarter of a million pounds on television advertising.","Ten games, one cassette, £9.95",companies,,,True,False,,935,2026-08-27,,
vault/companies/bemani.mdx,vault,/vault/companies/bemani/,Bemani,"Bemani developed Konami's rhythm game empire including Beatmania, Dance Dance Revolution, and Guitar Freaks, dominating Japanese arcades through dedicated music gaming.",Konami's music division,companies,,,True,False,,166,2026-08-27,,
vault/companies/bethesda-game-studios.mdx,vault,/vault/companies/bethesda-game-studios/,Bethesda Game Studios,"Bethesda Game Studios created the modern open-world RPG template with Morrowind, Oblivion, and Skyrim, delivering vast explorable worlds at the cost of technical polish.",Open world pioneers,companies,,,True,False,,179,2026-08-27,,
vault/companies/bethesda.mdx,vault,/vault/companies/bethesda/,Bethesda Softworks,"Bethesda Softworks created vast open-world RPGs with The Elder Scrolls and later acquired Fallout, building immersive sandbox worlds where player freedom trumps narrative linearity.",Open world RPG masters,companies,,,True,False,,183,2026-08-27,,
vault/companies/beyond-software.mdx,vault,/vault/companies/beyond-software/,Beyond Software,"The publisher of Lords of Midnight and Doomdark's Revenge, whose 'landscaping' technique put a vast explorable world on a 48K machine — before being absorbed into British Telecom's software arm.",Landscaping the Spectrum,companies,,,True,False,,974,2026-08-27,,
vault/companies/bioware.mdx,vault,/vault/companies/bioware/,BioWare,"BioWare defined modern Western RPGs through companion relationships, moral choices, and cinematic presentation in Baldur's Gate, Knights of the Old Republic, and Mass Effect.",Story-driven RPGs,companies,,,True,False,,181,2026-08-27,,
vault/companies/bitmap-brothers.mdx,vault,/vault/companies/bitmap-brothers/,The Bitmap Brothers,"The Bitmap Brothers combined striking metallic visual design with polished gameplay, creating Speedball 2, Xenon 2, and The Chaos Engine.",Style meets substance,companies,,,True,False,,275,2026-08-27,,
vault/companies/black-isle-studios.mdx,vault,/vault/companies/black-isle-studios/,Black Isle Studios,"Black Isle Studios delivered Fallout 2, Planescape: Torment, and Icewind Dale before Interplay's collapse scattered its talent across the industry.",CRPG golden age,companies,,,True,False,,184,2026-08-27,,
vault/companies/blizzard.mdx,vault,/vault/companies/blizzard/,Blizzard Entertainment,"Blizzard Entertainment built an empire on exceptionally polished games, from Warcraft and StarCraft to Diablo and World of Warcraft, defining genres through refinement rather than invention.",Polish perfected,companies,,,True,False,,168,2026-08-27,,
vault/companies/bluesky-software.mdx,vault,/vault/companies/bluesky-software/,BlueSky Software,"BlueSky Software created technically impressive games for Sega platforms, including Vectorman and its sequel, showcasing the Mega Drive's capabilities in its twilight years.",Vectorman developers,companies,,,True,False,,139,2026-08-27,,
vault/companies/broderbund.mdx,vault,/vault/companies/broderbund/,Brøderbund,"Brøderbund published landmark titles including Prince of Persia, Lode Runner, and Carmen Sandiego, maintaining high quality standards across games and educational software.",Quality software publisher,companies,,,True,False,,212,2026-08-27,,
vault/companies/bubble-bus.mdx,vault,/vault/companies/bubble-bus/,Bubble Bus Software,"A Kent publisher whose fortunes rested on one programmer, Stephen Crow, and one game — Starquake, a 500-room exploration platformer that was still being called an 8-bit classic years after the machines it ran on were obsolete.","87 High Street, Tonbridge",companies,,,True,False,,585,2026-08-27,,
vault/companies/bug-byte.mdx,vault,/vault/companies/bug-byte/,Bug-Byte,"Founded in May 1980 by two Liverpool chemistry students, Bug-Byte was one of the first British software houses of any size — publishing for the Acorn Atom and the ZX81 in parallel, shipping the ZX81's best-regarded assembler, and putting out Matthew Smith's Manic Miner in 1983. It also lost its staff twice: to Imagine in January 1983 and to Software Projects a year later. It went into receivership in June 1985.","Liverpool's first software house, and the one everyone else walked out of",companies,,,True,False,,1408,2026-08-27,,
vault/companies/bullfrog.mdx,vault,/vault/companies/bullfrog/,Bullfrog Productions,"Bullfrog Productions created Populous, Theme Park, and Dungeon Keeper, pioneering god games and business simulations under Peter Molyneux's direction.",God game inventors,companies,,,True,False,,282,2026-08-27,,
vault/companies/bungie.mdx,vault,/vault/companies/bungie/,Bungie,"Bungie created Marathon, defined console FPS with Halo, and pioneered live-service gaming with Destiny, evolving from indie Mac developer to industry giant.",From Mac shooters to console dominance,companies,,,True,False,,311,2026-08-27,,
vault/companies/camelot-software.mdx,vault,/vault/companies/camelot-software/,Camelot Software Planning,Camelot Software Planning created the Shining Force series for Sega before becoming Nintendo's premier sports game developer with Mario Golf and Mario Tennis.,Tactical RPG pioneers,companies,,,True,False,,164,2026-08-27,,
vault/companies/capcom.mdx,vault,/vault/companies/capcom/,Capcom,"Japanese developer Capcom created Street Fighter, Mega Man, Resident Evil, and countless arcade classics, shaping gaming for decades.",From arcade to empire,companies,,,True,False,,573,2026-08-28,,
vault/companies/cascade-games.mdx,vault,/vault/companies/cascade-games/,Cascade Games,"The Leeds company behind Cassette 50 — fifty games on one tape for £9.95, on a dozen incompatible machines, with a calculator watch thrown in. The most famous bad deal in British home computing.",Fifty games and a free watch,companies,,,True,False,,837,2026-08-27,,
vault/companies/cavedog-entertainment.mdx,vault,/vault/companies/cavedog-entertainment/,Cavedog Entertainment,"Cavedog Entertainment created Total Annihilation, pushing RTS toward unprecedented scale before parent company GT Interactive's collapse ended the studio's promising trajectory.",Total ambition,companies,,,True,False,,183,2026-08-27,,
vault/companies/centresoft.mdx,vault,/vault/companies/centresoft/,CentreSoft,"Geoff and Anne Brown started distributing games from a Halesowen office with milk crates for chairs in 1983. CentreSoft became Britain's largest games distributor, and its credit line is what made U.S. Gold possible a year later.",The Halesowen distributor that grew a publisher,companies,,,True,False,,620,2026-08-28,,
vault/companies/chunsoft.mdx,vault,/vault/companies/chunsoft/,Chunsoft,Chunsoft developed Dragon Quest's early entries and created the Mystery Dungeon roguelike series before merging to form Spike Chunsoft.,Mystery Dungeon creators,companies,,,True,False,,156,2026-08-27,,
vault/companies/cinemaware.mdx,vault,/vault/companies/cinemaware/,Cinemaware,"Cinemaware pioneered cinematic gaming with Defender of the Crown and It Came from the Desert, combining Hollywood production values with varied gameplay in ambitious multimedia experiences.",Interactive movies,companies,,,True,False,,905,2026-08-27,,
vault/companies/clickteam.mdx,vault,/vault/companies/clickteam/,Clickteam,"The company founded by François Lionet after AMOS, creating Klik & Play, The Games Factory, and Fusion - continuing the mission of accessible game development.",Game creation evolved,companies,,,True,False,,263,2026-08-27,,
vault/companies/climax-entertainment.mdx,vault,/vault/companies/climax-entertainment/,Climax Entertainment,"Climax Entertainment crafted distinctive action-adventures with isometric perspectives, creating Landstalker and its spiritual successors across multiple Sega platforms.",Isometric adventure specialists,companies,,,True,False,,134,2026-08-27,,
vault/companies/cloanto.mdx,vault,/vault/companies/cloanto/,Cloanto,"The Italian software company that legally owns and preserves the classic Commodore and Amiga system ROMs, distributing them through Amiga Forever and C64 Forever.",Keepers of the Commodore and Amiga ROMs,companies,,,True,False,,645,2026-08-27,,
vault/companies/codemasters.mdx,vault,/vault/companies/codemasters/,Codemasters,"Codemasters, founded in 1986 by brothers Richard and David Darling after they left Mastertronic, became the British budget-games scene's most successful publisher of the late 1980s — home to the Oliver Twins' Dizzy franchise, the Simulator series, and the Game Genie console-cheat device. The company survived the 8-bit transition, grew into a major PC and console publisher in the 1990s and 2000s, and was acquired by Electronic Arts in 2021 for $1.2 billion.",From £1.99 cassettes to Formula 1 — the Darling brothers' four-decade trajectory,companies,,,True,False,,2004,2026-08-27,,
vault/companies/commodore.mdx,vault,/vault/companies/commodore/,Commodore,"From typewriter repair to the best-selling computer ever, Commodore's C64 and Amiga defined home computing for millions.","Computers for the masses, not the classes",companies,,,True,False,,1204,2026-08-29,,
vault/companies/compile.mdx,vault,/vault/companies/compile/,Compile,"Compile created the Puyo Puyo puzzle phenomenon and developed acclaimed shoot-em-ups including Zanac and Aleste, before financial troubles led to their closure and IP sales.",Puyo Puyo and shooters,companies,,,True,False,,197,2026-08-27,,
vault/companies/compupress.mdx,vault,/vault/companies/compupress/,Compupress,"Compupress published Computer για Όλους, then spun Pixel out of it in October 1983 on the strength of a reader questionnaire, and added PC Master in 1989. Both surviving titles in this library are its, under the same publisher, Nikos Manousos, across at least six years.",The Athens publisher behind Greece's computer press,companies,,,True,False,,215,2026-08-29,,
vault/companies/core-design.mdx,vault,/vault/companies/core-design/,Core Design,"Core Design created Lara Croft and Tomb Raider, defining 3D action-adventure before annual sequels and franchise fatigue led to the series leaving their hands.",Tomb Raider creators,companies,,,True,False,,180,2026-08-27,,
vault/companies/creatures-inc.mdx,vault,/vault/companies/creatures-inc/,Creatures Inc.,"Creatures Inc. co-owns the Pokémon franchise alongside Nintendo and Game Freak, developing spin-off games and managing the trading card game.",Pokémon's third pillar,companies,,,True,False,,157,2026-08-27,,
vault/companies/criterion.mdx,vault,/vault/companies/criterion/,Criterion Games,"Criterion Games pioneered spectacular crash physics with Burnout before taking over Need for Speed, demonstrating technical innovation in arcade racing.",Burnout's architects,companies,,,True,False,,151,2026-08-27,,
vault/companies/crl-group.mdx,vault,/vault/companies/crl-group/,CRL Group,"CRL spent its first years buying properties it could put on a cassette inlay — the Magic Roundabout, Gerry Anderson, a Jeff Wayne record. When it wanted Blade Runner and could not trace the film rights, it licensed the Vangelis soundtrack instead and shipped a game of the score. The BBFC certificates that made it famous came from the same instinct, and Clement Chambers defended them on a point of law.",The licence chasers who accidentally invented games censorship,companies,,,True,False,,1500,2026-08-27,,
vault/companies/cyan.mdx,vault,/vault/companies/cyan/,Cyan,"Cyan created Myst and its sequels, pioneering contemplative puzzle design and CD-ROM gaming before continuing to explore mysterious worlds through decades of development.",Myst creators,companies,,,True,False,,181,2026-08-27,,
vault/companies/data-east.mdx,vault,/vault/companies/data-east/,Data East,"Data East developed diverse arcade games from BurgerTime's food-based platforming to Bad Dudes' action brawling, creating memorable experiences across multiple genres.",Arcade variety,companies,,,True,False,,161,2026-08-27,,
vault/companies/daze.mdx,vault,/vault/companies/daze/,Daze,"A small British distributor that carried French, German and Finnish Amiga games into UK shops in the mid-nineties — the last working version of the import route that ran through the whole era.",The route continental games took in,companies,,,True,False,,475,2026-08-27,,
vault/companies/delphine-software.mdx,vault,/vault/companies/delphine-software/,Delphine Software,"French studio Delphine Software created *Another World* and *Flashback*, games that elevated interactive storytelling through rotoscoped animation and cinematic presentation.",Cinematic ambition,companies,,,True,False,,271,2026-08-27,,
vault/companies/denton-designs.mdx,vault,/vault/companies/denton-designs/,Denton Designs,"Formed in September 1984 by five ex-Imagine staff in Liverpool's medical district, Denton Designs ran as a co-operative facilities house and produced Shadowfire, Frankie Goes to Hollywood, The Great Escape and Where Time Stood Still.",Five people who walked out of Imagine's collapse and kept working,companies,,,True,False,,961,2026-08-27,,
vault/companies/design-design.mdx,vault,/vault/companies/design-design/,Design Design,"A Manchester house with a jokey authorial voice and a serious technical reputation, whose 1986 compilation Working Backwards was sold as 'the first concept album' — four games including one that had never been released, on the shelf at Woolworth.",The first computer game concept album,companies,,,True,False,,485,2026-08-27,,
vault/companies/designers-republic.mdx,vault,/vault/companies/designers-republic/,The Designers Republic,"The Designers Republic brought graphic design credibility to gaming through WipEout's visual identity, proving games could be culturally cool through aesthetic sophistication.",Gaming's graphic identity,companies,,,True,False,,173,2026-08-27,,
vault/companies/devolver-digital.mdx,vault,/vault/companies/devolver-digital/,Devolver Digital,"Devolver Digital built a publishing identity around distinctive indie games and anarchic marketing, championing developers while mocking industry conventions.",Indie's wild card,companies,,,True,False,,178,2026-08-27,,
vault/companies/dice-studio.mdx,vault,/vault/companies/dice-studio/,DICE,"Digital Illusions CE, the Swedish studio with demo scene roots that created the Battlefield series, Mirror's Edge, and became one of gaming's most technically accomplished developers.",Swedish scene to Battlefield,companies,,,True,False,,235,2026-08-27,,
vault/companies/dismac.mdx,vault,/vault/companies/dismac/,DISMAC,"DISMAC began on 25 January 1973 selling imported calculators, moved to making them, and by 1981 was selling the D-8000 — which Micro Sistemas called the first Brazilian personal computer. Its commercial director gave that magazine's first issue the clearest account this library holds of why Brazilian machines were built the way they were.",From imported calculators to a Brazilian personal computer,companies,,,True,False,,292,2026-08-30,,
vault/companies/dma-design.mdx,vault,/vault/companies/dma-design/,DMA Design,"DMA Design emerged from Dundee, Scotland to create Lemmings' puzzle innovation and Grand Theft Auto's open-world crime gameplay, later becoming Rockstar North.",From Lemmings to GTA,companies,,,True,False,,167,2026-08-27,,
vault/companies/domark.mdx,vault,/vault/companies/domark/,Domark,"Domark is remembered for licences — Bond, Star Wars, Trivial Pursuit — but it began with Eureka!, an original 250K adventure devised by Ian Livingstone, programmed by Hungarians working for Andromeda, and sold on a secret telephone number worth £25,000 to whoever found it first. It sold 50,000 copies in Britain.","Started with £25,000 hidden in a game written behind the Iron Curtain",companies,,,True,False,,688,2026-08-27,,
vault/companies/dragon-data.mdx,vault,/vault/companies/dragon-data/,Dragon Data,"The Welsh computer company that produced the Dragon 32 and 64 from 1982-1984, bringing 6809-based computing to the UK market before folding due to competition.",Welsh computer company,companies,,,True,False,,950,2026-08-27,,
vault/companies/durell.mdx,vault,/vault/companies/durell/,Durell Software,A quantity surveyor who left the Oxford Regional Health Authority because he was bored built one of the most consistently well-reviewed publishers of the Spectrum era from an attic in Somerset — and trained its programmers on games it never released.,An Oric on a desk in Taunton,companies,,,True,False,,1676,2026-08-27,,
vault/companies/ea-sports.mdx,vault,/vault/companies/ea-sports/,EA Sports,"EA Sports dominated sports gaming through aggressive licensing, annual releases, and franchises covering every major sport, building a multi-billion dollar business.",It's in the game,companies,,,True,False,,176,2026-08-27,,
vault/companies/edizioni-hobby.mdx,vault,/vault/companies/edizioni-hobby/,Edizioni Hobby,"Edizioni Hobby s.r.l. of Via della Spiga, Milan, published Italian editions of Zzap! from May 1986 and The Games Machine from September 1988, both under licence from Newsfield of Ludlow. Both titles passed to Xenia Edizioni in September 1991, the year Newsfield collapsed.",The Milanese publisher that licensed Newsfield's magazines for Italy,companies,,,True,False,,364,2026-08-29,,
vault/companies/eidos.mdx,vault,/vault/companies/eidos/,Eidos Interactive,British publisher Eidos rose to prominence with *Tomb Raider* and became a major force in 1990s gaming before acquisition by Square Enix.,Lara Croft's keepers,companies,,,True,False,,500,2026-08-27,,
vault/companies/electric-dreams.mdx,vault,/vault/companies/electric-dreams/,Electric Dreams Software,"A UK imprint run out of Activision's Wellingborough operation, holding Sega licences and publishing Spindizzy — a game that took a year to build and swept every format award going.",Activision's British label,companies,,,True,False,,498,2026-08-27,,
vault/companies/electronic-arts.mdx,vault,/vault/companies/electronic-arts/,Electronic Arts,Trip Hawkins founded Electronic Arts with a revolutionary idea: treat game developers like artists and put their names on the box.,We see farther,companies,,,True,False,,1464,2026-08-28,,
vault/companies/elite-systems.mdx,vault,/vault/companies/elite-systems/,Elite Systems,"Steve Wilcox's Walsall publisher won Amtix's Best Software House of 1986 while one of its own conversions placed third in Least Pleasing Game — the coin-op business in a single page. Elite advertised openly for contract programmers, pioneered the multi-game compilation, and put a holographic sticker on every cassette.","Anchor House, Aldridge",companies,,,True,False,,1281,2026-08-27,,
vault/companies/emap.mdx,vault,/vault/companies/emap/,EMAP,"EMAP published Computer and Video Games from its first issue in 1981, Sinclair User from 1982, Commodore User and its successor CU Amiga from 1983, and later ACE and The One. Five of this Vault's magazine entries are the same company, and it had none of its own.",The Clerkenwell publisher behind most of the magazines,companies,,,True,False,,480,2026-08-29,,
vault/companies/empire-interactive.mdx,vault,/vault/companies/empire-interactive/,Empire Interactive,A British publisher that sold tank simulations and flight sims at £34.99 while the rest of the market sold platformers at £25.99 — and priced for an audience that would pay it.,The expensive end of the Amiga,companies,,,True,False,,476,2026-08-27,,
vault/companies/enix.mdx,vault,/vault/companies/enix/,Enix,"Enix published Dragon Quest, Japan's most beloved RPG series, establishing the template for Japanese role-playing games before merging with rival Square in 2003.",Dragon Quest's publisher,companies,,,True,False,,225,2026-08-27,,
vault/companies/ensemble-studios.mdx,vault,/vault/companies/ensemble-studios/,Ensemble Studios,"Ensemble Studios created the Age of Empires series, delivering historical RTS excellence for Microsoft before closure in 2009 despite consistent critical and commercial success.",Age of excellence,companies,,,True,False,,182,2026-08-27,,
vault/companies/epic-games.mdx,vault,/vault/companies/epic-games/,Epic Games,"Tim Sweeney's Epic Games evolved from shareware publisher to Unreal Engine creator to *Fortnite* phenomenon, reshaping game development and distribution.",From shareware to Fortnite,companies,,,True,False,,423,2026-08-27,,
vault/companies/epyx.mdx,vault,/vault/companies/epyx/,Epyx,"Epyx created the Games series (Summer, Winter, California) and innovative action titles, pioneering sports compilations and establishing the joystick-waggling gameplay that defined an era.",Games by gamers,companies,,,True,False,,191,2026-08-27,,
vault/companies/europress.mdx,vault,/vault/companies/europress/,Europress,"Europress owned Database Publications, published Amiga Computing from 1988, and took CRASH and ZZAP!64 when Newsfield collapsed in 1991. Its subsidiary Europress Impact ran the acquired titles from Newsfield's own address in Ludlow rather than moving them to Cheshire. At the end of 1994 Europress sold eleven magazines to IDG.",The Macclesfield publisher that kept CRASH in Ludlow,companies,,,True,False,,655,2026-08-29,,
vault/companies/eutechnyx.mdx,vault,/vault/companies/eutechnyx/,Eutechnyx,"Eutechnyx developed racing games across multiple platforms for decades, from early motorsport titles through licensed NASCAR games before studio troubles in the 2010s.",Racing specialists,companies,,,True,False,,120,2026-08-27,,
vault/companies/factor-5.mdx,vault,/vault/companies/factor-5/,Factor 5,Factor 5 emerged from the German demo scene to create technically stunning games—from Turrican on C64 to Star Wars: Rogue Squadron on N64.,Technical wizards,companies,,,True,False,,288,2026-08-27,,
vault/companies/falcom.mdx,vault,/vault/companies/falcom/,Nihon Falcom,"Nihon Falcom pioneered action RPGs with Ys and Dragon Slayer in the 1980s, maintaining independence through decades while creating sprawling interconnected worlds in the Trails series.",Action RPG pioneers,companies,,,True,False,,197,2026-09-01,,
vault/companies/firebird.mdx,vault,/vault/companies/firebird/,Firebird,"British Telecom's software label, set up in 1984 by its New Information Services Division — £2.50 tapes chosen from two thousand unsolicited submissions, plus the premium Rainbird imprint named after the man who ran it.",British Telecom’s budget-to-premium powerhouse,companies,,,True,False,,1156,2026-08-27,,
vault/companies/flair-software.mdx,vault,/vault/companies/flair-software/,Flair Software,A small British publisher whose games filled the CD32's final retail pack — including the one the £299 bundle was named after.,Two of the four games in Commodore's last bundle,companies,,,True,False,,833,2026-08-27,,
vault/companies/frictional-games.mdx,vault,/vault/companies/frictional-games/,Frictional Games,"Frictional Games proved that vulnerability creates terror, pioneering weaponless horror design with Penumbra and Amnesia that influenced an entire generation of indie developers.",Horror through helplessness,companies,,,True,False,,170,2026-08-27,,
vault/companies/fromsoft.mdx,vault,/vault/companies/fromsoft/,FromSoftware,"FromSoftware is a Japanese developer known for the Souls series, creating a genre of demanding action RPGs that reward patience and skill.",Masters of challenging action RPGs,companies,,,True,False,,109,2026-08-27,,
vault/companies/frontier-developments.mdx,vault,/vault/companies/frontier-developments/,Frontier Developments,David Braben's Frontier Developments carried forward the *Elite* legacy while building simulation games and theme park management titles.,Elite's legacy continues,companies,,,True,False,,468,2026-08-27,,
vault/companies/future-publishing.mdx,vault,/vault/companies/future-publishing/,Future Publishing,"The UK publishing company that built an empire of gaming magazines including Amiga Format, Amiga Power, PC Gamer, and many others, becoming one of the largest gaming media companies in the world.",Gaming magazine empire,companies,,,True,False,,589,2026-09-01,,
vault/companies/futuremark.mdx,vault,/vault/companies/futuremark/,Futuremark,"Founded by Future Crew members, Futuremark turned demoscene craft into the industry-standard 3DMark benchmarks — performance tests that are, in essence, demos that keep score.",The demo that became a benchmark,companies,,,True,False,,206,2026-08-27,,
vault/companies/galoob.mdx,vault,/vault/companies/galoob/,Galoob,"The American toy company that distributed the Game Genie and won the landmark lawsuit against Nintendo, establishing the legality of game enhancement devices.",Game Genie company,companies,,,True,False,,266,2026-08-27,,
vault/companies/game-freak.mdx,vault,/vault/companies/game-freak/,Game Freak,"Game Freak evolved from a fan magazine into the developer of Pokémon, creating one of the world's most valuable media franchises from Satoshi Tajiri's childhood bug-collecting memories.",Pokémon's developer,companies,,,True,False,,201,2026-08-27,,
vault/companies/gargoyle-games.mdx,vault,/vault/companies/gargoyle-games/,Gargoyle Games,"Roy Carter and Greg Follis built a small Midlands house on literate, unhurried Spectrum adventures — Tir Na Nog, Dun Darach, Marsport — scoring 92, 97 and 95 in CRASH. Then, in 1986, they diagnosed their own commercial problem and launched a second label, Faster Than Light, to make the opposite kind of game. Its first release won Amtix's Best Shoot 'Em Up.","Two men in Birmingham, making dense games slowly",companies,,,True,False,,855,2026-08-27,,
vault/companies/gce.mdx,vault,/vault/companies/gce/,GCE,"General Consumer Electronics, the company that created the Vectrex console in 1982 before being acquired by Milton Bradley.",Vectrex creators,companies,,,True,False,,518,2026-08-27,,
vault/companies/gilsoft.mdx,vault,/vault/companies/gilsoft/,Gilsoft,"A pocket-money venture in South Wales that became the house behind The Quill, The Illustrator and PAW — the tools most British text adventures of the 1980s were written with.",The Welsh Wizards of Adventure,companies,,,True,False,,875,2026-08-27,,
vault/companies/graftgold.mdx,vault,/vault/companies/graftgold/,Graftgold,"Steve Turner quit his job in 1983 to write Spectrum games as ST Software, hired his friend Andrew Braybrook to handle Dragon conversions, and incorporated as Graftgold in 1984. It supplied Hewson's flagship output on both machines, signed exclusively to Telecomsoft in 1987, and lasted until 1998.","A development house, not a publisher — and it outlasted most publishers",companies,,,True,False,,1240,2026-08-27,,
vault/companies/grandslam.mdx,vault,/vault/companies/grandslam/,Grandslam Entertainments,"Formerly Argus Press Software — the games label of a magazine house, and the third of three outside industries that walked into British software and found the distribution already suited them.","A magazine publisher's software arm, renamed",companies,,,True,False,,546,2026-08-27,,
vault/companies/gremlin-graphics.mdx,vault,/vault/companies/gremlin-graphics/,Gremlin Graphics,"Gremlin Graphics, founded in Sheffield in 1984 by Ian Stewart and Kevin Norburn, grew from a small Yorkshire software-shop publishing arm to one of the most consistent British mid-tier publishers of the 1980s and 1990s. The Monty Mole platformers gave the company its early identity; the Lotus Esprit Turbo Challenge series defined Amiga racing in the early 1990s; the Actua Sports series carried the brand into the PlayStation era. Acquired by Infogrames in 1999.","Sheffield's mid-tier publisher — Monty Mole, Thing on a Spring, the Lotus trilogy, and the Actua Sports era",companies,,,True,False,,1969,2026-08-29,,
vault/companies/hal-laboratory.mdx,vault,/vault/companies/hal-laboratory/,HAL Laboratory,"HAL Laboratory created Kirby and the Super Smash Bros. series while serving as a key Nintendo partner, with future Nintendo president Satoru Iwata among its programmers.",Kirby's home,companies,,,True,False,,208,2026-08-27,,
vault/companies/harmonix.mdx,vault,/vault/companies/harmonix/,Harmonix,Harmonix created the Western rhythm game phenomenon with Guitar Hero and Rock Band before transitioning through multiple acquisitions while maintaining their musical focus.,Guitar Hero and Rock Band creators,companies,,,True,False,,152,2026-08-27,,
vault/companies/hello-games.mdx,vault,/vault/companies/hello-games/,Hello Games,"Hello Games transformed No Man's Sky from gaming's most controversial launch into its greatest redemption story through years of silent, dedicated updates.",From disaster to redemption,companies,,,True,False,,284,2026-08-27,,
vault/companies/hewson-consultants.mdx,vault,/vault/companies/hewson-consultants/,Hewson Consultants,"Andrew Hewson's Hewson Consultants championed solo programmers and small teams from 1980 to 1991, publishing classics like Paradroid, Uridium, Cybernoid, and Stormlord — and putting their developers' names on the cassette covers when most publishers kept programmers anonymous.",The publisher that put the developer's name on the box,companies,,,True,False,,1734,2026-09-03,,
vault/companies/hitmaker.mdx,vault,/vault/companies/hitmaker/,Hitmaker,"Sega's Hitmaker studio (formerly AM3) created *Crazy Taxi*, *Virtua Tennis*, and other arcade classics that defined late-1990s coin-op gaming.",Sega's arcade innovators,companies,,,True,False,,158,2026-08-27,,
vault/companies/hudson-soft.mdx,vault,/vault/companies/hudson-soft/,Hudson Soft,"Hudson Soft created Bomberman, co-developed the PC Engine/TurboGrafx-16 with NEC, and pioneered multiplayer gaming with their iconic bomb-laying franchise.",Bomberman's creators,companies,,,True,False,,187,2026-08-27,,
vault/companies/id-software.mdx,vault,/vault/companies/id-software/,id Software,"id Software created Commander Keen, Wolfenstein 3D, Doom, and Quake, defining PC gaming and pioneering shareware distribution.",The house that Doom built,companies,,,True,False,,304,2026-08-27,,
vault/companies/idg.mdx,vault,/vault/companies/idg/,IDG,"International Data Group bought the Europress magazine titles late in 1994 — Amiga Computing, Amiga Action and nine others — and ran them from the same Macclesfield offices under IDG Media. Europress's founder framed the deal as IDG filling the one gap in a network of 220 publications across 64 countries: Britain.",The American publisher that bought eleven British computer magazines at the end of 1994,companies,,,True,False,,417,2026-08-29,,
vault/companies/imagine-publishing.mdx,vault,/vault/companies/imagine-publishing/,Imagine Publishing,"Incorporated in February 2005 and publishing from Richmond Hill in Bournemouth, Imagine bought Retro Gamer out of Live Publishing's collapse that October and ran it for eleven years, until Future acquired the company in 2016.",The Bournemouth house that rescued Retro Gamer from the receivers,companies,,,True,False,,563,2026-08-27,,
vault/companies/imagine-software.mdx,vault,/vault/companies/imagine-software/,Imagine Software,"Imagine Software, founded in Liverpool in 1982 by Mark Butler and Dave Lawson, rose in two years to become one of Britain's most-hyped games publishers — Porsches, full-page magazine adverts, the famous Megagames Bandersnatch and Psyclapse — before collapsing spectacularly in July 1984 with the BBC's Commercial Breaks documentary crew in the office. The footage of bailiffs arriving on camera remains one of the era's most-cited business cautionary tales, and the company's fall reshaped the British games industry: Ocean acquired the brand, ex-Imagine staff founded Psygnosis, and the Liverpool scene's centre of gravity shifted permanently.",The Liverpool publisher whose collapse was filmed live by the BBC,companies,,,True,False,,1715,2026-08-28,,
vault/companies/impressions.mdx,vault,/vault/companies/impressions/,Impressions,A strategy house whose Amiga credits list the people who went on to build Sierra's city-building series and then Firefly's Stronghold — a design lineage still shipping thirty years later.,The line that runs to Stronghold,companies,,,True,False,,457,2026-08-27,,
vault/companies/incentive-software.mdx,vault,/vault/companies/incentive-software/,Incentive Software,"Incentive built Freescape, the first engine to give 8-bit home computers a genuine filled-polygon 3D world — then sold it to players as a construction kit.",Solid 3D on an 8-bit machine,companies,,,True,False,,1030,2026-08-27,,
vault/companies/infocom.mdx,vault,/vault/companies/infocom/,Infocom,"Infocom perfected the text adventure, creating Zork, Hitchhiker's Guide, and dozens of games that proved words could be as immersive as graphics.",Masters of interactive fiction,companies,,,True,False,,936,2026-08-27,,
vault/companies/infogrames.mdx,vault,/vault/companies/infogrames/,Infogrames,"A Lyon publisher whose games reached the British press from 1986 — police procedurals and odd puzzle games among the arcade conversions, and evidence that the 8-bit era was never a national story.",French games in British magazines,companies,,,True,False,,884,2026-08-27,,
vault/companies/insomniac.mdx,vault,/vault/companies/insomniac/,Insomniac Games,Insomniac Games created Spyro and Ratchet & Clank for PlayStation before expanding to multiplatform development with Spider-Man and other action titles.,Spyro and Ratchet creators,companies,,,True,False,,151,2026-08-27,,
vault/companies/intelligent-systems.mdx,vault,/vault/companies/intelligent-systems/,Intelligent Systems,"Intelligent Systems developed Fire Emblem's tactical RPG template, Advance Wars' turn-based combat, and Paper Mario's RPG adventures as a key Nintendo partner.",Strategy specialists,companies,,,True,False,,197,2026-08-27,,
vault/companies/interplay.mdx,vault,/vault/companies/interplay/,Interplay Entertainment,"Interplay Entertainment published defining RPGs including Baldur's Gate, Fallout, and Planescape: Torment, nurturing studios that would shape Western role-playing games.",RPG powerhouse,companies,,,True,False,,172,2026-08-27,,
vault/companies/io-interactive.mdx,vault,/vault/companies/io-interactive/,IO Interactive,"Danish studio IO Interactive created the *Hitman* series, defining the stealth sandbox genre with meticulous level design and dark humour.",Masters of stealth,companies,,,True,False,,159,2026-08-27,,
vault/companies/ion-storm.mdx,vault,/vault/companies/ion-storm/,Ion Storm,"Ion Storm's Austin studio delivered Deus Ex and Thief sequels while the Dallas office imploded around Daikatana, demonstrating how team culture matters more than resources.",Design is law,companies,,,True,False,,180,2026-08-27,,
vault/companies/irem.mdx,vault,/vault/companies/irem/,Irem,"Irem developed influential arcade games including Moon Patrol's parallax scrolling and R-Type's demanding shoot-em-up design, establishing techniques that defined their genres.",R-Type's creators,companies,,,True,False,,172,2026-08-27,,
vault/companies/irrational-games.mdx,vault,/vault/companies/irrational-games/,Irrational Games,"Irrational Games combined first-person gameplay with literary ambitions, creating System Shock 2 and BioShock before closing in 2014 as Ken Levine pursued smaller-scale development.",Thinking philosophically,companies,,,True,False,,180,2026-08-27,,
vault/companies/kixx.mdx,vault,/vault/companies/kixx/,Kixx,"U.S. Gold's budget imprint, launched in August 1988 at £2.99, whose business was selling yesterday's full-price games a second time — the model that kept British 8-bit software affordable, and profitable, into the 1990s.",US Gold's second life for old hits,companies,,,True,False,,968,2026-08-27,,
vault/companies/kompart.mdx,vault,/vault/companies/kompart/,Kompart UK,The British publisher for German and Austrian developers in the mid-nineties — Blue Byte and Max Design — and the entry point for a strategy tradition that outlasted everything around it.,How Blue Byte reached Britain,companies,,,True,False,,725,2026-08-27,,
vault/companies/konami.mdx,vault,/vault/companies/konami/,Konami,"Japanese arcade pioneer Konami created Frogger, Gradius, and Castlevania, plus gaming's most famous cheat code.",From jukeboxes to the Konami Code,companies,,,True,False,,601,2026-08-28,,
vault/companies/krisalis.mdx,vault,/vault/companies/krisalis/,Krisalis Software,"A South Yorkshire house whose product was often the port and not the game — moving other people's software between machines, and taking German games to Britain and British games to the PC.","Rotherham, and the business of conversion",companies,,,True,False,,856,2026-08-27,,
vault/companies/level-9.mdx,vault,/vault/companies/level-9/,Level 9,"Level 9 Computing brought sophisticated text adventures to 8-bit machines, cramming Infocom-quality experiences into 48K of RAM.",British interactive fiction pioneers,companies,,,True,False,,1405,2026-08-27,,
vault/companies/lionhead.mdx,vault,/vault/companies/lionhead/,Lionhead Studios,"Peter Molyneux's Lionhead Studios created Black & White and Fable, becoming synonymous with innovative game design and the gap between ambitious promises and delivered features.",Ambition and promise,companies,,,True,False,,277,2026-08-27,,
vault/companies/ljn.mdx,vault,/vault/companies/ljn/,LJN,"The Acclaim-owned toy company notorious for producing consistently poor licensed NES games, whose rainbow logo became a warning sign for quality-conscious gamers.",The Rainbow of Death,companies,,,True,False,,213,2026-08-27,,
vault/companies/llamasoft.mdx,vault,/vault/companies/llamasoft/,Llamasoft,"Founded by Jeff Minter, Llamasoft mixed arcade precision with absurd humour, mail-order hustle, and loyal fans.",Psychedelic software from a Welsh farmhouse,companies,,,True,False,,545,2026-08-27,,
vault/companies/looking-glass.mdx,vault,/vault/companies/looking-glass/,Looking Glass Studios,"Looking Glass Studios pioneered immersive simulations with System Shock and Thief, creating sophisticated game systems that trusted player intelligence before financial struggles closed the studio.",Immersive sim creators,companies,,,True,False,,180,2026-08-27,,
vault/companies/lucasarts.mdx,vault,/vault/companies/lucasarts/,LucasArts,The legendary game studio that revolutionised adventure games with the SCUMM engine and a player-friendly design philosophy that eliminated unfair deaths and dead ends.,The house that SCUMM built,companies,,,True,False,,440,2026-08-27,,
vault/companies/magnetic-scrolls.mdx,vault,/vault/companies/magnetic-scrolls/,Magnetic Scrolls,"Magnetic Scrolls created the most sophisticated British text adventures—beautifully written, gorgeously illustrated, and technically advanced.",Adventures in elegance,companies,,,True,False,,1214,2026-08-27,,
vault/companies/marshall-cavendish.mdx,vault,/vault/companies/marshall-cavendish/,Marshall Cavendish,British publisher whose part-work magazines including Input taught computing to a generation through weekly collectible issues.,Part-work publishers,companies,,,True,False,,251,2026-08-27,,
vault/companies/martech.mdx,vault,/vault/companies/martech/,Martech,"A Sussex publisher that built its catalogue on personality licences — Eddie Kidd, Geoff Capes, Brian Jacks, Nigel Mansell — and made buying an audience into a business model.",The name on the box was somebody famous,companies,,,True,False,,952,2026-08-27,,
vault/companies/mastertronic-added-dimension.mdx,vault,/vault/companies/mastertronic-added-dimension/,Mastertronic Added Dimension,"Mastertronic's second budget tier, created when £1.99 stopped being enough to pay for an ambitious game — and the label that carried the Magic Knight adventures.","£2.99, because £1.99 had a ceiling",companies,,,True,False,,620,2026-08-27,,
vault/companies/mastertronic.mdx,vault,/vault/companies/mastertronic/,Mastertronic,"Mastertronic, founded in 1983 by Frank Herman, Terry Medway, Martin Alper, and Alan Sharam, built a British budget-game empire on £1.99 cassettes sold in newsagents, petrol stations, and corner shops — places traditional games publishers ignored. The model gave first-time bedroom coders a viable path to commercial release, reached audiences full-price publishers couldn't, and ultimately seeded Virgin Mastertronic and Virgin Interactive.",The £1.99 budget label that put games in every newsagent,companies,,,True,False,,1984,2026-08-28,,
vault/companies/maxis.mdx,vault,/vault/companies/maxis/,Maxis,"Maxis created the simulation game genre with SimCity, then expanded into diverse 'Sim' titles before The Sims became one of gaming's best-selling franchises.",Simulation pioneers,companies,,,True,False,,159,2026-08-27,,
vault/companies/mecc.mdx,vault,/vault/companies/mecc/,MECC,Minnesota Educational Computing Consortium created *The Oregon Trail* and pioneered educational software that taught generations of American students.,You have died of dysentery,companies,,,True,False,,418,2026-08-27,,
vault/companies/media-molecule.mdx,vault,/vault/companies/media-molecule/,Media Molecule,"Media Molecule pioneered user-generated content gaming with LittleBigPlanet and Dreams, proving players could become creators within commercial games.","Play, create, share",companies,,,True,False,,265,2026-08-27,,
vault/companies/melbourne-house.mdx,vault,/vault/companies/melbourne-house/,Melbourne House,"Melbourne House, founded as a book publisher in 1977 by Alfred Milgrom and Naomi Besen in Melbourne, became one of the most respected software publishers of the 8-bit era through its in-house development studio Beam Software. Britain met it as a publisher of Sinclair books: by 1981 it was advertising Ian Logan's Understanding Your ZX81 ROM, the start of a four-book run that ended with the Complete Spectrum ROM Disassembly. The Hobbit (1982) then brought literary text-adventure design to mass audiences and Way of the Exploding Fist (1985) founded the 8-bit fighting game.","The Australian publisher that reached Britain as a book house first, and documented three Sinclair ROMs before it sold a hit game",companies,,,True,False,,2108,2026-08-27,,
vault/companies/microprose.mdx,vault,/vault/companies/microprose/,MicroProse,"MicroProse built an empire on military simulations and strategy games, publishing works by Sid Meier that defined genres for decades.",Simulations and strategy,companies,,,True,False,,676,2026-08-27,,
vault/companies/microsoft.mdx,vault,/vault/companies/microsoft/,Microsoft,"Microsoft's journey in gaming spans from MS-DOS enabling early PC games to Xbox becoming a major console platform, acquiring studios like Bethesda and Activision.",From MS-DOS to Xbox,companies,,,True,False,,364,2026-08-27,,
vault/companies/midway.mdx,vault,/vault/companies/midway/,Midway,"Midway distributed classic arcade games including Pac-Man and Galaga in the US, later creating controversial hits like Mortal Kombat that sparked industry-wide content debates.",Arcade and controversy,companies,,,True,False,,172,2026-08-27,,
vault/companies/mikro-gen.mdx,vault,/vault/companies/mikro-gen/,Mikro-Gen,"Bracknell's Wally Week comedies were among the best-reviewed Spectrum games of 1984-85 — 93, 93, 92, 91, 90. Then Mikro-Gen shipped Shadow of the Unicorn with a hardware cartridge in the box, at £15, to beat the pirates. CRASH said the price would do more damage than piracy ever could. ACE later recorded that Mikro-Gen faded away not long after.",The company that sold you a Spectrum upgrade to play its game,companies,,,True,False,,971,2026-08-27,,
vault/companies/millennium-interactive.mdx,vault,/vault/companies/millennium-interactive/,Millennium Interactive,"The Cambridge publisher behind James Pond and Diggers — a British attempt at the console-era mascot character, and a case study in what the Amiga's last years were spent chasing.",Britain's try at a mascot,companies,,,True,False,,472,2026-08-27,,
vault/companies/milton-bradley.mdx,vault,/vault/companies/milton-bradley/,Milton Bradley,"Board game giant Milton Bradley entered video games with the Vectrex and various licensed titles, bringing traditional gaming expertise to the digital age.",Board games go digital,companies,,,True,False,,480,2026-08-27,,
vault/companies/mindscape.mdx,vault,/vault/companies/mindscape/,Mindscape,"An American publisher whose European arm put out other people's Amiga games — a useful case study in what a publisher was for, and how invisible the role becomes in retrospect.","Always the publisher, never the author",companies,,,True,False,,1014,2026-08-27,,
vault/companies/mirrorsoft.mdx,vault,/vault/companies/mirrorsoft/,Mirrorsoft,"Launched in November 1983 as one of twenty-five things Mirror Group Newspapers was diversifying into, Mirrorsoft began by publishing Mr Men and multiplication tables and said it was not writing games. Two years later it produced Dynamite Dan. It ended holding the European rights to Tetris when Robert Maxwell's empire collapsed underneath it.","The newspaper that went into software, and said it would not make games",companies,,,True,False,,1047,2026-08-27,,
vault/companies/mojang.mdx,vault,/vault/companies/mojang/,Mojang,"Mojang grew from Minecraft's success into a studio acquired by Microsoft for $2.5 billion, continuing to develop the world's best-selling game under corporate ownership.",House of blocks,companies,,,True,False,,170,2026-08-27,,
vault/companies/monolith-soft.mdx,vault,/vault/companies/monolith-soft/,Monolith Soft,"Monolith Soft was founded by Xenogears veterans to pursue ambitious JRPGs, eventually becoming a Nintendo subsidiary creating Xenoblade Chronicles and supporting Zelda development.",Xeno architects,companies,,,True,False,,166,2026-08-27,,
vault/companies/mos-technology.mdx,vault,/vault/companies/mos-technology/,MOS Technology,MOS Technology created the 6502 processor and the engineers who designed the SID and VIC-II—the silicon heart of the Commodore 64.,The chip fab that changed everything,companies,,,True,False,,411,2026-08-27,,
vault/companies/motorola.mdx,vault,/vault/companies/motorola/,Motorola,"Motorola's 68000 processor powered the Amiga, Atari ST, and Sega Mega Drive—bringing 32-bit architecture to home computers and consoles.",From radios to 68000,companies,,,True,False,,220,2026-08-27,,
vault/companies/namco.mdx,vault,/vault/companies/namco/,Namco,"Namco created Pac-Man, Galaga, and dozens of arcade classics, establishing Japanese arcade dominance alongside Taito and Sega.",From amusement rides to Pac-Man,companies,,,True,False,,627,2026-08-28,,
vault/companies/nanaon-sha.mdx,vault,/vault/companies/nanaon-sha/,NanaOn-Sha,"NanaOn-Sha created PaRappa the Rapper and other rhythm games under Masaya Matsuura's direction, establishing a distinctive style of musical game design.",PaRappa's home,companies,,,True,False,,168,2026-08-27,,
vault/companies/natsume.mdx,vault,/vault/companies/natsume/,Natsume,"Natsume developed and published games across genres, most notably creating the Harvest Moon farming simulation series that spawned the entire farming game genre.",Harvest Moon creators,companies,,,True,False,,217,2026-08-27,,
vault/companies/naughty-dog.mdx,vault,/vault/companies/naughty-dog/,Naughty Dog,"Naughty Dog evolved from Crash Bandicoot mascot platformers through Jak and Daxter to narrative-driven Uncharted and The Last of Us, becoming Sony's most prestigious first-party studio.",PlayStation's premier studio,companies,,,True,False,,172,2026-08-27,,
vault/companies/nazca.mdx,vault,/vault/companies/nazca/,Nazca Corporation,"Nazca Corporation created Metal Slug for the Neo Geo, delivering exceptional 2D animation and run-and-gun gameplay before being absorbed into SNK.",Metal Slug creators,companies,,,True,False,,150,2026-08-27,,
vault/companies/netherrealm-studios.mdx,vault,/vault/companies/netherrealm-studios/,NetherRealm Studios,"NetherRealm Studios rose from Midway's ashes to revitalise Mortal Kombat and create Injustice, establishing the modern template for story-driven fighting games.",Mortal Kombat reborn,companies,,,True,False,,155,2026-08-27,,
vault/companies/neversoft.mdx,vault,/vault/companies/neversoft/,Neversoft,Neversoft created the Tony Hawk's Pro Skater series that defined extreme sports gaming before transitioning to Guitar Hero and eventually merging into Infinity Ward.,Tony Hawk's architects,companies,,,True,False,,150,2026-08-27,,
vault/companies/newsfield.mdx,vault,/vault/companies/newsfield/,Newsfield Publications,"Newsfield Publications, founded in 1983 in Ludlow, Shropshire, by Roger Kean, Oliver Frey, and Franco Frey (Oliver's brother), produced the three magazines that defined the British 8-bit enthusiast press: CRASH (Spectrum, 1984-1991), Zzap!64 (Commodore 64, 1985-1992), and Amtix! (Amstrad CPC, 1985-1987). The Newsfield house style — serious craft reviewing, Oliver Frey painted covers, deep technical attention, reader-as-peer editorial voice — set the bar for British games journalism that subsequent magazines spent decades trying to match.","The Ludlow magazine publisher that produced CRASH, Zzap!64, and Amtix!",companies,,,True,False,,1502,2026-08-29,,
vault/companies/newtek.mdx,vault,/vault/companies/newtek/,NewTek,"The American company that created the Video Toaster, transforming the Amiga into affordable broadcast equipment and launching LightWave 3D into the professional market.",The Toaster company,companies,,,True,False,,443,2026-09-01,,
vault/companies/nintendo-rd1.mdx,vault,/vault/companies/nintendo-rd1/,Nintendo R&D1,"Nintendo Research & Development 1 created the Game Boy, *Metroid*, and pioneered handheld gaming under the legendary Gunpei Yokoi.",Gunpei Yokoi's legacy,companies,,,True,False,,207,2026-08-27,,
vault/companies/nintendo.mdx,vault,/vault/companies/nintendo/,Nintendo,"Nintendo's century-long journey from Kyoto card maker to gaming giant included love hotels, toys, and the console that saved an industry.",From playing cards to world domination,companies,,,True,False,,1045,2026-08-28,,
vault/companies/novagen.mdx,vault,/vault/companies/novagen/,Novagen Software,"The Birmingham publisher behind Paul Woakes's Mercenary — a vector-graphics city you could walk into, buy and sell in, and eventually escape from. Novagen kept the wireframe look on machines powerful enough to fill it in, and treated that as a design position rather than a limitation.","One programmer, one city, no filled polygons",companies,,,True,False,,902,2026-08-27,,
vault/companies/obsidian-entertainment.mdx,vault,/vault/companies/obsidian-entertainment/,Obsidian Entertainment,"Obsidian Entertainment rose from Black Isle's ashes, delivering KOTOR II, Fallout: New Vegas, and Pillars of Eternity while earning a reputation for ambitious-but-buggy role-playing games.",Black Isle reborn,companies,,,True,False,,196,2026-08-27,,
vault/companies/ocean-software.mdx,vault,/vault/companies/ocean-software/,Ocean Software,"Ocean Software, founded in Manchester in 1983 by David Ward and Jon Woods, became Britain's largest games publisher of the 8-bit and early 16-bit eras. The Ocean approach — high-volume releases under licence from films, TV, and arcade hits, distinctive loading screens, in-house composers like Martin Galway and Jonathan Dunn, and a catalogue that swung between platform-defining work and notorious cash-ins — defined the late-1980s commercial UK games industry and effectively ended the bedroom-coder window.",The Manchester publisher that turned licensed properties into a 1980s production line,companies,,,True,False,,2485,2026-08-28,,
vault/companies/odin.mdx,vault,/vault/companies/odin/,Odin Computer Graphics,"A Liverpool house that took 94% and 93% with Robin of the Wood and Nodes of Yesod, ran a second label called Thor, and closed — leaving a programmer who had already watched Imagine collapse to note that three of his employers had now gone under.",Named for gods nobody kept believing in,companies,,,True,False,,518,2026-08-27,,
vault/companies/origin-systems.mdx,vault,/vault/companies/origin-systems/,Origin Systems,"Origin Systems created Ultima and Wing Commander, pioneering story-driven games before Electronic Arts acquired and eventually shuttered the studio.",We create worlds,companies,,,True,False,,985,2026-08-27,,
vault/companies/palace-software.mdx,vault,/vault/companies/palace-software/,Palace Software,"Not a film company's games label but a video retailer's: the Palace group began with London's first video megastore, and Pete Stone came to games from the record industry and the shop floor. Its first title was a game of The Evil Dead, shipped while police were seizing the tape — which is where the publicity instinct came from, three years before Barbarian.",It started in a video shop,companies,,,True,False,,1762,2026-08-27,,
vault/companies/piranha.mdx,vault,/vault/companies/piranha/,Piranha,"Macmillan, one of Britain's oldest book publishers, launched a games label in 1986 — and spent two years turning comics, novels and children's television into software.",A publishing house discovers games,companies,,,True,False,,639,2026-08-27,,
vault/companies/players-software.mdx,vault,/vault/companies/players-software/,Players,"A Devon budget label that published original games, not reissues — and whose biggest hit, Joe Blade, topped the full-price sales charts at a pound ninety-nine.",New games at £1.99,companies,,,True,False,,871,2026-08-27,,
vault/companies/polyphony-digital.mdx,vault,/vault/companies/polyphony-digital/,Polyphony Digital,"Polyphony Digital created Gran Turismo and established simulation racing as a console genre, becoming one of Sony's most technically accomplished first-party studios.",The real driving simulator,companies,,,True,False,,137,2026-09-01,,
vault/companies/probe-software.mdx,vault,/vault/companies/probe-software/,Probe Software,"A London studio that made its living turning arcade and film licences into console games — and ended up absorbed by the publisher it worked for, which is how most successful British developers finished.","Conversions, at industrial scale",companies,,,True,False,,803,2026-08-27,,
vault/companies/pss.mdx,vault,/vault/companies/pss/,PSS,"Personal Software Services of Coventry published wargames on machines bought for arcade games — and did it by bolting arcade sequences onto the strategy, so that your aim with a joystick changed the outcome of the battle. Its founders thought the company name was its biggest mistake, and it refused to advertise in any magazine that carried adverts for tape copiers.",Wargames for the bedroom,companies,,,True,False,,1081,2026-08-27,,
vault/companies/psygnosis.mdx,vault,/vault/companies/psygnosis/,Psygnosis,"Psygnosis, founded in Liverpool in 1984 by Ian Hetherington, David Lawson, and Jonathan Ellis after the collapse of Imagine Software, became the British Amiga era's most visually-identifiable publisher — defined by Roger Dean cover artwork, Shadow of the Beast's twelve-plane parallax, Lemmings' global success, and WipEout's PlayStation launch identity. Acquired by Sony in 1993, renamed Sony Liverpool, closed in 2012. The continuous Liverpool gaming lineage from 1982 through to the PlayStation 3 era runs through Psygnosis.",From Imagine's ashes to the PlayStation launch — Liverpool's defining 16-bit and 32-bit studio,companies,,,True,False,,1962,2026-08-29,,
vault/companies/q-entertainment.mdx,vault,/vault/companies/q-entertainment/,Q Entertainment,"Q Entertainment pursued Tetsuya Mizuguchi's synaesthetic gaming vision after his departure from Sega, creating Lumines and continuing his audio-visual fusion work.",Lumines and Rez HD,companies,,,True,False,,150,2026-08-27,,
vault/companies/quicksilva.mdx,vault,/vault/companies/quicksilva/,Quicksilva,"One of the first British software labels: a Southampton mail-order house selling arcade clones for the ZX81 at £3.95, competing head-to-head with Bug-Byte and Psion for the Spectrum Space Invaders market in 1982, and publishing Sandy White's Ant Attack in 1983. It helped found the industry's first trade body, and was swallowed by Argus Press Software in 1984.",Software when there was barely an industry,companies,,,True,False,,1432,2026-08-27,,
vault/companies/rainbird.mdx,vault,/vault/companies/rainbird/,Rainbird,"Telecomsoft's full-price imprint, named after the man recruited to run British Telecom's software operation. Rainbird published Starglider, The Pawn, Carrier Command and Level 9's compilations at £14.95 to £24.95 — and was the label two of Britain's best adventure houses signed to, and one of them walked out on.",British Telecom's premium label,companies,,,True,False,,933,2026-08-27,,
vault/companies/rainbow-arts.mdx,vault,/vault/companies/rainbow-arts/,Rainbow Arts,"German publisher Rainbow Arts brought technical excellence to European gaming, most notably with the *Turrican* series and Factor 5's ambitious productions.",German gaming excellence,companies,,,True,False,,500,2026-08-27,,
vault/companies/rare.mdx,vault,/vault/companies/rare/,Rare,"Rare evolved from Ultimate Play the Game on the ZX Spectrum to become Nintendo's most important Western partner, creating Donkey Kong Country and GoldenEye.",From Spectrum legends to Nintendo royalty,companies,,,True,False,,306,2026-08-27,,
vault/companies/realtime-games.mdx,vault,/vault/companies/realtime-games/,Realtime Games Software,"Ian Oliver, Grahame Baird and Andy Onions met at a ZX Microfair and built the British authority on filled-vector graphics — 3D Starstrike, Starstrike II at 96%, the 8-bit Starglider conversions, and Carrier Command. Their rag mag entry read: Great guys to go out for a drink with.","Solid 3D, from a trestle table",companies,,,True,False,,1185,2026-08-27,,
vault/companies/rebellion.mdx,vault,/vault/companies/rebellion/,Rebellion Developments,The Oxford-based studio founded by the Kingsley brothers that acquired legendary comic publisher 2000 AD and built franchises including Sniper Elite and Zombie Army.,2000 AD custodians,companies,,,True,False,,219,2026-09-01,,
vault/companies/red-barrels.mdx,vault,/vault/companies/red-barrels/,Red Barrels,"Canadian indie studio Red Barrels created the *Outlast* series, revitalising first-person survival horror with a focus on vulnerability and tension.",Run and hide,companies,,,True,False,,172,2026-08-27,,
vault/companies/relic-entertainment.mdx,vault,/vault/companies/relic-entertainment/,Relic Entertainment,"Relic Entertainment pushed RTS boundaries with Homeworld's 3D space combat and Company of Heroes' tactical infantry, earning a reputation for innovation over iteration.",RTS innovators,companies,,,True,False,,199,2026-08-27,,
vault/companies/remedy-entertainment.mdx,vault,/vault/companies/remedy-entertainment/,Remedy Entertainment,"The Finnish game studio founded by members of the legendary demo group Future Crew, creators of Max Payne, Alan Wake, and Control - embodying the scene-to-studio pipeline.",Future Crew to Max Payne,companies,,,True,False,,299,2026-08-27,,
vault/companies/renegade.mdx,vault,/vault/companies/renegade/,Renegade,Sensible Software's founders started their own publisher in 1991 — and took the Bitmap Brothers with them. A rare case of developers owning the label instead of signing to one.,The label the developers owned,companies,,,True,False,,523,2026-08-27,,
vault/companies/retro-studios.mdx,vault,/vault/companies/retro-studios/,Retro Studios,"Retro Studios rescued Metroid with Prime, translating the 2D exploration formula into acclaimed first-person action under Nintendo's guidance.",Metroid's second life,companies,,,True,False,,151,2026-08-27,,
vault/companies/revolution-software.mdx,vault,/vault/companies/revolution-software/,Revolution Software,"Revolution Software created Broken Sword and Beneath a Steel Sky, maintaining adventure game development in the UK through the genre's commercial decline and eventual revival.",British adventure specialists,companies,,,True,False,,199,2026-08-27,,
vault/companies/ricoh.mdx,vault,/vault/companies/ricoh/,Ricoh,"Ricoh manufactured the custom chips that made the NES possible, including the CPU with integrated APU that gave Nintendo consoles their distinctive sound.",The company behind the NES,companies,,,True,False,,239,2026-08-27,,
vault/companies/rockstar-north.mdx,vault,/vault/companies/rockstar-north/,Rockstar North,"The Dundee-based studio that evolved from DMA Design into the creators of Grand Theft Auto, transforming open-world gaming forever.",From Lemmings to Liberty City,companies,,,True,False,,277,2026-08-27,,
vault/companies/rockstar.mdx,vault,/vault/companies/rockstar/,Rockstar Games,"Rockstar Games publishes Grand Theft Auto, Red Dead Redemption, and other industry-defining open-world titles through its network of studios worldwide.",Publishing gaming's blockbusters,companies,,,True,False,,375,2026-08-27,,
vault/companies/sega-am2.mdx,vault,/vault/companies/sega-am2/,Sega AM2,"Sega AM2 created the most technologically advanced arcade games of their era, from OutRun to Virtua Fighter, pushing hardware boundaries under Yu Suzuki's direction.",Yu Suzuki's arcade legends,companies,,,True,False,,177,2026-08-27,,
vault/companies/sega.mdx,vault,/vault/companies/sega/,Sega,"From American slot machines to Japanese arcades to console wars with Nintendo, Sega's journey defined competitive gaming.",The arcade giant that challenged Nintendo,companies,,,True,False,,735,2026-08-28,,
vault/companies/seibu-kaihatsu.mdx,vault,/vault/companies/seibu-kaihatsu/,Seibu Kaihatsu,"Seibu Kaihatsu created the Raiden series and other arcade shooters, establishing templates for vertical shooting that influenced the genre throughout the 1990s.",Raiden creators,companies,,,True,False,,156,2026-08-27,,
vault/companies/sensible-software.mdx,vault,/vault/companies/sensible-software/,Sensible Software,"Jon Hare and Chris Yates built Sensible Software into a creative powerhouse, from Wizball to Sensible Soccer to Cannon Fodder.",Innovation from Chelmsford,companies,,,True,False,,562,2026-08-27,,
vault/companies/sierra.mdx,vault,/vault/companies/sierra/,Sierra On-Line,"Ken and Roberta Williams built Sierra from their kitchen table into the dominant force in graphic adventure games, creating King's Quest, Space Quest, and Leisure Suit Larry.",The adventure game empire,companies,,,True,False,,292,2026-08-27,,
vault/companies/silmarils.mdx,vault,/vault/companies/silmarils/,Silmarils,"The Paris studio behind the Ishar trilogy, Transarctica and Robinson's Requiem — first-person RPGs with a harshness and a visual style that no British or American house was producing.","French role-playing, on its own terms",companies,,,True,False,,771,2026-08-27,,
vault/companies/sinclair-research.mdx,vault,/vault/companies/sinclair-research/,Sinclair Research,"Founded in Cambridge in 1979, Sinclair Research built the ZX80, ZX81 and ZX Spectrum, and cut the price of a home computer far enough to create the British bedroom-coder generation. It also shipped late, shipped broken, and took £5 million in QL orders it could not fill. Sir Clive Sinclair handed the whole business to Alan Sugar at a hastily called press conference on 7 April 1986, for £5 million.","The Cambridge company that built the ZX line, and could never ship on time",companies,,,True,False,,2342,2026-08-29,,
vault/companies/smilebit.mdx,vault,/vault/companies/smilebit/,Smilebit,Smilebit developed stylistically bold Dreamcast and Xbox titles including Jet Set Radio and Panzer Dragoon Orta before merging back into Sega's corporate structure.,Dreamcast's artistic soul,companies,,,True,False,,156,2026-08-27,,
vault/companies/snk.mdx,vault,/vault/companies/snk/,SNK,"SNK created the Neo Geo arcade/home platform and dominated fighting games with Fatal Fury, Art of Fighting, and The King of Fighters, rivalling Capcom's Street Fighter dominance.",Neo Geo powerhouse,companies,,,True,False,,188,2026-08-27,,
vault/companies/softdisk.mdx,vault,/vault/companies/softdisk/,Softdisk,"The disk magazine publisher where John Carmack, John Romero, and other id Software founders worked before leaving to create DOOM and change gaming forever.",id Software's birthplace,companies,,,True,False,,217,2026-08-27,,
vault/companies/software-projects.mdx,vault,/vault/companies/software-projects/,Software Projects,"Founded in early 1984 by Matthew Smith with Alan and Soo Maton, all three out of Bug-Byte, Software Projects published Jet Set Willy, took Manic Miner with it, and faded by the late 1980s.","Matthew Smith's company, born of a Bug-Byte split",companies,,,True,False,,1151,2026-08-27,,
vault/companies/sonic-team.mdx,vault,/vault/companies/sonic-team/,Sonic Team,"Sonic Team created Sega's mascot and developed the Sonic series alongside experimental titles like NiGHTS, Phantasy Star Online, and Chu Chu Rocket.",Blue blur creators,companies,,,True,False,,159,2026-08-27,,
vault/companies/sony.mdx,vault,/vault/companies/sony/,Sony Computer Entertainment,"Sony entered gaming with the PlayStation and fundamentally transformed the industry, making console gaming mainstream entertainment for adults.",PlayStation changed everything,companies,,,True,False,,181,2026-08-27,,
vault/companies/sports-interactive.mdx,vault,/vault/companies/sports-interactive/,Sports Interactive,"Sports Interactive developed Championship Manager before splitting to create Football Manager, producing the definitive football management simulation for three decades.",Football Manager creators,companies,,,True,False,,171,2026-08-27,,
vault/companies/square.mdx,vault,/vault/companies/square/,Square,"Square developed the Final Fantasy series, revolutionising Japanese RPGs with cinematic presentation, emotional storytelling, and technical innovation that defined the genre.",Final Fantasy's creators,companies,,,True,False,,231,2026-08-27,,
vault/companies/starbreeze.mdx,vault,/vault/companies/starbreeze/,Starbreeze Studios,"Swedish developer Starbreeze created *The Chronicles of Riddick* and *Payday*, demonstrating that licensed games could achieve genuine excellence.",Swedish ambition,companies,,,True,False,,162,2026-08-27,,
vault/companies/subor.mdx,vault,/vault/companies/subor/,Subor,"The Chinese company famous for its Jackie Chan-endorsed 'learning computer' Famiclones, which introduced millions of Chinese users to gaming in the 1990s.",Chinese Famiclone maker,companies,,,True,False,,159,2026-08-27,,
vault/companies/sunsoft.mdx,vault,/vault/companies/sunsoft/,Sunsoft,"Sunsoft developed technically impressive NES games with distinctive music, including acclaimed Batman and Blaster Master titles that pushed Nintendo's hardware to its limits.",NES excellence,companies,,,True,False,,207,2026-08-27,,
vault/companies/supergiant-games.mdx,vault,/vault/companies/supergiant-games/,Supergiant Games,"Supergiant Games established a reputation for artistic excellence with Bastion, Transistor, Pyre, and Hades, each game exploring new genres while maintaining distinctive visual and audio identity.",Art and craft,companies,,,True,False,,179,2026-08-27,,
vault/companies/superior-software.mdx,vault,/vault/companies/superior-software/,Superior Software,"The Leeds publisher that dominated BBC Micro and Acorn Electron software, best known for Repton and Exile. Its 1984 advertising carries a four-point guarantee — including a promise that its software was available before it was advertised — which is a sharper comment on the British industry of the period than any editorial.","69 Leeds Road, Bramhope",companies,,,True,False,,861,2026-08-27,,
vault/companies/system-3.mdx,vault,/vault/companies/system-3/,System 3,"Mark Cale's System 3 is remembered for C64 showpieces, but it broke through on the Spectrum with Death Star Interceptor — an unlicensed Star Wars game — and its International Karate was pulled from American shelves in 1987 by a court order in a lawsuit it was not party to.","An unlicensed Star Wars game, then a karate game recalled by a US court",companies,,,True,False,,791,2026-08-27,,
vault/companies/taito.mdx,vault,/vault/companies/taito/,Taito,"Taito created Space Invaders and helped establish Japanese arcade dominance, shaping gaming's golden age.",Invaders from Japan,companies,,,True,False,,293,2026-08-27,,
vault/companies/tandy.mdx,vault,/vault/companies/tandy/,Tandy Corporation,"The American electronics company that produced the TRS-80 computer line through its Radio Shack retail chain, including the 6809-based Color Computer series.",Radio Shack's parent,companies,,,True,False,,492,2026-08-27,,
vault/companies/team-andromeda.mdx,vault,/vault/companies/team-andromeda/,Team Andromeda,"Team Andromeda developed the Panzer Dragoon series exclusively for Sega Saturn, creating one of gaming's most distinctive and atmospheric franchises before disbanding.",Panzer Dragoon creators,companies,,,True,False,,154,2026-08-27,,
vault/companies/team-cherry.mdx,vault,/vault/companies/team-cherry/,Team Cherry,"Team Cherry's three-person studio delivered Hollow Knight's vast Metroidvania on a modest Kickstarter budget, then supported it with years of free content updates.",Hollow ambition,companies,,,True,False,,165,2026-09-01,,
vault/companies/team-ninja.mdx,vault,/vault/companies/team-ninja/,Team Ninja,Team Ninja developed Dead or Alive and revived Ninja Gaiden under Tomonobu Itagaki before expanding into collaborative projects with other franchises.,Dead or Alive and Ninja Gaiden,companies,,,True,False,,147,2026-08-27,,
vault/companies/team17.mdx,vault,/vault/companies/team17/,Team17,"Team17 rose from the Amiga demo scene to become one of Britain's most enduring game developers, creating the legendary Worms franchise.",From Amiga to Worms,companies,,,True,False,,515,2026-08-29,,
vault/companies/technos.mdx,vault,/vault/companies/technos/,Technos Japan,"Technos Japan created the beat-em-up genre with Renegade and perfected it with Double Dragon, establishing the template for side-scrolling brawlers that dominated arcades.",Beat-em-up pioneers,companies,,,True,False,,187,2026-08-27,,
vault/companies/technosoft.mdx,vault,/vault/companies/technosoft/,Technosoft,"Technosoft created the Thunder Force series and other technically accomplished games, demonstrating exceptional mastery of Mega Drive hardware before their unfortunate closure.",Thunder Force developers,companies,,,True,False,,192,2026-08-27,,
vault/companies/tecmo.mdx,vault,/vault/companies/tecmo/,Tecmo,Tecmo developed challenging action games and the Dead or Alive fighting series before merging with Koei to form Koei Tecmo Holdings.,Ninja Gaiden and Dead or Alive,companies,,,True,False,,147,2026-08-27,,
vault/companies/tectoy.mdx,vault,/vault/companies/tectoy/,Tectoy,"The Brazilian company that licensed and manufactured Sega hardware, making Brazil the world's largest Master System market and continuing production into the 2020s.",Brazilian Sega partner,companies,,,True,False,,198,2026-08-27,,
vault/companies/telltale.mdx,vault,/vault/companies/telltale/,Telltale Games,"Telltale Games revived adventure gaming through episodic releases and licensed properties, pioneering choice-driven narrative before rapid expansion led to closure and rebirth.",Episodic adventure revival,companies,,,True,False,,186,2026-09-01,,
vault/companies/thalamus.mdx,vault,/vault/companies/thalamus/,Thalamus,"Newsfield, publisher of CRASH and ZZAP!64, launched its own software house — and used its magazines' standards as the brief.",The magazine that started a label,companies,,,True,False,,668,2026-08-27,,
vault/companies/thalion.mdx,vault,/vault/companies/thalion/,Thalion Software,"A German studio drawn straight from the Atari ST and Amiga scene, Thalion paired scene-grade technical flair with ambitious design across games like Lionheart and Ambermoon.","Scene craft, retail polish",companies,,,True,False,,501,2026-08-27,,
vault/companies/the-edge.mdx,vault,/vault/companies/the-edge/,The Edge,"The publisher of Fairlight — Bo Jangeborg's isometric adventure, which CRASH scored 95% in November 1985 and which was built on tools The Edge intended to sell separately. A small Covent Garden label with a taste for the technically ambitious, distributed by EMI's lorries.","Fairlight, 95 per cent, and a tool it meant to sell",companies,,,True,False,,623,2026-08-27,,
vault/companies/the-learning-company.mdx,vault,/vault/companies/the-learning-company/,The Learning Company,"The Learning Company dominated educational software with *Reader Rabbit*, *Math Blaster*, and other titles that taught millions of children through play.",Reader Rabbit and beyond,companies,,,True,False,,338,2026-08-27,,
vault/companies/tiertex.mdx,vault,/vault/companies/tiertex/,Tiertex,"The UK development studio whose name became synonymous with poor-quality rushed arcade conversions throughout the late 1980s and 1990s, primarily working for US Gold.",Notorious port house,companies,,,True,False,,183,2026-08-27,,
vault/companies/tiger-electronics.mdx,vault,/vault/companies/tiger-electronics/,Tiger Electronics,"The American company that dominated the budget LCD handheld market with hundreds of licensed games, and pioneered touch-screen handhelds with the failed Game.com.",Cheap LCD game king,companies,,,True,False,,182,2026-08-27,,
vault/companies/toaplan.mdx,vault,/vault/companies/toaplan/,Toaplan,"Toaplan created influential arcade shooters including Zero Wing, Truxton, and Batsugun, establishing conventions that defined the bullet hell genre before their closure spawned legendary successor studios.",Shoot-em-up specialists,companies,,,True,False,,198,2026-08-27,,
vault/companies/treasure.mdx,vault,/vault/companies/treasure/,Treasure,"Treasure was founded by ex-Konami developers who created intense, inventive action games including Gunstar Heroes, Ikaruga, and Guardian Heroes with technical brilliance and creative design.",Action game masters,companies,,,True,False,,221,2026-08-27,,
vault/companies/troika-games.mdx,vault,/vault/companies/troika-games/,Troika Games,"Troika Games created Arcanum, Temple of Elemental Evil, and Vampire: Bloodlines—three deeply ambitious RPGs that earned cult followings but commercial failure, leading to closure in 2005.",Brilliant but doomed,companies,,,True,False,,185,2026-08-27,,
vault/companies/ubisoft.mdx,vault,/vault/companies/ubisoft/,Ubisoft,"The Guillemot family built Ubisoft from a French software distributor into a global publisher behind *Assassin's Creed*, *Rayman*, and *Far Cry*.",French gaming giant,companies,,,True,False,,162,2026-08-27,,
vault/companies/ultimate.mdx,vault,/vault/companies/ultimate/,Ultimate Play the Game,"Tim and Chris Stamper's Ultimate Play the Game produced the technically and commercially defining games of the ZX Spectrum era — Jetpac, Atic Atac, Sabre Wulf, Knight Lore — and did it from Ashby-de-la-Zouch, with no previews, no interviews, and black sleeves the colour of mystery.","The Stampers' decade-long Spectrum dynasty, before they became Rare",companies,,,True,False,,1386,2026-08-29,,
vault/companies/united-game-artists.mdx,vault,/vault/companies/united-game-artists/,United Game Artists,"United Game Artists developed music-driven experiences like Space Channel 5 and Rez under Tetsuya Mizuguchi's direction, pioneering the fusion of rhythm and gameplay.",Synaesthesia studio,companies,,,True,False,,159,2026-08-27,,
vault/companies/us-gold.mdx,vault,/vault/companies/us-gold/,U.S. Gold,"U.S. Gold, founded in 1984 by Geoff Brown in Birmingham, was the British publisher that licensed American computer games (Epyx, Datasoft, Access Software) and Japanese / American coin-op arcade titles (Sega, Capcom, US Gold's own arcade conversions) for the European 8-bit and 16-bit markets. The catalogue ranged from era-defining (Beach-Head, Summer Games, Out Run) to notorious (the Tiertex conversion work on Strider and Out Run). Acquired Ultimate Play the Game in 1988; merged into CentreGold in 1993; absorbed by Eidos in 1996.",The Birmingham publisher that fed American and arcade games into British shops,companies,,,True,False,,2516,2026-08-28,,
vault/companies/valve.mdx,vault,/vault/companies/valve/,Valve Corporation,"Valve transformed from Half-Life developer into gaming's dominant digital distributor, creating Steam while producing landmark titles like Portal, Left 4 Dead, and Dota 2.",Steam and Source,companies,,,True,False,,192,2026-08-27,,
vault/companies/virgin-games.mdx,vault,/vault/companies/virgin-games/,Virgin Games,"Virgin Games grew from Richard Branson's entertainment empire to become a major publisher, creating original titles and handling lucrative Disney licences before merging into larger entities.",Branson's gaming venture,companies,,,True,False,,249,2026-08-28,,
vault/companies/vortex-software.mdx,vault,/vault/companies/vortex-software/,Vortex Software,"One programmer's company. Costa Panayi made Tornado Low Level, Cyclone, Highway Encounter and Revolution — all of them looked down on the world from an angle nobody else was using — and kept the run going after Vortex was absorbed by Gremlin.",Costa Panayi's aerial view,companies,,,True,False,,492,2026-08-27,,
vault/companies/vulcan-software.mdx,vault,/vault/companies/vulcan-software/,Vulcan Software,"A Portsmouth house that kept making Amiga games years after the industry had left — publishing directly to a shrinking audience, with reviews that were often unkind and buyers who did not care.",The ones who stayed,companies,,,True,False,,833,2026-08-27,,
vault/companies/westwood-studios.mdx,vault,/vault/companies/westwood-studios/,Westwood Studios,"Westwood Studios invented the real-time strategy genre with Dune II and Command & Conquer, defining gaming's 1990s before EA's acquisition led to the studio's closure.",RTS pioneers,companies,,,True,False,,169,2026-08-27,,
vault/companies/williams-electronics.mdx,vault,/vault/companies/williams-electronics/,Williams Electronics,"Williams Electronics defined arcade gaming's golden age with Defender, Robotron 2084, and Joust, pushing technical boundaries while creating intensely challenging gameplay experiences.",Arcade innovation powerhouse,companies,,,True,False,,183,2026-08-27,,
vault/companies/xenia-edizioni.mdx,vault,/vault/companies/xenia-edizioni/,Xenia Edizioni,"Xenia Edizioni of Milan took over the Italian editions of Zzap! and The Games Machine in September 1991, dropped the Newsfield licence credit the following month, and published TGM for a further seven and a half years — long after the British magazine and its publisher had both ceased to exist.",Took Newsfield's Italian titles in 1991 and kept one running to 1999,companies,,,True,False,,268,2026-08-29,,
vault/companies/zenobi-software.mdx,vault,/vault/companies/zenobi-software/,Zenobi Software,"The influential UK software house that championed text adventures through the late 1980s and 1990s, publishing hundreds of independently-written games and keeping the genre alive.",The amateur adventure publisher,companies,,,True,False,,1231,2026-08-27,,
vault/companies/zeppelin-games.mdx,vault,/vault/companies/zeppelin-games/,Zeppelin Games,"A budget house founded by a CRASH adventure columnist and two others, shipping six games a month at £2.99 — and the company that became Eutechnyx, still making racing games two decades later.",Six titles a month from Newcastle,companies,,,True,False,,707,2026-08-27,,
vault/companies/zilog.mdx,vault,/vault/companies/zilog/,Zilog,"Zilog created the Z80 processor that powered the ZX Spectrum, Amstrad CPC, and countless arcade machines—enabling a generation of European home computing.",The Z80 company,companies,,,True,False,,221,2026-08-27,,
vault/culture/accessibility.mdx,vault,/vault/culture/accessibility/,Gaming Accessibility,"Gaming accessibility removes barriers that prevent disabled players from enjoying games, through options like remappable controls, subtitles, colourblind modes, and one-handed control schemes.",Play without barriers,culture,,,True,False,,800,2026-09-01,,
vault/culture/adventure-game-deaths.mdx,vault,/vault/culture/adventure-game-deaths/,Adventure Game Deaths,"Adventure game deaths divided the genre: Sierra killed players frequently with creative death messages, while LucasArts promised players couldn't die or get stuck—fundamentally different design philosophies.",Sierra vs LucasArts philosophy,culture,,,True,False,,377,2026-09-01,,
vault/culture/amiga-animation-culture.mdx,vault,/vault/culture/amiga-animation-culture/,Amiga Animation Culture,"The community of animators who created and shared cartoons, demos, and short films on the Amiga, distributing their work via BBSes, Aminet, and disk swapping years before online video existed.",Before YouTube,culture,,,True,False,,577,2026-09-01,,
vault/culture/amiga-art-style.mdx,vault,/vault/culture/amiga-art-style/,Amiga Art Style,"The distinctive visual aesthetic of Amiga graphics—rich gradients, skilled dithering, chrome effects, and airbrushed realism that defined game art and digital illustration in the late 1980s.",The look of an era,culture,,,True,False,,607,2026-09-01,,
vault/culture/amiga-power-versus-team17.mdx,vault,/vault/culture/amiga-power-versus-team17/,Amiga Power versus Team17,Amiga Power printed its rivals' review scores beside its own to imply they were dishonest — and its running conflict with Team17 escalated from a 45-point scoring gap to legal threats and Usenet abuse.,"The Disseminator, and a press war in public",culture,,,True,False,,873,2026-09-01,,
vault/culture/arcade-conversion.mdx,vault,/vault/culture/arcade-conversion/,Arcade Conversion,"Bringing a coin-op to machines a fraction of its power. Fidelity to the original was a standing critical question of the era, and conversions were reviewed as much on accuracy as on whether they were any good.","The coin-op at home, and how close it got",culture,,,True,False,,864,2026-09-01,,
vault/culture/arcade-culture.mdx,vault,/vault/culture/arcade-culture/,Arcade Culture,"Arcades created social gaming spaces where players gathered to compete, socialise, and experience cutting-edge technology that home systems couldn't match.",Social gaming spaces,culture,,,True,False,,484,2026-09-01,,
vault/culture/arcade-to-console.mdx,vault,/vault/culture/arcade-to-console/,Arcade to Console,"Arcade-to-console conversion defined gaming for decades, as players sought home versions of coin-op experiences—often with compromises, occasionally with enhancements.",Bringing the arcade home,culture,,,True,False,,185,2026-09-01,,
vault/culture/atari-vs-activision.mdx,vault,/vault/culture/atari-vs-activision/,Atari vs Activision,"The 1979-1982 legal battle that established third-party game development as legitimate, when four Atari programmers founded Activision and survived the lawsuit that could have killed independent publishing.",Third-party publishing established,culture,,,True,False,,584,2026-09-01,,
vault/culture/bad-ports.mdx,vault,/vault/culture/bad-ports/,Bad Ports,"The phenomenon of poorly-executed platform conversions that failed to capture the original game's essence, from Pac-Man 2600 to countless rushed arcade conversions.",When conversions fail,culture,,,True,False,,493,2026-09-01,,
vault/culture/basic-programming.mdx,vault,/vault/culture/basic-programming/,BASIC Programming Culture,"BASIC put programming within reach of ordinary people, creating a generation of developers who learned to code by typing in magazine listings.",10 PRINT 'Hello',culture,,,True,False,,171,2026-09-01,,
vault/culture/basic-to-machine-code.mdx,vault,/vault/culture/basic-to-machine-code/,From BASIC to machine code,"The transition from BASIC to machine code was the single most important developmental step in the 1980s home-computer learning ladder. The books, magazine columns, and dedicated assembler products that supported this transition — including Usborne's Machine Code for Beginners, Andrew Hewson's Helpline, the Melbourne House Spectrum assembly books, and the disassembler/monitor utilities — defined what teaching low-level programming to amateurs looked like in the British home-computer scene.",How a generation of British teenagers crossed from BASIC to assembly,culture,,,True,False,,1602,2026-09-01,,
vault/culture/boing-ball.mdx,vault,/vault/culture/boing-ball/,Boing Ball,"The bouncing checkered ball demo that became the Amiga's unofficial mascot, demonstrating the machine's graphics capabilities at its 1984 CES debut and symbolising the platform ever since.",The Amiga's icon,culture,,,True,False,,609,2026-09-01,,
vault/culture/brazil-gaming.mdx,vault,/vault/culture/brazil-gaming/,Brazil Gaming,"The unique Brazilian gaming ecosystem created by the 1977-1992 import ban, featuring domestic clones, Tectoy's Master System dominance, and a distinct gaming culture.",Import ban creates unique market,culture,,,True,False,,484,2026-09-01,,
vault/culture/brazilian-market-reserve.mdx,vault,/vault/culture/brazilian-market-reserve/,Brazil's Market Reserve,"Brazil protected its domestic computer industry by restricting imports, so machines were built at home from local parts and cost more than the imported equivalents. A 1981 interview with a Brazilian manufacturer's commercial director sets out the reasoning in the industry's own words, down to a decision not to fit a thermal printer because the paper would have to be imported.","Why a Brazilian computer cost more, and why that was the point",culture,,,True,False,,746,2026-08-30,,
vault/culture/british-game-development.mdx,vault,/vault/culture/british-game-development/,British game development,"The British video-game industry emerged in the early 1980s from a unique convergence: cheap home computers (Sinclair ZX81, ZX Spectrum, BBC Micro, Acorn Electron), a hobbyist magazine culture (CRASH, Your Sinclair, Sinclair User, Computer & Video Games), regional clustering (Liverpool, Manchester, Cambridge, Dundee, Sheffield, Guildford), and a generation of teenagers who could mail finished games directly to publishers. Through forty years it grew from bedroom-coder origins into one of the world's most internationally significant games industries — home to Rockstar North, Codemasters, Creative Assembly, Frontier Developments, Sumo Digital, and the inheritors of the original studios.",From Sinclair's living-room computer to a worldwide industry,culture,,,True,False,,1657,2026-09-01,,
vault/culture/cambridge-games-scene.mdx,vault,/vault/culture/cambridge-games-scene/,The Cambridge games scene,"Cambridge — the university town that produced Acorn Computers, the BBC Micro, the ARM processor architecture, the original Elite, and a continuing concentration of British games studios — has hosted one of the longest-running and most technically-distinctive British games scenes. Frontier Developments, Jagex, Ninja Theory, and Cambridge-trained personnel across the wider British games industry trace at least partly to the cluster that formed around the university and the local computing companies in the early 1980s. Where Liverpool was characterised by licensed action games and Manchester by Ocean-style mass-market publishing, Cambridge has consistently produced technically-ambitious, simulation-leaning, originally-conceived work.","Elite, Acorn, ARM, and the technical-ambition tradition that runs from 1981 to the present",culture,,,True,False,,1400,2026-09-01,,
vault/culture/cheat-codes.mdx,vault,/vault/culture/cheat-codes/,Cheat Codes,"Cheat codes evolved from developer tools into gaming culture staples, providing shortcuts, easter eggs, and playground legends.","Up, up, down, down...",culture,,,True,False,,261,2026-09-01,,
vault/culture/congressional-hearings-1993.mdx,vault,/vault/culture/congressional-hearings-1993/,Congressional Hearings 1993,"The US Senate hearings that examined violence in video games, using Mortal Kombat and Night Trap as examples, ultimately forcing the industry to create the ESRB rating system.",Violence in video games,culture,,,True,False,,396,2026-09-01,,
vault/culture/couch-co-op.mdx,vault,/vault/culture/couch-co-op/,Couch Co-op,"Couch co-op brought players together physically, sharing a sofa and screen for cooperative or competitive gaming that defined the social experience of the N64 and PlayStation eras.","Same room, same screen",culture,,,True,False,,337,2026-09-01,,
vault/culture/crunch-culture.mdx,vault,/vault/culture/crunch-culture/,Crunch Culture,"The game industry practice of extended overtime periods before deadlines, exposed by the 2004 'EA Spouse' blog and remaining a persistent labour issue despite ongoing criticism.",The cost of shipping games,culture,,,True,False,,363,2026-09-01,,
vault/culture/disk-magazines.mdx,vault,/vault/culture/disk-magazines/,Disk Magazines,"Publications distributed entirely on floppy disk, combining text articles with interactive demos, music, and art - bridging traditional magazines and the demo scene.",Software-based publications,culture,,,True,False,,596,2026-09-01,,
vault/culture/dundee-games-scene.mdx,vault,/vault/culture/dundee-games-scene/,The Dundee games scene,"Dundee, on Scotland's east coast, became one of the most internationally consequential games-development clusters of the 1990s and 2000s. DMA Design — founded by David Jones in 1988 — produced Lemmings (1991) and the original Grand Theft Auto (1997); after Take-Two's 1999 acquisition the studio became Rockstar North and continues to develop the GTA franchise from Edinburgh and Dundee. Around the anchor, the University of Abertay launched Europe's first game-design degree in 1997, formalising what bedroom coders had been doing informally and creating a graduate pipeline that has fed Dundee studios for nearly three decades.","How a small Scottish city produced Lemmings, Grand Theft Auto, and Europe's first game-design degree",culture,,,True,False,,1959,2026-09-01,,
vault/culture/ea-spouse.mdx,vault,/vault/culture/ea-spouse/,EA Spouse,"The 2004 anonymous blog post by Erin Hoffman that exposed Electronic Arts' brutal overtime practices, sparking industry-wide discussion of working conditions and resulting in class action lawsuits.",The blog that exposed crunch,culture,,,True,False,,465,2026-09-01,,
vault/culture/educational-gaming.mdx,vault,/vault/culture/educational-gaming/,Educational Gaming,"Educational games sought to make learning engaging, from *The Oregon Trail* to *Reader Rabbit* to modern attempts at gamified education.",Learning through play,culture,,,True,False,,174,2026-09-01,,
vault/culture/educational-software.mdx,vault,/vault/culture/educational-software/,Educational Software,"Educational software encompassed everything from typing tutors to language learning programs, promising that computers could transform education.",Computers as teachers,culture,,,True,False,,315,2026-09-01,,
vault/culture/esrb.mdx,vault,/vault/culture/esrb/,ESRB,"The Entertainment Software Rating Board, created in 1994 after congressional hearings on game violence, which established industry self-regulation and prevented government censorship.",Self-regulation saves the industry,culture,,,True,False,,182,2026-09-01,,
vault/culture/game-clone-legality.mdx,vault,/vault/culture/game-clone-legality/,Game Clone Legality,"The legal precedents establishing that game mechanics cannot be copyrighted while specific expressions can, shaped by cases from KC Munchkin to Fighter's History.",What can you copy?,culture,,,True,False,,468,2026-09-01,,
vault/culture/game-jams.mdx,vault,/vault/culture/game-jams/,Game Jams,"Game jams challenge developers to create complete games in limited time, fostering experimentation, community building, and unexpected innovation.",Creativity under constraints,culture,,,True,False,,587,2026-09-01,,
vault/culture/game-preservation.mdx,vault,/vault/culture/game-preservation/,Game Preservation,"Game preservation efforts archive software, hardware, and cultural context of video game history, fighting against physical decay, format obsolescence, and corporate indifference.",Saving gaming history,culture,,,True,False,,547,2026-09-01,,
vault/culture/game-ratings.mdx,vault,/vault/culture/game-ratings/,Game Ratings,"Game ratings systems emerged from controversy over video game violence, establishing age classifications that informed parents and shaped how games were marketed and sold.",Age classification systems,culture,,,True,False,,535,2026-09-01,,
vault/culture/gamefaqs.mdx,vault,/vault/culture/gamefaqs/,GameFAQs,"The website founded in 1995 that democratised game help through user-submitted FAQs, replacing expensive hint lines with free community-written guides.",Free guides revolution,culture,,,True,False,,479,2026-09-01,,
vault/culture/games-done-quick.mdx,vault,/vault/culture/games-done-quick/,Games Done Quick,The bi-annual charity speedrunning marathons (AGDQ and SGDQ) that have raised tens of millions of dollars while showcasing the speedrunning community to mainstream audiences.,Charity speedrun marathons,culture,,,True,False,,212,2026-09-01,,
vault/culture/gdc.mdx,vault,/vault/culture/gdc/,Game Developers Conference,"GDC is the largest annual gathering of professional game developers, featuring talks, awards, and networking that shapes the industry.",Where the industry gathers,culture,,,True,False,,323,2026-09-01,,
vault/culture/guildford-games-cluster.mdx,vault,/vault/culture/guildford-games-cluster/,The Guildford games cluster,"Guildford and the surrounding Surrey commuter belt host the densest concentration of games-development studios in Britain. Founded on Bullfrog Productions (1987, Peter Molyneux) and continued through Lionhead Studios (1997-2016), Criterion Games (1993-present), Media Molecule (2006-present), Hello Games (2008-present), and Supermassive Games (2008-present), the cluster has produced Populous, Theme Park, Black & White, Fable, the Burnout series, Need for Speed, LittleBigPlanet, Dreams, No Man's Sky, and Until Dawn. The cross-pollination pattern — staff moving between local studios over decades — is the cluster's defining characteristic.",Britain's densest games-development cluster — from Bullfrog through Lionhead to Hello Games and Media Molecule,culture,,,True,False,,1823,2026-09-01,,
vault/culture/hint-lines.mdx,vault,/vault/culture/hint-lines/,Hint Lines,"The telephone services of the 1980s-1990s where stuck players called premium rate numbers for game hints, generating significant revenue for publishers until internet guides made them obsolete.",Premium rate help,culture,,,True,False,,551,2026-09-01,,
vault/culture/homebrew-ports.mdx,vault,/vault/culture/homebrew-ports/,Homebrew Ports,"Homebrew ports bring games to platforms they never officially reached, demonstrating dedication and technical skill in the retro computing community.",Fan-made conversions,culture,,,True,False,,314,2026-09-01,,
vault/culture/import-gaming.mdx,vault,/vault/culture/import-gaming/,Import Gaming,"Import gaming culture emerged as enthusiasts sought games unavailable in their regions, driving demand for modified consoles, specialist retailers, and fan translation communities.",Playing foreign releases,culture,,,True,False,,366,2026-09-01,,
vault/culture/indie-games.mdx,vault,/vault/culture/indie-games/,Indie Games,"Indie games emerged from digital distribution enabling developers to bypass publishers, creating space for creative risk, personal vision, and genres that AAA abandoned.",Independence and vision,culture,,,True,False,,372,2026-09-01,,
vault/culture/institutional-computer-press.mdx,vault,/vault/culture/institutional-computer-press/,Institutional Computer Press,Poland's Bajtek was a supplement to the official youth newspaper; its Mikroklan began as an inset in the professional journal Informatyka. Hungary's Mikroszámítógép Magazin was published by the John von Neumann Computer Science Society. East Germany's Mikroprozessortechnik was issued for the engineering chamber under a numbered state licence. The parent institution predicts what the magazine covers better than the country does.,"In the bloc, computer magazines came out of institutions — and which institution shows in the pages",culture,,,True,False,,494,2026-08-30,,
vault/culture/konami-code.mdx,vault,/vault/culture/konami-code/,Konami Code,The iconic button sequence (Up Up Down Down Left Right Left Right B A) created by Kazuhisa Hashimoto for Gradius that became the most recognisable cheat code in gaming history.,Gaming's most famous cheat,culture,,,True,False,,569,2026-09-01,,
vault/culture/licensed-games.mdx,vault,/vault/culture/licensed-games/,Licensed Games,"The phenomenon of video games based on films, TV shows, and other media, which funded much of the industry despite wildly varying quality from masterpieces to disasters.",Brand recognition as business model,culture,,,True,False,,523,2026-09-01,,
vault/culture/liverpool-games-scene.mdx,vault,/vault/culture/liverpool-games-scene/,The Liverpool games scene,"From Bug-Byte's 1980 founding to Sony Liverpool's 2012 closure, the city of Liverpool hosted the densest and longest-running cluster of British game development. Imagine Software's 1984 collapse, Software Projects' Manic Miner / Jet Set Willy run, Ocean's rise (across the Mersey in Manchester but Liverpool-influenced), Psygnosis's Amiga era, and Sony's PlayStation-launch operation all traced back to overlapping personnel and a continuous local ecosystem. The Liverpool gaming lineage is one of the most distinctive regional stories in British cultural history.",Three decades of British game development clustered in one north-west city,culture,,,True,False,,1600,2026-09-01,,
vault/culture/lucasarts-adventures.mdx,vault,/vault/culture/lucasarts-adventures/,LucasArts Adventures,"LucasArts adventure games combined wit, puzzles, and the promise that you couldn't die, creating beloved classics from *Maniac Mansion* to *Grim Fandango*.",The SCUMM golden age,culture,,,True,False,,438,2026-09-01,,
vault/culture/magazine-covers.mdx,vault,/vault/culture/magazine-covers/,Magazine Covers,Gaming magazine covers featured bold artwork that competed for attention on newsagents' shelves and now serve as nostalgic time capsules.,Newsstand art,culture,,,True,False,,358,2026-09-01,,
vault/culture/magazine-distribution.mdx,vault,/vault/culture/magazine-distribution/,Magazine Distribution,Gaming magazines reached readers through newsagent distribution networks that determined which publications survived and which found their audiences.,From printer to newsagent,culture,,,True,False,,402,2026-08-29,,
vault/culture/magazines-across-borders.mdx,vault,/vault/culture/magazines-across-borders/,Magazines Across Borders,"A title sold abroad in one of three arrangements, and the arrangement decides whether the two editions can drift apart. A licensed edition has its own publisher and its own judgement, and can outlive the original by years. A re-badged export changes the cover number and nothing else. A manufacturer's house organ is produced once centrally and localised outward, so it cannot diverge at all.",Three ways a computer magazine reached a second country,culture,,,True,False,,1272,2026-08-30,,
vault/culture/modding-to-industry.mdx,vault,/vault/culture/modding-to-industry/,Modding to Industry,"The career pipeline where game modders parlayed successful mods into professional careers, with Counter-Strike, Team Fortress, and DOTA creators hired or acquired by major studios.",From mods to studios,culture,,,True,False,,571,2026-09-01,,
vault/culture/moon-logic.mdx,vault,/vault/culture/moon-logic/,Moon Logic,"Moon logic describes adventure game puzzles whose solutions make sense only to their designers, requiring leaps of reasoning that frustrated players while becoming the genre's defining criticism.",Absurd adventure puzzles,culture,,,True,False,,461,2026-09-01,,
vault/culture/mortal-kombat-controversy.mdx,vault,/vault/culture/mortal-kombat-controversy/,Mortal Kombat Controversy,"The 1992-1993 controversy over Mortal Kombat's fatalities that led to congressional hearings and the creation of the ESRB, highlighting the Sega vs Nintendo approaches to violence.",Blood code politics,culture,,,True,False,,460,2026-09-01,,
vault/culture/online-multiplayer.mdx,vault,/vault/culture/online-multiplayer/,Online Multiplayer,"Online multiplayer evolved from university networks through dial-up modems to broadband, fundamentally changing how and what we play.","Playing together, apart",culture,,,True,False,,148,2026-09-01,,
vault/culture/pal-vs-ntsc.mdx,vault,/vault/culture/pal-vs-ntsc/,PAL vs NTSC,"The video standard differences that caused European gamers to experience games 17% slower than intended, with wrong-pitched music and bordered screens.",Regional speed differences,culture,,,True,False,,330,2026-09-01,,
vault/culture/pc-gaming.mdx,vault,/vault/culture/pc-gaming/,PC Gaming,"PC gaming evolved from hobbyist computing to a dominant gaming platform, distinguished by openness, modding culture, and continual hardware advancement.",The open platform,culture,,,True,False,,626,2026-09-01,,
vault/culture/poke-culture.mdx,vault,/vault/culture/poke-culture/,POKE culture,"The 1980s British practice of finding, sharing, and using memory-address POKEs to modify commercial games — turning the BASIC POKE command into a community pastime. Driven by hardware like the Multiface, by magazine pages like CRASH Tips and YS Tipshop, and by Z80 disassembly skills, POKE culture taught a generation of players how their games worked from the inside out.",How British game magazines turned cheat-finding into a community pastime,culture,,,True,False,,1733,2026-09-01,,
vault/culture/reading-the-charts.mdx,vault,/vault/culture/reading-the-charts/,Reading the charts,"British magazine charts recorded monthly positions for a decade. Read as runs instead of peaks, they describe how games sold — and they contain traps that make confident nonsense of the careless.",What a chart run says that a peak position does not,culture,,,True,False,,661,2026-09-01,,
vault/culture/region-locking.mdx,vault,/vault/culture/region-locking/,Region Locking,"Region locking prevented games from one territory playing on consoles from another, fragmenting the global market and creating demand for imports and modifications.",Territorial restrictions,culture,,,True,False,,252,2026-09-01,,
vault/culture/regional-censorship.mdx,vault,/vault/culture/regional-censorship/,Regional Censorship,"The practice of modifying game content for different markets, from Nintendo's cross removal to Germany's robot replacements, reflecting varied cultural sensitivities and legal requirements.","Same game, different content",culture,,,True,False,,345,2026-09-01,,
vault/culture/regional-differences.mdx,vault,/vault/culture/regional-differences/,Regional Differences,"Games often varied between regional releases—different content, censorship, difficulty adjustments, and even genre changes between Japan, America, and Europe.","Same game, different experience",culture,,,True,False,,382,2026-09-01,,
vault/culture/software-crossed-what-machines-could-not.mdx,vault,/vault/culture/software-crossed-what-machines-could-not/,Software Crossed What Machines Could Not,"Machines were stopped by trade barriers, licensing and price. Software was not. Elite appears in the press of twelve of thirteen territories held. But the traffic ran one way, and a matched survey of 500 titles measures how completely: of 250 locally named Polish, Czechoslovak, Hungarian, Yugoslav, Argentine, Brazilian and Greek titles, none reaches a foreign magazine here; of 250 British titles tested identically, 27 do, across ten territories.",Western games reached every territory here; locally made games reached none of them,culture,,,True,False,,916,2026-08-30,,
vault/culture/sony-vs-connectix.mdx,vault,/vault/culture/sony-vs-connectix/,Sony vs Connectix,"The 1999-2000 lawsuit where Sony's attempt to shut down the Virtual Game Station emulator backfired, establishing the legality of console emulation through reverse engineering.",Emulation declared legal,culture,,,True,False,,375,2026-09-01,,
vault/culture/soviet-computing.mdx,vault,/vault/culture/soviet-computing/,Soviet Computing,"The parallel computing culture that developed in the USSR, featuring cloned Western designs, original architectures like the BK-0010, and unique software including the original Tetris.",Parallel evolution,culture,,,True,False,,317,2026-09-01,,
vault/culture/spectrum-clones.mdx,vault,/vault/culture/spectrum-clones/,Spectrum Clones,"The hundreds of ZX Spectrum variants produced across the Soviet bloc and beyond, from the Pentagon to the Didaktik, enabling computing education where official imports were impossible.",Eastern bloc computing,culture,,,True,False,,485,2026-09-01,,
vault/culture/speed-demos-archive.mdx,vault,/vault/culture/speed-demos-archive/,Speed Demos Archive,"The archive founded in 1998 as a Quake site, which became a general hub after a 2003 Metroid Prime run, that established quality standards and community norms for speedrunning before the streaming era.",Curated speedrun collection,culture,,,True,False,,164,2026-09-01,,
vault/culture/speedrun-com.mdx,vault,/vault/culture/speedrun-com/,Speedrun.com,"The comprehensive speedrunning leaderboard website that became the central hub for tracking times, categories, and records across thousands of games.",Universal leaderboards,culture,,,True,False,,184,2026-09-01,,
vault/culture/strategy-guides.mdx,vault,/vault/culture/strategy-guides/,Strategy Guides,"Strategy guides sold solutions and secrets in book form, from Prima and BradyGames publications to official Nintendo Player's Guides.",Secrets for sale,culture,,,True,False,,318,2026-09-01,,
vault/culture/the-c64-across-borders.mdx,vault,/vault/culture/the-c64-across-borders/,The C64 Across Borders,"The Commodore 64's specification was identical everywhere it was sold. What differed was everything else — when it arrived, what it competed against, and whether it mattered at all. Measured across the general computer press of Italy, Brazil, Greece, Poland and Yugoslavia, the C64 is nowhere the leading machine, and the machine that leads is different in every country.","One machine, six national presses, and no two agreeing what it was",culture,,,True,False,,1661,2026-08-30,,
vault/culture/the-juggler.mdx,vault,/vault/culture/the-juggler/,The Juggler,"Eric Graham's 1986 ray-traced animation of a chrome robot juggling balls that stunned the computer world, proving home machines could produce photorealistic 3D imagery.",Ray-traced wonder,culture,,,True,False,,628,2026-09-01,,
vault/culture/tool-assisted-speedrun.mdx,vault,/vault/culture/tool-assisted-speedrun/,Tool-Assisted Speedrun (TAS),"Speedruns created using emulator tools like frame advance and save states, showing theoretical perfect play impossible for humans but entertaining and educational to watch.",Frame-perfect play,culture,,,True,False,,243,2026-09-01,,
vault/culture/tracker-music.mdx,vault,/vault/culture/tracker-music/,Tracker Music,"The music format and composition method that emerged from the Amiga scene, using sample-based synthesis and pattern sequencing that became the standard for game audio throughout the 1990s.",MOD files to game soundtracks,culture,,,True,False,,487,2026-09-01,,
vault/culture/type-in-programs.mdx,vault,/vault/culture/type-in-programs/,Type-in programs,"Type-in programs were complete program listings published in 1980s home-computer magazines for readers to enter manually on their own machines. Before cover tapes and disks, typing in listings was how British and American computer owners acquired free software, learnt to program, and graduated from typing strangers' code to writing their own. The pedagogical model the Code198x BASIC track explicitly revives.",The magazine listings that taught a generation to code,culture,,,True,False,,1678,2026-09-01,,
vault/culture/uk-gaming-boom.mdx,vault,/vault/culture/uk-gaming-boom/,UK Gaming Boom,"The early 1980s saw British gaming explode as affordable computers, accessible publishing, and teenage talent combined to create a unique industry.",The 1980s explosion,culture,,,True,False,,172,2026-09-01,,
vault/culture/universal-vs-nintendo.mdx,vault,/vault/culture/universal-vs-nintendo/,Universal vs Nintendo,"The 1982-1984 lawsuit where Universal Studios claimed Donkey Kong infringed King Kong, only for Nintendo to win by proving Universal had previously argued Kong was public domain.",Donkey Kong survives,culture,,,True,False,,652,2026-09-01,,
vault/culture/user-groups.mdx,vault,/vault/culture/user-groups/,User Groups,"Local computer clubs that provided community, technical support, software sharing, and social connection before the internet - the original computing communities.",Pre-internet communities,culture,,,True,False,,784,2026-09-01,,
vault/culture/xbox-live.mdx,vault,/vault/culture/xbox-live/,Xbox Live,"Microsoft's online gaming service (2002) that defined console multiplayer with unified accounts, voice chat, and achievements, setting the standard for console online services.",Console online gaming,culture,,,True,False,,430,2026-09-01,,
vault/demos/arte.mdx,vault,/vault/demos/arte/,Arte,"Arte is Sanity's signature Amiga production, a 1993 demo whose all-round polish helped define what a finished, top-tier demo should feel like.",Sanity at their peak,demos,,,True,False,,146,2026-08-27,,
vault/demos/coma-light-13.mdx,vault,/vault/demos/coma-light-13/,Coma Light 13,"Oxyron's Coma Light 13 is a landmark of modern Commodore 64 demo craft, a trackmo that strings together effects once thought beyond the 8-bit machine.",Oxyron push the C64 again,demos,,,True,False,,174,2026-08-27,,
vault/demos/comaland.mdx,vault,/vault/demos/comaland/,Comaland,"Comaland paired Censor Design and Oxyron — two of the C64's most revered groups — on a single demo, a modern landmark that showed the machine still had new ground to break.","Two legends, one C64",demos,,,True,False,,206,2026-08-27,,
vault/demos/crystal-dream.mdx,vault,/vault/demos/crystal-dream/,Crystal Dream,Triton's Crystal Dream was a benchmark of early-1990s Amiga slickness — and a glimpse of the craft its makers would soon carry into Starbreeze Studios.,Triton's calling card,demos,,,True,False,,169,2026-08-27,,
vault/demos/debris.mdx,vault,/vault/demos/debris/,Debris,"Farbrausch's Debris won Breakpoint 2007 with a relentless, procedurally generated tour-de-force of collapsing cityscapes — a high point of the tiny-size demo art.",Procedural spectacle,demos,,,True,False,,159,2026-08-27,,
vault/demos/desert-dream.mdx,vault,/vault/demos/desert-dream/,Desert Dream,"Kefrens' Desert Dream arrived at The Party 1993 as a polished statement of Amiga craft, and remains one of the platform's most beloved demos.",Kefrens at full stride,demos,,,True,False,,161,2026-08-27,,
vault/demos/deus-ex-machina.mdx,vault,/vault/demos/deus-ex-machina/,Deus Ex Machina,A 2000 collaboration between Crest and Oxyron that won Mekka & Symposium and is routinely named among the greatest Commodore 64 demos ever made.,Crest and Oxyron's C64 summit,demos,,,True,False,,188,2026-08-27,,
vault/demos/edge-of-disgrace.mdx,vault,/vault/demos/edge-of-disgrace/,Edge of Disgrace,"Booze Design's Edge of Disgrace proved the C64 demo scene remained vital in 2008, achieving effects that would have seemed impossible in the platform's commercial era.",Modern C64 masterpiece,demos,,,True,False,,156,2026-08-27,,
vault/demos/elevated.mdx,vault,/vault/demos/elevated/,Elevated,"Rgba and TBC's Elevated rendered a flythrough of lit, procedurally generated mountains in real time from an executable of just 4096 bytes — a landmark of the 4K intro.",A world in 4096 bytes,demos,,,True,False,,189,2026-08-27,,
vault/demos/enigma.mdx,vault,/vault/demos/enigma/,Enigma,"Phenomena's Enigma is one of the most beloved demos of the early Amiga scene, a production where code, art, and an unforgettable soundtrack all peaked together.",An early-Amiga high-water mark,demos,,,True,False,,172,2026-08-27,,
vault/demos/fr-08-the-product.mdx,vault,/vault/demos/fr-08-the-product/,fr-08: .the .product,"Farbrausch's fr-08 packed a full, music-driven PC demo into just 64 kilobytes through procedural generation, redefining what the size-limited categories could achieve.",A whole demo in 64 kilobytes,demos,,,True,False,,173,2026-08-27,,
vault/demos/hardwired.mdx,vault,/vault/demos/hardwired/,Hardwired,"Crionics and The Silents' Hardwired traded effect-listing for pacing and mood, helping turn the Amiga demo from showcase into something cinematic.",When demos learned to direct,demos,,,True,False,,174,2026-08-27,,
vault/demos/jesus-on-es-spectrum.mdx,vault,/vault/demos/jesus-on-es-spectrum/,Jesus On E's (Spectrum),"A celebrated 1996 ZX Spectrum demo by Rebel, this Jesus On E's wrung astonishing multicolour effects from the plain 48K machine — and shares only its name with LSD's Amiga demo.",Multicolour on the bare 48K,demos,,,True,False,,197,2026-08-27,,
vault/demos/jesus-on-es.mdx,vault,/vault/demos/jesus-on-es/,Jesus On E's,"LSD's Jesus On E's was a pioneering Amiga 'rave musicdisk' — a continuous half-hour breakbeat mix synced to visuals, and one of the demoscene's clearest collisions with UK rave culture.",LSD's Amiga rave demo,demos,,,True,False,,227,2026-08-27,,
vault/demos/lyra-ii.mdx,vault,/vault/demos/lyra-ii/,The Lyra II,"ESI's The Lyra II was a defining early megademo of the ZX Spectrum scene, showcasing what the humble 8-bit machine could do in the hands of the Eastern European scene.",The Spectrum megademo arrives,demos,,,True,False,,182,2026-08-27,,
vault/demos/mental-hangover.mdx,vault,/vault/demos/mental-hangover/,Mental Hangover,"Scoopex's Mental Hangover was one of the most widely copied Amiga megademos of its era, a sampler of the platform's tricks passed across Europe on floppy.",The megademo that travelled,demos,,,True,False,,173,2026-08-27,,
vault/demos/nexus-7.mdx,vault,/vault/demos/nexus-7/,Nexus 7,"Andromeda's Nexus 7 won The Party 1994 and became one of the defining demos of the Amiga's AGA era, all polish, colour, and design confidence.",AGA at its best,demos,,,True,False,,176,2026-08-27,,
vault/demos/nine-fingers.mdx,vault,/vault/demos/nine-fingers/,9 Fingers,"Spaceballs' follow-up to State of the Art, 9 Fingers doubled down on rotoscoped style and attitude, confirming the group as the Amiga scene's masters of cool.",Spaceballs do it again,demos,,,True,False,,165,2026-08-27,,
vault/demos/ocean-machine.mdx,vault,/vault/demos/ocean-machine/,Ocean Machine,"The Black Lotus' Ocean Machine wrapped its effects in a single coherent underwater world, a high point of AGA Amiga craft and design working as one.",The Black Lotus dives deep,demos,,,True,False,,196,2026-08-27,,
vault/demos/second-reality.mdx,vault,/vault/demos/second-reality/,Second Reality,"Future Crew's Second Reality defined PC demo scene aesthetics and proved the platform could rival Amiga, becoming the most famous demo ever made.",THE PC demo,demos,,,True,False,,166,2026-08-27,,
vault/demos/shock-megademo.mdx,vault,/vault/demos/shock-megademo/,Shock Megademo,"A celebrated 1992 ZX Spectrum megademo from ESI, Shock Megademo is one of the productions that defined the early Spectrum scene's ambition.",ESI turn it up,demos,,,True,False,,170,2026-08-27,,
vault/demos/signal-part-3.mdx,vault,/vault/demos/signal-part-3/,Signal Part 3,"Flash Inc's Signal Part 3 is a fondly remembered 1991 ZX Spectrum demo from the Polish scene, and the kind of production Western readers often met through magazine coverage.",Polish Spectrum craft,demos,,,True,False,,193,2026-08-27,,
vault/demos/starstruck.mdx,vault,/vault/demos/starstruck/,Starstruck,"The Black Lotus's 2006 demo Starstruck is a benchmark of modern Amiga craft, a production so accomplished it makes people question what the hardware should be capable of.","The Amiga, still astonishing",demos,,,True,False,,169,2026-08-27,,
vault/demos/state-of-the-art.mdx,vault,/vault/demos/state-of-the-art/,State of the Art,"Spaceballs' State of the Art achieved video-like quality on Amiga hardware, pushing the platform to its absolute limits through masterful programming.",Video on Amiga,demos,,,True,False,,161,2026-08-27,,
vault/demos/voyage.mdx,vault,/vault/demos/voyage/,Voyage,"Razor 1911's 1991 Amiga demo pushed real-time texture mapping on stock hardware further than seemed possible, paired with one of the most admired 4-channel soundtracks of the era.",Texture mapping that shouldn't have been possible,demos,,,True,False,,207,2026-08-27,,
vault/demos/wonderland.mdx,vault,/vault/demos/wonderland/,Wonderland,"Censor Design's Wonderland demos are among the Commodore 64's most celebrated productions, proof that the 8-bit machine could match anything for craft.",Censor's C64 showcase,demos,,,True,False,,183,2026-08-27,,
vault/distribution/abandonware.mdx,vault,/vault/distribution/abandonware/,Abandonware,"A community term for commercially unavailable software that enthusiasts preserve and distribute. It describes a real preservation problem — but it is not a legal category, and copyright does not lapse because a publisher stopped selling.",Preserving forgotten games,distribution,,,True,False,,927,2026-09-01,,
vault/distribution/budget-games.mdx,vault,/vault/distribution/budget-games/,Budget Games,"Budget game labels offered software at reduced prices, democratising game ownership through value-priced releases that ranged from hidden gems to quick cash-ins.",Affordable software,distribution,,,True,False,,892,2026-09-01,,
vault/distribution/cover-tapes.mdx,vault,/vault/distribution/cover-tapes/,Cover tapes,"Cover tapes were cassettes attached to the front cover of British home-computer magazines from roughly 1989 onwards. They carried free playable games (full titles, demos, exclusive type-in conversions, utilities) and transformed the magazines that shipped them from information sources into distribution platforms. The Your Sinclair Smash Tape, CRASH Smash Tape, and Zzap!64 Megatape collectively defined the late-1980s and early-1990s British home-computer reader's relationship with their platform — and quietly ended the type-in-listings tradition by replacing it with ready-to-load free software.",The cassettes glued to British games magazines that ended the type-in tradition and built a generation's back catalogue,distribution,,,True,False,,1956,2026-09-01,,
vault/distribution/digital-distribution.mdx,vault,/vault/distribution/digital-distribution/,Digital Distribution,"Selling software down a wire rather than in a box. Steam made it the default in 2004, but the model was already running on British teletext and American telephone lines in 1983.",Games without boxes,distribution,,,True,False,,696,2026-09-01,,
vault/distribution/episodic-gaming.mdx,vault,/vault/distribution/episodic-gaming/,Episodic Gaming,"Episodic gaming promised television-style release schedules for games, with mixed results from Telltale's successes to abandoned projects.",Games in instalments,distribution,,,True,False,,154,2026-09-01,,
vault/distribution/licenseware.mdx,vault,/vault/distribution/licenseware/,Licenseware,The distribution model where PD libraries sold games at low prices with royalties paid to authors - a middle ground between free public domain and commercial publishing.,Commercial PD,distribution,,,True,False,,419,2026-09-01,,
vault/distribution/magazine-cover-disks.mdx,vault,/vault/distribution/magazine-cover-disks/,Magazine Cover Disks,"Magazine cover disks distributed demos, utilities and games attached to computing magazines. They shaped how players discovered software through the disk era — and, on the Amiga, became a paying commissioning market for amateur programmers.",Software on the newsstand,distribution,,,True,False,,819,2026-09-01,,
vault/distribution/mail-trading.mdx,vault,/vault/distribution/mail-trading/,Mail Trading,"Mail trading enabled global software exchange through postal services, with enthusiasts copying disks and sending them worldwide, building international communities before online connectivity.",Pre-internet software exchange,distribution,,,True,False,,614,2026-09-01,,
vault/distribution/piracy.mdx,vault,/vault/distribution/piracy/,Software Piracy,"Software piracy shaped the home computer era, from playground disk swapping to organised cracking groups, creating an underground culture that paralleled legitimate gaming.",Copying culture,distribution,,,True,False,,398,2026-09-01,,
vault/distribution/public-domain.mdx,vault,/vault/distribution/public-domain/,Public Domain Software,"The ecosystem of freely distributable software that flourished alongside commercial games - from amateur creations to utilities to abandoned software, spread via PD libraries and BBSes.",Free to copy,distribution,,,True,False,,502,2026-09-01,,
vault/distribution/shareware.mdx,vault,/vault/distribution/shareware/,Shareware,"Shareware let players experience games before purchasing, creating a distribution model that launched id Software, Epic, and Apogee while democratising game distribution.",Try before you buy,distribution,,,True,False,,812,2026-09-01,,
vault/distribution/type-in-listings.mdx,vault,/vault/distribution/type-in-listings/,Type-In Listings,"Before downloads, magazines printed program code for readers to type in—teaching programming through play and creating a shared culture of hands-on computing.",Games you had to earn,distribution,,,True,False,,528,2026-09-01,,
vault/emulators/emulation.mdx,vault,/vault/emulators/emulation/,Emulation,"Emulators recreate vintage hardware in software, preserving games and enabling development when original machines become scarce—raising complex questions about preservation and legality.",Preserving the past,emulators,,,True,False,,297,2026-08-27,,
vault/emulators/fceux.mdx,vault,/vault/emulators/fceux/,FCEUX,"FCEUX combined accurate NES emulation with powerful debugging and development tools, making it essential for both players and homebrew developers.",NES emulation and development,emulators,,,True,False,,157,2026-08-27,,
vault/emulators/fs-uae.mdx,vault,/vault/emulators/fs-uae/,FS-UAE,"FS-UAE brings accurate Amiga emulation to modern systems with a focus on ease of use, game database integration, and cross-platform compatibility.",Cross-platform Amiga emulation,emulators,,,True,False,,144,2026-08-27,,
vault/emulators/fuse.mdx,vault,/vault/emulators/fuse/,Fuse,"The accurate, cross-platform ZX Spectrum emulator that handles the full Spectrum range and its many peripherals.",The Free Unix Spectrum Emulator,emulators,,,True,False,,208,2026-08-27,,
vault/emulators/mame.mdx,vault,/vault/emulators/mame/,MAME,"The Multiple Arcade Machine Emulator that evolved into gaming's most comprehensive preservation effort, documenting and emulating thousands of arcade machines and computers.",The arcade preservation project,emulators,,,True,False,,275,2026-08-27,,
vault/emulators/mesen.mdx,vault,/vault/emulators/mesen/,Mesen,The highly accurate NES and SNES emulator known for comprehensive debugging tools and near-perfect hardware emulation.,NES accuracy perfected,emulators,,,True,False,,220,2026-08-27,,
vault/emulators/pcsx.mdx,vault,/vault/emulators/pcsx/,PCSX / PCSX2,"The PCSX family brought PlayStation emulation to PC, with PCSX-Reloaded handling PS1 and PCSX2 tackling the technically demanding PlayStation 2.",PlayStation emulation,emulators,,,True,False,,139,2026-08-27,,
vault/emulators/retroarch.mdx,vault,/vault/emulators/retroarch/,RetroArch,"The unified frontend that brings dozens of emulator cores under one interface, standardising controls, shaders, and features across platforms.",The emulator frontend,emulators,,,True,False,,237,2026-08-27,,
vault/emulators/vice-emulator.mdx,vault,/vault/emulators/vice-emulator/,VICE Emulator,"VICE is the definitive Commodore computer emulator, accurately recreating the C64, VIC-20, C128, and other Commodore machines across all major platforms.",The Versatile Commodore Emulator,emulators,,,True,False,,241,2026-08-27,,
vault/emulators/vice.mdx,vault,/vault/emulators/vice/,VICE,"The Versatile Commodore Emulator - the definitive, cycle-accurate emulator for Commodore 8-bit computers including the C64, VIC-20, and PET, essential for preservation and development.",The definitive C64 emulator,emulators,,,True,False,,203,2026-08-27,,
vault/emulators/winuae.mdx,vault,/vault/emulators/winuae/,WinUAE,"The definitive Amiga emulator for Windows, offering unparalleled accuracy and comprehensive hardware emulation maintained by Toni Wilen since 2000.",The Amiga gold standard,emulators,,,True,False,,214,2026-08-27,,
vault/events/assembly-party.mdx,vault,/vault/events/assembly-party/,Assembly,"Assembly became the world's largest demo party, drawing thousands to Helsinki each summer for competitions that defined scene excellence.",Finland's mega-event,events,,,True,False,,170,2026-08-27,,
vault/events/chaos-constructions.mdx,vault,/vault/events/chaos-constructions/,Chaos Constructions,"Held in Saint Petersburg, Chaos Constructions is the largest party that still regularly features the ZX Spectrum, a living home for the Eastern European 8-bit scene.",Russia's old-iron party,events,,,True,False,,184,2026-08-27,,
vault/events/datastorm.mdx,vault,/vault/events/datastorm/,Datastorm,"A Gothenburg party running since 2011, Datastorm keeps the Amiga demoscene alive on its own terms, proving the platform's creative scene never really stopped.","Amiga, and only Amiga",events,,,True,False,,157,2026-08-27,,
vault/events/dreamhack.mdx,vault,/vault/events/dreamhack/,DreamHack,"The Swedish event that grew from a small LAN party in 1994 to the world's largest digital festival, holding the Guinness record for most connected computers.",World's largest LAN,events,,,True,False,,280,2026-08-27,,
vault/events/evo.mdx,vault,/vault/events/evo/,EVO,"EVO grew from a small California tournament into the world's largest fighting game event, defining competitive standards and creating legendary moments across decades.",Evolution Championship Series,events,,,True,False,,187,2026-08-27,,
vault/events/mekka-symposium.mdx,vault,/vault/events/mekka-symposium/,Mekka & Symposium,"Formed by merging two earlier parties, Mekka & Symposium anchored the German Easter scene from 1996 to 2002 — and its lineage runs straight to Breakpoint and Revision.","Germany's Easter party, and its bloodline",events,,,True,False,,144,2026-08-27,,
vault/events/quakecon.mdx,vault,/vault/events/quakecon/,QuakeCon,"The annual convention celebrating id Software's games that grew from a 1996 Quake gathering into a major gaming event, featuring the world's largest BYOC LAN party in North America.",id Software's gathering,events,,,True,False,,259,2026-08-27,,
vault/events/revision-party.mdx,vault,/vault/events/revision-party/,Revision,"Revision became the demo scene's premier event after succeeding Breakpoint, maintaining Germany's position as the scene's spiritual home.",The modern scene gathering,events,,,True,False,,154,2026-08-27,,
vault/events/the-gathering.mdx,vault,/vault/events/the-gathering/,The Gathering,"Held every Easter in Norway since 1992, The Gathering grew into one of the world's largest computer parties, mixing demoscene competitions with a vast LAN.",Norway's Easter institution,events,,,True,False,,153,2026-08-27,,
vault/events/the-party.mdx,vault,/vault/events/the-party/,The Party,"The Party was the largest demo party of the 1990s golden age, drawing thousands to Denmark and premiering legendary productions including State of the Art.",Denmark's golden era,events,,,True,False,,141,2026-08-27,,
vault/events/twin-galaxies.mdx,vault,/vault/events/twin-galaxies/,Twin Galaxies,"Twin Galaxies established itself as the official scorekeeper for video game world records, documenting high scores from the golden age of arcades through the competitive gaming era.",Video game record keeping,events,,,True,False,,193,2026-08-27,,
vault/events/x-party.mdx,vault,/vault/events/x-party/,X,"Held in the Netherlands since the mid-1990s, X is the premier Commodore 64-only demoparty, the place where the 8-bit scene's biggest productions premiere.",The Commodore 64 party,events,,,True,False,,160,2026-08-27,,
vault/games/1942.mdx,vault,/vault/games/1942/,1942,"1942 established Capcom's shooter pedigree with vertical scrolling World War II aerial combat, spawning a long-running series and countless imitators.",Vertical shooter classic,games,,,True,False,,226,2026-08-27,,
vault/games/7th-guest.mdx,vault,/vault/games/7th-guest/,The 7th Guest,Trilobyte's haunted house puzzle game showcased CD-ROM technology with full-motion video and helped establish the multimedia PC era.,CD-ROM's killer app,games,,,True,False,,157,2026-08-27,,
vault/games/advance-wars.mdx,vault,/vault/games/advance-wars/,Advance Wars,"Advance Wars distilled turn-based strategy into accessible perfection, with commanding officers adding personality and asymmetric powers to military tactics.",Turn-based tactics perfected,games,,,True,False,,157,2026-08-27,,
vault/games/adventure-island.mdx,vault,/vault/games/adventure-island/,Adventure Island,"Adventure Island sent Master Higgins running through tropical stages, constantly eating fruit to maintain stamina while skateboarding and throwing axes at enemies.",Hudson's tropical platformer,games,,,True,False,,233,2026-08-27,,
vault/games/adventure.mdx,vault,/vault/games/adventure/,Adventure,"Adventure for Atari 2600 created the action-adventure genre and contained gaming's first Easter egg, hidden by developer Warren Robinett.",The first action-adventure,games,,,True,False,,320,2026-08-27,,
vault/games/after-burner.mdx,vault,/vault/games/after-burner/,After Burner,Yu Suzuki's 1987 fighter jet spectacular put players in a rotating cockpit for the ultimate arcade power fantasy.,Arcade combat at Mach 2,games,,,True,False,,342,2026-08-27,,
vault/games/age-of-empires.mdx,vault,/vault/games/age-of-empires/,Age of Empires,"Age of Empires brought historical civilisations to real-time strategy, spanning Stone Age to Iron Age while teaching players history through gameplay.",History in real-time,games,,,True,False,,181,2026-08-27,,
vault/games/age-of-mythology.mdx,vault,/vault/games/age-of-mythology/,Age of Mythology,"Age of Mythology applied the Age of Empires formula to Greek, Egyptian, and Norse mythology, adding god powers and mythical units to the historical RTS template.",Gods and monsters,games,,,True,False,,181,2026-08-27,,
vault/games/aladdin-genesis.mdx,vault,/vault/games/aladdin-genesis/,Aladdin (Genesis),"Virgin Games' 1993 Genesis platformer featuring actual Disney animator involvement, creating one of the most visually stunning 16-bit games and the definitive licensed game template.",Disney animator collaboration,games,,,True,False,,196,2026-08-27,,
vault/games/alex-kidd.mdx,vault,/vault/games/alex-kidd/,Alex Kidd,"Alex Kidd served as Sega's mascot before Sonic, starring in platformers that combined action with rock-paper-scissors boss battles and vehicle sequences.",Sega's first mascot,games,,,True,False,,218,2026-08-27,,
vault/games/alien-breed.mdx,vault,/vault/games/alien-breed/,Alien Breed,"Alien Breed channelled Aliens into a top-down shooter, combining claustrophobic corridors with relentless xenomorph hordes across the Amiga and beyond.",Top-down terror,games,,,True,False,,204,2026-08-27,,
vault/games/alien-isolation.mdx,vault,/vault/games/alien-isolation/,Alien: Isolation,"Alien: Isolation recreated the original film's terror through an unkillable xenomorph with adaptive AI, proving licensed games could achieve artistic excellence.",Perfect organism,games,,,True,False,,183,2026-08-27,,
vault/games/aliens.mdx,vault,/vault/games/aliens/,Aliens,"Electric Dreams' film licence charted at #19 and #13 and left — and the period pages that appear to show it at number one a year later are video charts, not games charts.","A modest chart run, and a cautionary tale",games,,,True,False,,252,2026-08-27,,
vault/games/altered-beast.mdx,vault,/vault/games/altered-beast/,Altered Beast,"Altered Beast launched with the Sega Genesis, featuring a resurrected centurion who transformed into powerful beasts by collecting spirit balls while fighting through ancient Greece.",Rise from your grave,games,,,True,False,,189,2026-08-27,,
vault/games/amnesia.mdx,vault,/vault/games/amnesia/,Amnesia: The Dark Descent,"Amnesia stripped players of weapons entirely, creating pure helplessness horror where darkness itself became a threat and looking at monsters drove you insane.",Sanity system horror,games,,,True,False,,177,2026-08-27,,
vault/games/another-world.mdx,vault,/vault/games/another-world/,Another World,Eric Chahi's Another World used rotoscoped animation and vector graphics to create a wordless cinematic experience that felt like playing a film.,Cinematic gaming redefined,games,,,True,False,,257,2026-08-27,,
vault/games/ant-attack.mdx,vault,/vault/games/ant-attack/,Ant Attack,"Sandy White's 1983 game for Quicksilva built a whole city out of soft solid 3D blocks and let you walk around it — the isometric technique that Knight Lore is usually credited with, a year earlier. It also let you choose, in 1983, whether to play as a man rescuing a woman or a woman rescuing a man.","The first isometric Spectrum game, written by a sculptor",games,,,True,False,,812,2026-08-29,,
vault/games/arcanum.mdx,vault,/vault/games/arcanum/,Arcanum: Of Steamworks and Magick Obscura,"Arcanum blended steampunk technology with traditional fantasy magic, creating a world where dwarven factories competed with elven sorcery and player choices genuinely shaped the narrative.",Industrial fantasy,games,,,True,False,,174,2026-08-27,,
vault/games/arkanoid.mdx,vault,/vault/games/arkanoid/,Arkanoid,"Taito's 1986 update to Breakout added power-ups, enemies, and boss battles, perfecting the paddle-and-ball formula.",Breakout evolved,games,,,True,False,,321,2026-08-27,,
vault/games/art-of-fighting.mdx,vault,/vault/games/art-of-fighting/,Art of Fighting,Art of Fighting introduced the spirit gauge and scaling sprite technology while establishing characters who would become SNK crossover staples.,Spirit gauge innovation,games,,,True,False,,187,2026-08-27,,
vault/games/assassins-creed.mdx,vault,/vault/games/assassins-creed/,Assassin's Creed,"Assassin's Creed blended historical settings with open-world action, creating a franchise spanning centuries of stealthy parkour and hidden blade combat.",History as playground,games,,,True,False,,298,2026-08-27,,
vault/games/asteroids.mdx,vault,/vault/games/asteroids/,Asteroids,"Asteroids combined vector graphics, momentum-based physics, and endless challenge into one of gaming's most influential and enduring arcade experiences.",Vector perfection,games,,,True,False,,248,2026-08-27,,
vault/games/atic-atac.mdx,vault,/vault/games/atic-atac/,Atic Atac,"Ultimate Play the Game's 1983 top-down adventure trapped three playable characters in a multi-floor castle, gold-key fragments to find and a relentless food meter ticking down — the design that shaped Sabre Wulf, Knight Lore, and a decade of British adventure games.",Ultimate's haunted-castle blueprint,games,,,True,False,,747,2026-09-03,,
vault/games/attack-of-the-mutant-camels.mdx,vault,/vault/games/attack-of-the-mutant-camels/,Attack of the Mutant Camels,"Released in 1983, *Attack of the Mutant Camels* turned the VIC-20 and C64 into neon arcades with absurd humour and serious bite.",Jeff Minter’s camel-powered shooter,games,,,True,False,,85,2026-08-27,,
vault/games/bad-dudes.mdx,vault,/vault/games/bad-dudes/,Bad Dudes,"Bad Dudes vs. DragonNinja asked players if they were bad enough to rescue the President, delivering side-scrolling beat-em-up action with ninja enemies and memorable one-liners.",Presidential rescue mission,games,,,True,False,,185,2026-08-27,,
vault/games/baldurs-gate.mdx,vault,/vault/games/baldurs-gate/,Baldur's Gate,"Baldur's Gate revived computer RPGs with faithful AD&D rules, memorable companions, and an epic Forgotten Realms adventure that proved the genre could thrive on PC.",D&D revival,games,,,True,False,,181,2026-08-27,,
vault/games/balloon-fight.mdx,vault,/vault/games/balloon-fight/,Balloon Fight,"Balloon Fight pitted players against balloon-wearing enemies in floaty aerial combat, featuring physics-based movement that clearly inspired by Joust but added its own Nintendo charm.",Aerial combat,games,,,True,False,,236,2026-08-27,,
vault/games/banjo-kazooie.mdx,vault,/vault/games/banjo-kazooie/,Banjo-Kazooie,"Banjo-Kazooie refined the 3D platformer with charming characters, interconnected worlds, and a sprawling collectible hunt that showcased Rare's mastery of the genre.",Collectathon perfected,games,,,True,False,,152,2026-08-27,,
vault/games/batman-1986.mdx,vault,/vault/games/batman-1986/,Batman (1986),"Jon Ritman and Bernie Drummond's Batman took 93% from CRASH in May 1986. Robin is kidnapped, the Batmobile is in pieces, and the engine underneath it went on to make the best isometric game on the Spectrum.",The isometric engine that became Head Over Heels,games,,,True,False,,415,2026-08-28,,
vault/games/batman-ocean.mdx,vault,/vault/games/batman-ocean/,Batman (1989),Ocean Software's 1989 *Batman* tied to Tim Burton's film and defied licensed game expectations with quality platforming and faithful adaptation.,Licensed game done right,games,,,True,False,,196,2026-08-28,,
vault/games/battletoads.mdx,vault,/vault/games/battletoads/,Battletoads,"Battletoads combined beat-em-up action with varied gameplay and punishing difficulty, showcasing Rare's technical prowess on the NES.",Rare's brutal brawler,games,,,True,False,,263,2026-08-27,,
vault/games/battlezone.mdx,vault,/vault/games/battlezone/,Battlezone,"Battlezone pioneered first-person 3D combat using vector graphics, placing players inside a tank with a periscope viewfinder for a uniquely immersive arcade experience.",Vector 3D warfare,games,,,True,False,,194,2026-08-27,,
vault/games/beatmania.mdx,vault,/vault/games/beatmania/,Beatmania,"Beatmania created the rhythm game arcade phenomenon with its DJ controller interface, spawning Konami's Bemani division and influencing music games worldwide.",DJ simulation,games,,,True,False,,160,2026-08-27,,
vault/games/beneath-a-steel-sky.mdx,vault,/vault/games/beneath-a-steel-sky/,Beneath a Steel Sky,"Revolution Software's 1994 point-and-click adventure set in a dystopian Australian future, featuring art by Watchmen's Dave Gibbons and later released free on GOG.com.",Cyberpunk meets adventure,games,,,True,False,,338,2026-08-27,,
vault/games/berzerk.mdx,vault,/vault/games/berzerk/,Berzerk,"Berzerk combined maze navigation with frantic shooting against robots, featuring synthesised speech that taunted players with 'Intruder alert!' and 'The humanoid must not escape!'",Robot maze shooter,games,,,True,False,,187,2026-08-27,,
vault/games/beyond-good-and-evil.mdx,vault,/vault/games/beyond-good-and-evil/,Beyond Good & Evil,"Beyond Good & Evil combined action, stealth, and photojournalism in a unique sci-fi adventure that became a cult classic despite commercial struggles.",A cult classic adventure,games,,,True,False,,114,2026-08-27,,
vault/games/binding-of-isaac.mdx,vault,/vault/games/binding-of-isaac/,The Binding of Isaac,"The Binding of Isaac wrapped roguelike mechanics in disturbing religious imagery and bodily horror, achieving massive success through endless item combinations and dark humour.",Tears and trauma,games,,,True,False,,178,2026-08-27,,
vault/games/bionic-commando.mdx,vault,/vault/games/bionic-commando/,Bionic Commando,"Bionic Commando replaced jumping with a grappling arm, forcing players to master swinging mechanics while fighting through enemy territory in this distinctive action platformer.",Grappling hook action,games,,,True,False,,218,2026-08-27,,
vault/games/bioshock.mdx,vault,/vault/games/bioshock/,BioShock,"BioShock brought immersive sim design to mainstream audiences through Rapture's fallen utopia, combining philosophical themes with shooter accessibility and a legendary twist.",Would you kindly,games,,,True,False,,174,2026-08-27,,
vault/games/black-and-white.mdx,vault,/vault/games/black-and-white/,Black & White,"Lionhead's Black & White combined god game mechanics with an AI creature that learned from player behaviour, representing Peter Molyneux's ambitious vision for emergent gameplay.",God game evolved,games,,,True,False,,247,2026-08-27,,
vault/games/blaster-master.mdx,vault,/vault/games/blaster-master/,Blaster Master,"Blaster Master combined side-scrolling tank gameplay with top-down on-foot sections, creating a unique exploration action game as Jason searched for his pet frog.",Tank and soldier hybrid,games,,,True,False,,209,2026-08-27,,
vault/games/bloodborne.mdx,vault,/vault/games/bloodborne/,Bloodborne,"Bloodborne is FromSoftware's gothic horror action RPG, featuring aggressive combat and Lovecraftian themes, exclusive to PlayStation 4.",A hunter must hunt,games,,,True,False,,115,2026-08-27,,
vault/games/bloodstained.mdx,vault,/vault/games/bloodstained/,Bloodstained: Ritual of the Night,Bloodstained is Koji Igarashi's Kickstarter-funded return to the Metroidvania genre he helped define at Konami.,Spiritual successor to Castlevania,games,,,True,False,,113,2026-09-01,,
vault/games/bomb-jack.mdx,vault,/vault/games/bomb-jack/,Bomb Jack,"Bomb Jack combined precise platforming with strategic bomb collection, challenging players to defuse explosives across famous world landmarks.",Platform precision,games,,,True,False,,302,2026-08-27,,
vault/games/bomberman.mdx,vault,/vault/games/bomberman/,Bomberman,"Hudson Soft's *Bomberman* perfected competitive multiplayer through simple mechanics: place bombs, avoid explosions, eliminate opponents.",Strategic destruction,games,,,True,False,,162,2026-08-27,,
vault/games/bonk.mdx,vault,/vault/games/bonk/,Bonk's Adventure,"Bonk's Adventure starred a bald caveman who attacked with his enormous head, serving as the TurboGrafx-16's mascot platformer in competition with Mario and Sonic.",PC Engine mascot,games,,,True,False,,215,2026-08-27,,
vault/games/boulder-dash.mdx,vault,/vault/games/boulder-dash/,Boulder Dash,"Boulder Dash combined puzzle-solving with real-time physics, creating a uniquely tense experience where every move could trigger a deadly cascade of falling rocks.","Dig, collect, survive",games,,,True,False,,237,2026-08-27,,
vault/games/breakout.mdx,vault,/vault/games/breakout/,Breakout,Atari's influential 1976 arcade game that spawned an entire genre and was famously prototyped by Steve Wozniak.,The brick-breaking classic,games,,,True,False,,259,2026-08-27,,
vault/games/breath-of-the-wild.mdx,vault,/vault/games/breath-of-the-wild/,The Legend of Zelda: Breath of the Wild,"Breath of the Wild reinvented the Zelda formula with emergent gameplay, physics-based puzzles, and unprecedented freedom in a vast open world.",Open air adventure,games,,,True,False,,322,2026-08-27,,
vault/games/broken-sword.mdx,vault,/vault/games/broken-sword/,Broken Sword,"Revolution Software's *Broken Sword* series revived point-and-click adventures with globetrotting mysteries, witty dialogue, and hand-drawn animation.","George Stobbart, reluctant hero",games,,,True,False,,169,2026-08-27,,
vault/games/bubble-bobble.mdx,vault,/vault/games/bubble-bobble/,Bubble Bobble,Taito's 1986 arcade classic turned cooperative bubble-trapping into one of gaming's most joyful experiences.,Now it is the beginning of a fantastic story,games,,,True,False,,347,2026-08-27,,
vault/games/burnout.mdx,vault,/vault/games/burnout/,Burnout,"Criterion's Burnout series transformed racing game crashes from failures into spectacular slow-motion rewards, pioneering destruction physics and aggressive driving mechanics.",Crash aesthetics,games,,,True,False,,261,2026-08-27,,
vault/games/cadillacs-and-dinosaurs.mdx,vault,/vault/games/cadillacs-and-dinosaurs/,Cadillacs and Dinosaurs,"Cadillacs and Dinosaurs brought the Xenozoic Tales comic to arcades, combining classic Capcom beat-em-up action with dinosaurs, muscle cars, and environmental themes.",Post-apocalyptic brawling,games,,,True,False,,182,2026-08-27,,
vault/games/california-games.mdx,vault,/vault/games/california-games/,California Games,"California Games captured 1980s West Coast culture with six sun-soaked events including surfing, skateboarding, and hacky sack, becoming Epyx's most successful sports compilation.",Beach sports collection,games,,,True,False,,205,2026-08-27,,
vault/games/cannon-fodder.mdx,vault,/vault/games/cannon-fodder/,Cannon Fodder,"Sensible Software's controversial action game combined accessible squad tactics with an anti-war message, remembered as much for its poppy controversy as its addictive gameplay.",War has never been so much fun,games,,,True,False,,261,2026-08-27,,
vault/games/captain-commando.mdx,vault,/vault/games/captain-commando/,Captain Commando,"Captain Commando assembled a bizarre team—a mummy, a ninja, and a knife-wielding baby in a mech—for four-player beat-em-up action that showcased Capcom's arcade excellence.",Capcom's mascot brawls,games,,,True,False,,186,2026-08-27,,
vault/games/castlevania.mdx,vault,/vault/games/castlevania/,Castlevania,"Konami's vampire-slaying platformer combined deliberate combat, horror atmosphere, and memorable music into an NES classic.",Gothic horror on the NES,games,,,True,False,,307,2026-08-27,,
vault/games/cave-story.mdx,vault,/vault/games/cave-story/,Cave Story,"Daisuke Amaya's 2004 freeware action-platformer, developed solo over five years, that helped ignite the modern indie game movement.","One man, five years",games,,,True,False,,265,2026-08-27,,
vault/games/celeste.mdx,vault,/vault/games/celeste/,Celeste,Matt Thorson and Noel Berry's 2018 precision platformer that combined brutal difficulty with an affecting story about mental health and self-acceptance.,Precision with heart,games,,,True,False,,252,2026-08-27,,
vault/games/centipede.mdx,vault,/vault/games/centipede/,Centipede,"Centipede combined fast action with strategic mushroom management, becoming one of gaming's first hits with female players thanks to Dona Bailey's design sensibility.",Trackball precision,games,,,True,False,,267,2026-08-27,,
vault/games/chaos-engine.mdx,vault,/vault/games/chaos-engine/,The Chaos Engine,"The Chaos Engine combined top-down shooting with character selection and cooperative play in a Victorian steampunk world, showcasing the Bitmap Brothers' design excellence.",Steampunk shooter,games,,,True,False,,245,2026-08-27,,
vault/games/chase-hq.mdx,vault,/vault/games/chase-hq/,Chase H.Q.,"Chase H.Q. combined OutRun-style racing with vehicular combat, tasking players with chasing down criminals and ramming their cars until they surrendered.",Ram the criminals,games,,,True,False,,283,2026-08-27,,
vault/games/chip-n-dale.mdx,vault,/vault/games/chip-n-dale/,Chip 'n Dale: Rescue Rangers,"Chip 'n Dale: Rescue Rangers delivered excellent two-player cooperative platforming, with the chipmunk duo throwing boxes, apples, and each other through colourful stages.",Cooperative Disney action,games,,,True,False,,204,2026-08-27,,
vault/games/choplifter.mdx,vault,/vault/games/choplifter/,Choplifter,"Choplifter pioneered the rescue-focused shooter, tasking players with piloting a helicopter behind enemy lines to save hostages while battling tanks, jets, and anti-aircraft fire.",Hostage rescue helicopter,games,,,True,False,,207,2026-08-27,,
vault/games/chrono-trigger.mdx,vault,/vault/games/chrono-trigger/,Chrono Trigger,"Chrono Trigger assembled Square's dream team to create the definitive JRPG—time travel done right, multiple endings earned, and combat that respected players' intelligence.",Time's masterpiece,games,,,True,False,,189,2026-08-27,,
vault/games/chuckie-egg.mdx,vault,/vault/games/chuckie-egg/,Chuckie Egg,"A&F Software's 1983 platformer that became one of the BBC Micro and ZX Spectrum's defining games, featuring tight controls and addictive egg-collecting gameplay.","Eggs, ladders, perfection",games,,,True,False,,246,2026-08-29,,
vault/games/civilization.mdx,vault,/vault/games/civilization/,Civilization,"Sid Meier's Civilization let players guide a society from the Stone Age to the Space Age, creating the 4X genre and one of gaming's most addictive formulas.",One more turn,games,,,True,False,,256,2026-08-27,,
vault/games/cobra.mdx,vault,/vault/games/cobra/,Cobra,"Joffa Smith's 1987 Stallone tie-in for Ocean charts at #3 and falls away month by month — the standard shape of a film licence, and the opposite of how Match Day sold.","A licence's decay curve, in six months",games,,,True,False,,315,2026-08-27,,
vault/games/colossal-cave-adventure.mdx,vault,/vault/games/colossal-cave-adventure/,Colossal Cave Adventure,"The 1976 text adventure that invented an entire genre, combining cave exploration with fantasy elements to create interactive fiction.",The first adventure game,games,,,True,False,,364,2026-08-27,,
vault/games/columns.mdx,vault,/vault/games/columns/,Columns,"Columns challenged players to match coloured jewels in vertical columns of three, becoming Sega's answer to Tetris and a pack-in title for the Game Gear.",Sega's puzzle gem,games,,,True,False,,188,2026-08-27,,
vault/games/comix-zone.mdx,vault,/vault/games/comix-zone/,Comix Zone,"Comix Zone trapped its creator inside his own comic, with gameplay moving between panels, tearing paper for weapons, and fighting drawn enemies in a stylish beat-em-up.",Living comic book,games,,,True,False,,228,2026-08-27,,
vault/games/command-and-conquer.mdx,vault,/vault/games/command-and-conquer/,Command & Conquer,"Command & Conquer popularised real-time strategy with accessible base-building, resource harvesting, and FMV cutscenes that brought personality to warfare.",Real-time strategy refined,games,,,True,False,,186,2026-08-27,,
vault/games/commando.mdx,vault,/vault/games/commando/,Commando,Capcom's vertical run-and-gun became an arcade staple and spawned one of Rob Hubbard's most beloved C64 soundtracks.,One man army,games,,,True,False,,320,2026-08-27,,
vault/games/company-of-heroes.mdx,vault,/vault/games/company-of-heroes/,Company of Heroes,"Company of Heroes revolutionised RTS with cover mechanics, squad-based infantry, and destructible environments that made World War II combat tactically meaningful.",Tactical WWII,games,,,True,False,,177,2026-08-27,,
vault/games/contra.mdx,vault,/vault/games/contra/,Contra,Konami's run-and-gun classic defined cooperative action and immortalised the Konami Code.,30 lives to save the world,games,,,True,False,,541,2026-08-27,,
vault/games/counter-strike.mdx,vault,/vault/games/counter-strike/,Counter-Strike,"A *Half-Life* mod became gaming's defining tactical shooter, spawning a competitive scene that helped establish esports as we know it.",Terrorists win,games,,,True,False,,171,2026-08-27,,
vault/games/crash-bandicoot.mdx,vault,/vault/games/crash-bandicoot/,Crash Bandicoot,"Crash Bandicoot delivered tight 3D platforming through linear obstacle courses, positioning the spinning marsupial as PlayStation's answer to Mario and Sonic.",Sony's mascot contender,games,,,True,False,,182,2026-08-27,,
vault/games/crazy-taxi.mdx,vault,/vault/games/crazy-taxi/,Crazy Taxi,"Crazy Taxi combined frantic arcade driving with time-pressure gameplay and an unforgettable punk soundtrack, becoming one of Dreamcast's most recognisable titles.",Yeah yeah yeah yeah yeah,games,,,True,False,,160,2026-08-27,,
vault/games/crystalis.mdx,vault,/vault/games/crystalis/,Crystalis,"Crystalis delivered Zelda-style action RPG gameplay in a post-nuclear setting, featuring elemental swords, challenging combat, and a surprisingly ambitious narrative for the NES.",Post-apocalyptic action RPG,games,,,True,False,,216,2026-08-27,,
vault/games/cybernoid.mdx,vault,/vault/games/cybernoid/,Cybernoid,"Raffaele Cecco's brutally difficult shooter, built on the Spectrum and ported outward. CRASH smashed it in April 1988; the C64 conversion carried Jeroen Tel's soundtrack.",Pirate plundering perfection,games,,,True,False,,428,2026-08-27,,
vault/games/dance-dance-revolution.mdx,vault,/vault/games/dance-dance-revolution/,Dance Dance Revolution,"Dance Dance Revolution transformed rhythm gaming into physical performance, creating arcade spectacles and home fitness phenomena through its iconic dance pad interface.",Dance to the beat,games,,,True,False,,177,2026-08-27,,
vault/games/darius.mdx,vault,/vault/games/darius/,Darius,"Darius brought triple-screen spectacle to arcade shooting, featuring massive aquatic-themed bosses and branching stage paths across an enormous playfield.",Triple-screen shooting,games,,,True,False,,178,2026-08-27,,
vault/games/dark-souls.mdx,vault,/vault/games/dark-souls/,Dark Souls,"Dark Souls refined FromSoftware's Demon's Souls formula into a genre-defining action RPG known for challenging combat, interconnected world design, and cryptic storytelling.",Prepare to die,games,,,True,False,,427,2026-08-27,,
vault/games/day-of-the-tentacle.mdx,vault,/vault/games/day-of-the-tentacle/,Day of the Tentacle,"Day of the Tentacle sent three friends across American history to stop a purple tentacle's world domination, delivering LucasArts' most inventive puzzle design and sharpest writing.",Time-travelling comedy,games,,,True,False,,191,2026-08-27,,
vault/games/daytona-usa.mdx,vault,/vault/games/daytona-usa/,Daytona USA,Daytona USA delivered exhilarating arcade stock car racing with the Model 2's texture-mapped graphics and an unforgettable soundtrack that players sang along to.,Rolling start,games,,,True,False,,155,2026-08-27,,
vault/games/dead-cells.mdx,vault,/vault/games/dead-cells/,Dead Cells,"Dead Cells merged roguelike permadeath with Metroidvania exploration, creating fluid combat and persistent unlocks that made each death feel like progress.",Roguevania,games,,,True,False,,189,2026-09-01,,
vault/games/dead-or-alive.mdx,vault,/vault/games/dead-or-alive/,Dead or Alive,"Tecmo's *Dead or Alive* introduced reversals and holds to fighting games, creating a rock-paper-scissors flow that distinguished it from competitors.",The counter system,games,,,True,False,,177,2026-08-27,,
vault/games/defender-of-the-crown.mdx,vault,/vault/games/defender-of-the-crown/,Defender of the Crown,"Cinemaware's 1986 strategy game demonstrated Amiga graphics that seemed impossible, even if gameplay didn't quite match.",The Amiga's showcase,games,,,True,False,,317,2026-08-27,,
vault/games/defender.mdx,vault,/vault/games/defender/,Defender,"Eugene Jarvis's Defender broke every rule of early arcade design—five buttons, a scrolling playfield, a radar scanner—and became one of the highest-grossing arcade games ever made.",Complexity at speed,games,,,True,False,,240,2026-08-27,,
vault/games/demons-souls.mdx,vault,/vault/games/demons-souls/,Demon's Souls,"Demon's Souls established the formula that would define the Souls-like genre, with deliberate combat, interconnected levels, and punishing difficulty.",The one that started it all,games,,,True,False,,119,2026-08-27,,
vault/games/deus-ex.mdx,vault,/vault/games/deus-ex/,Deus Ex,"Deus Ex merged first-person action with deep RPG systems and conspiracy narrative, offering unprecedented player freedom in how to approach every situation.",Player choice perfected,games,,,True,False,,203,2026-08-27,,
vault/games/diablo.mdx,vault,/vault/games/diablo/,Diablo,"Diablo distilled dungeon crawling to its addictive essence—click enemies, collect loot, descend deeper—creating an action RPG template that spawned an entire genre.",Action RPG perfection,games,,,True,False,,189,2026-09-01,,
vault/games/dig-dug.mdx,vault,/vault/games/dig-dug/,Dig Dug,"Dig Dug combined maze creation with unique combat as players tunnelled through dirt, inflating enemies until they popped or crushing them with falling rocks.",Underground inflation,games,,,True,False,,257,2026-08-27,,
vault/games/dishonored.mdx,vault,/vault/games/dishonored/,Dishonored,"Dishonored revived the immersive sim with supernatural abilities, player choice, and levels designed for creative problem-solving in a plague-ridden steampunk empire.",Revenge solves everything,games,,,True,False,,177,2026-08-27,,
vault/games/dizzy.mdx,vault,/vault/games/dizzy/,Dizzy: The Ultimate Cartoon Adventure,Codemasters and the Oliver Twins built a puzzle-platform franchise around a lovable egg and some fiendish inventory riddles.,An eggy hero cracks the budget charts,games,,,True,False,,269,2026-08-27,,
vault/games/donkey-kong-country.mdx,vault,/vault/games/donkey-kong-country/,Donkey Kong Country,"Rare's Donkey Kong Country brought pre-rendered 3D graphics to the SNES, revitalising both the aging console and Nintendo's forgotten ape with stunning visuals and tight platforming.",Pre-rendered revolution,games,,,True,False,,253,2026-08-27,,
vault/games/donkey-kong.mdx,vault,/vault/games/donkey-kong/,Donkey Kong,"Shigeru Miyamoto's 1981 arcade debut introduced Jumpman (later Mario), invented the platformer genre, and saved Nintendo's American division.",The game that made Nintendo,games,,,True,False,,375,2026-08-27,,
vault/games/doom.mdx,vault,/vault/games/doom/,Doom,"Doom didn't invent the first-person shooter, but it perfected and popularised the genre, spreading across office networks and defining PC gaming.",Hell's shareware sensation,games,,,True,False,,336,2026-08-27,,
vault/games/doomdarks-revenge.mdx,vault,/vault/games/doomdarks-revenge/,Doomdark's Revenge,"Mike Singleton's 1985 follow-up to Lords of Midnight kept the landscaping engine, made the world bigger and the game considerably less forgiving — and charted for two years anyway.",The sequel that got harder,games,,,True,False,,475,2026-08-27,,
vault/games/double-dragon.mdx,vault,/vault/games/double-dragon/,Double Dragon,"Technos' 1987 arcade brawler codified the belt-scrolling beat-em-up, letting friends punch through gangs together.",Beat-em-up perfected,games,,,True,False,,311,2026-08-27,,
vault/games/dr-mario.mdx,vault,/vault/games/dr-mario/,Dr. Mario,"Dr. Mario applied falling-block puzzle mechanics to virus elimination, creating Nintendo's answer to Tetris with accessible two-player competition.",Prescription puzzling,games,,,True,False,,159,2026-08-27,,
vault/games/dragon-age.mdx,vault,/vault/games/dragon-age/,Dragon Age: Origins,"Dragon Age: Origins revived classic CRPG design with tactical combat, origin stories that shaped your character's perspective, and a morally grey world where every choice had consequences.",Dark fantasy returns,games,,,True,False,,181,2026-08-27,,
vault/games/dragon-quest.mdx,vault,/vault/games/dragon-quest/,Dragon Quest,"Dragon Quest established Japanese RPG conventions that would dominate console gaming, creating a cultural phenomenon that still causes school absence spikes on release days.",Japan's national RPG,games,,,True,False,,262,2026-08-27,,
vault/games/driller.mdx,vault,/vault/games/driller/,Driller,"Incentive's 1987 debut for the Freescape engine put a solid, freely navigable 3D world on a 48K Spectrum. CRASH gave it 97%, The Games Machine 94%, and it stayed in the charts for years.","97%, and nothing else on the machine looked like it",games,,,True,False,,321,2026-08-27,,
vault/games/duck-hunt.mdx,vault,/vault/games/duck-hunt/,Duck Hunt,"Duck Hunt bundled with the NES and Zapper light gun, challenging players to shoot ducks while enduring the mockery of the infamous laughing dog.",Zapper light gun action,games,,,True,False,,229,2026-08-27,,
vault/games/ducktales.mdx,vault,/vault/games/ducktales/,DuckTales,"DuckTales combined Disney charm with Capcom's platforming expertise, sending Scrooge McDuck pogo-jumping through non-linear stages in search of treasure.",Capcom Disney magic,games,,,True,False,,208,2026-08-27,,
vault/games/duke-nukem-3d.mdx,vault,/vault/games/duke-nukem-3d/,Duke Nukem 3D,"Duke Nukem 3D brought personality to first-person shooters with its wisecracking hero, interactive environments, and level design set in recognisable real-world locations.",Attitude-laden action,games,,,True,False,,204,2026-08-27,,
vault/games/dun-darach.mdx,vault,/vault/games/dun-darach/,Dun Darach,"Gargoyle Games' 1985 arcade adventure put a working Celtic city on a 48K Spectrum — traders, thieves and errands that continue whether you are watching or not.",A city that carries on without you,games,,,True,False,,399,2026-08-27,,
vault/games/dune-ii.mdx,vault,/vault/games/dune-ii/,Dune II,"Dune II established the real-time strategy genre template, introducing base building, resource harvesting, tech trees, and unit production that every RTS would follow.",The RTS template,games,,,True,False,,211,2026-08-27,,
vault/games/dungeon-keeper.mdx,vault,/vault/games/dungeon-keeper/,Dungeon Keeper,"Bullfrog's 1997 strategy game that inverted the RPG formula—you played the villain, building dungeons to thwart heroic adventurers.",Evil is good,games,,,True,False,,237,2026-08-27,,
vault/games/dungeon-master.mdx,vault,/vault/games/dungeon-master/,Dungeon Master,"FTL's 1987 RPG abandoned turn-based combat for real-time dungeon crawling, creating the template for action-RPGs.",Real-time revolution,games,,,True,False,,343,2026-08-27,,
vault/games/earthbound.mdx,vault,/vault/games/earthbound/,EarthBound,"EarthBound rejected fantasy conventions for suburban America, pizza deliveries, and psychic kids, hiding emotional depth beneath absurdist humour and influencing indie RPGs for decades.",Quirky Americana,games,,,True,False,,187,2026-08-27,,
vault/games/elevator-action.mdx,vault,/vault/games/elevator-action/,Elevator Action,"Elevator Action sent players into a thirty-floor building as a secret agent, riding elevators and escalators while collecting documents and shooting enemy spies.",Spy building infiltration,games,,,True,False,,206,2026-08-27,,
vault/games/elite-dangerous.mdx,vault,/vault/games/elite-dangerous/,Elite Dangerous,"David Braben's Elite Dangerous revived the legendary space trading franchise with a 1:1 scale Milky Way galaxy, proving procedural generation could create universes.",Galaxy reborn,games,,,True,False,,250,2026-08-27,,
vault/games/elite.mdx,vault,/vault/games/elite/,Elite,"David Braben and Ian Bell's 1984 space trading game offered an entire galaxy on a single floppy, inventing the open-world genre.",The galaxy in your bedroom,games,,,True,False,,573,2026-08-29,,
vault/games/enduro-racer.mdx,vault,/vault/games/enduro-racer/,Enduro Racer,Activision's Sega conversion took five months to climb from #10 to the top of the chart and then held on for another eight — the clearest slow-burn in this library's data.,Five months to number one,games,,,True,False,,311,2026-08-27,,
vault/games/et-the-extra-terrestrial.mdx,vault,/vault/games/et-the-extra-terrestrial/,E.T. the Extra-Terrestrial,"The rushed 1982 Atari 2600 game that became synonymous with the video game crash - not because it caused it, but because it symbolised everything wrong with the industry.",Gaming's most notorious failure,games,,,True,False,,404,2026-08-27,,
vault/games/excitebike.mdx,vault,/vault/games/excitebike/,Excitebike,"Excitebike combined responsive motocross racing with a track editor, letting players create and share custom courses while managing engine temperature through strategic turbo use.",Motocross and track building,games,,,True,False,,220,2026-08-27,,
vault/games/exolon.mdx,vault,/vault/games/exolon/,Exolon,"Raffaele Cecco's 1987 Hewson shooter reached #1 twice in four months — and CRASH sold it on the programmer's name, not the game's.","Cecco's best, twice at number one",games,,,True,False,,316,2026-08-27,,
vault/games/f-zero-x.mdx,vault,/vault/games/f-zero-x/,F-Zero X,"F-Zero X prioritised performance over visual fidelity, delivering 30 vehicles racing at 60fps with aggressive AI and a death-defying sense of speed.",Speed at 60fps,games,,,True,False,,164,2026-08-27,,
vault/games/fable.mdx,vault,/vault/games/fable/,Fable,"Lionhead's Fable promised a world that reacted to every player choice, delivering an accessible action RPG where moral decisions shaped character appearance and world reputation.",Choices and consequences,games,,,True,False,,275,2026-08-27,,
vault/games/fairlight.mdx,vault,/vault/games/fairlight/,Fairlight,"Bo Jangeborg's isometric adventure took 95% in CRASH in November 1985 — and gave the Spectrum a world where every object had a mass, so you solved puzzles by stacking things rather than by finding keys. It was built on Worldmaker, a level-design tool The Edge intended to sell separately.","95%, and objects that have mass",games,,,True,False,,890,2026-08-27,,
vault/games/fallout-new-vegas.mdx,vault,/vault/games/fallout-new-vegas/,Fallout: New Vegas,"Obsidian Entertainment's *New Vegas* brought choice, consequence, and sharp writing back to the *Fallout* series in this beloved Mojave wasteland RPG.",The house always wins,games,,,True,False,,177,2026-08-27,,
vault/games/fallout.mdx,vault,/vault/games/fallout/,Fallout,"Fallout dropped players into an irradiated wasteland with unprecedented freedom, letting them talk, fight, or sneak through a retrofuturistic world shaped by their choices.",Post-apocalyptic freedom,games,,,True,False,,189,2026-08-27,,
vault/games/fantasy-zone.mdx,vault,/vault/games/fantasy-zone/,Fantasy Zone,"Fantasy Zone combined side-scrolling shooting with a shop system and pastel aesthetics, pioneering the 'cute-em-up' subgenre with its colourful, whimsical approach to the shooter formula.",Cute-em-up shooter,games,,,True,False,,184,2026-08-27,,
vault/games/fatal-fury.mdx,vault,/vault/games/fatal-fury/,Fatal Fury,Fatal Fury established SNK's fighting game legacy with multi-plane combat and characters who would define the company's crossover universe for decades.,SNK's fighting foundation,games,,,True,False,,169,2026-08-27,,
vault/games/fifa.mdx,vault,/vault/games/fifa/,FIFA,"FIFA leveraged official licenses and annual iterations to dominate football gaming commercially, becoming EA's most valuable sports franchise despite gameplay debates.",Licensed football dominance,games,,,True,False,,188,2026-08-27,,
vault/games/final-fantasy-tactics.mdx,vault,/vault/games/final-fantasy-tactics/,Final Fantasy Tactics,"Square's tactical RPG combined isometric grid combat with a dense political narrative, becoming one of the PlayStation's most beloved strategy games.",War of the Lions,games,,,True,False,,160,2026-09-01,,
vault/games/final-fantasy-vii.mdx,vault,/vault/games/final-fantasy-vii/,Final Fantasy VII,"Final Fantasy VII brought Japanese RPGs to Western mainstream audiences with cinematic FMV, a memorable cast, and an industrial fantasy world that sold millions of PlayStations.",RPG goes mainstream,games,,,True,False,,190,2026-08-27,,
vault/games/final-fantasy.mdx,vault,/vault/games/final-fantasy/,Final Fantasy,"Final Fantasy was meant to be Square's last game. Instead, it saved the company and launched one of gaming's most enduring franchises.",Square's desperate gamble,games,,,True,False,,311,2026-08-27,,
vault/games/final-fight.mdx,vault,/vault/games/final-fight/,Final Fight,"Final Fight refined the beat-em-up formula with three playable characters, memorable enemies, and polished combat that established Capcom's dominance in the genre.",Capcom's beat-em-up benchmark,games,,,True,False,,204,2026-08-27,,
vault/games/fire-emblem.mdx,vault,/vault/games/fire-emblem/,Fire Emblem,"Fire Emblem combined tactical combat with permanent death, creating emotional stakes where fallen units stayed dead and every battle decision mattered.",Tactical RPG with consequences,games,,,True,False,,162,2026-09-01,,
vault/games/flashback.mdx,vault,/vault/games/flashback/,Flashback,"Flashback delivered cinematic rotoscoped animation, a complex sci-fi narrative, and demanding platforming that made it feel like a Hollywood production.",The CD-ROM game on cartridge,games,,,True,False,,249,2026-08-27,,
vault/games/football-manager-1982.mdx,vault,/vault/games/football-manager-1982/,Football Manager (1982),"Kevin Toms wrote it for the ZX81, and Addictive Games advertised it as a great new game in February 1982. It reached the Spectrum that September, took a Golden Joystick nomination, and invented the management game.","A game about running the club, sold by mail order from Milton Keynes",games,,,True,False,,746,2026-08-27,,
vault/games/football-manager.mdx,vault,/vault/games/football-manager/,Football Manager,"Sports Interactive's *Football Manager* series let players manage every detail of a football club, creating obsessive depth that has consumed millions of hours.",The beautiful spreadsheet,games,,,True,False,,186,2026-09-01,,
vault/games/frogger.mdx,vault,/vault/games/frogger/,Frogger,"Konami's 1981 arcade hit turned crossing the road into an art form, spawning countless ports and cementing the grid-based action genre.",Look both ways,games,,,True,False,,386,2026-08-27,,
vault/games/full-throttle.mdx,vault,/vault/games/full-throttle/,Full Throttle,"Full Throttle put players in the leather jacket of biker gang leader Ben, framed for murder in a stylish adventure that prioritised atmosphere and attitude over puzzle complexity.",Biker adventure,games,,,True,False,,199,2026-08-27,,
vault/games/galaga.mdx,vault,/vault/games/galaga/,Galaga,"Galaga refined the fixed shooter formula with challenging attack patterns, the revolutionary capture mechanic, and addictive score-chasing that kept arcades profitable for years.",Galaxian evolved,games,,,True,False,,263,2026-08-27,,
vault/games/galaxian.mdx,vault,/vault/games/galaxian/,Galaxian,"Namco's 1979 space shooter that evolved Space Invaders with diving enemies, individual AI, and RGB colour graphics - the true ancestor of Galaga.",The diving aliens,games,,,True,False,,298,2026-08-27,,
vault/games/garou-mark-of-the-wolves.mdx,vault,/vault/games/garou-mark-of-the-wolves/,Garou: Mark of the Wolves,Garou: Mark of the Wolves refined SNK's fighting game craft into a competitive masterpiece with the T.O.P. system and Just Defend mechanics beloved by enthusiasts.,SNK's masterpiece,games,,,True,False,,172,2026-08-27,,
vault/games/gauntlet.mdx,vault,/vault/games/gauntlet/,Gauntlet,Atari's four-player dungeon crawler ate quarters by design and spawned a genre of cooperative action games.,Warrior needs food badly,games,,,True,False,,369,2026-08-27,,
vault/games/geometry-wars.mdx,vault,/vault/games/geometry-wars/,Geometry Wars,"Bizarre Creations' *Geometry Wars* helped launch Xbox Live Arcade and proved that small, focused games could thrive in the digital marketplace.",Twin-stick perfection,games,,,True,False,,162,2026-08-27,,
vault/games/ghosts-n-goblins.mdx,vault,/vault/games/ghosts-n-goblins/,Ghosts 'n Goblins,"Capcom's brutal 1985 platformer sent Arthur through graveyards and dungeons in his underwear, teaching patience through punishment.",This game is hard,games,,,True,False,,328,2026-08-27,,
vault/games/ghouls-n-ghosts.mdx,vault,/vault/games/ghouls-n-ghosts/,Ghouls 'n Ghosts,"Ghouls 'n Ghosts refined the punishing action of Ghosts 'n Goblins with improved controls, new weapons, and the infamous requirement to complete the game twice for the true ending.",Arthur returns,games,,,True,False,,204,2026-08-27,,
vault/games/gods.mdx,vault,/vault/games/gods/,Gods,"The Bitmap Brothers' 1991 platformer combined puzzle-solving, combat, and their signature metallic aesthetic.",Bitmap Brothers perfection,games,,,True,False,,292,2026-08-27,,
vault/games/golden-axe.mdx,vault,/vault/games/golden-axe/,Golden Axe,"Golden Axe brought fantasy to the beat-em-up genre, combining hack-and-slash combat with rideable beasts and screen-clearing magic.",Fantasy brawling,games,,,True,False,,243,2026-08-27,,
vault/games/golden-sun.mdx,vault,/vault/games/golden-sun/,Golden Sun,"Golden Sun brought console-quality JRPG production to Game Boy Advance with impressive visuals, Djinn collection, and puzzle-heavy exploration.",Handheld JRPG ambition,games,,,True,False,,152,2026-08-27,,
vault/games/goldeneye-007.mdx,vault,/vault/games/goldeneye-007/,GoldenEye 007,"GoldenEye 007 proved first-person shooters could work on consoles, combining licensed gameplay with innovative multiplayer that defined countless gaming nights.",Console FPS revolution,games,,,True,False,,284,2026-08-27,,
vault/games/gone-home.mdx,vault,/vault/games/gone-home/,Gone Home,"Gone Home pioneered the environmental storytelling genre, letting players piece together a family's story by exploring an empty house.",A story told through exploration,games,,,True,False,,123,2026-08-27,,
vault/games/gradius.mdx,vault,/vault/games/gradius/,Gradius,"Konami's pioneering side-scroller introduced the power-up bar, the Moai heads, and gaming's most famous cheat code.",The shooter that defined a genre,games,,,True,False,,360,2026-08-27,,
vault/games/gran-turismo.mdx,vault,/vault/games/gran-turismo/,Gran Turismo,"Gran Turismo brought simulation racing to consoles with unprecedented car authenticity, physics modelling, and a license structure that taught players to drive before letting them race.",The real driving simulator,games,,,True,False,,150,2026-09-01,,
vault/games/grand-theft-auto.mdx,vault,/vault/games/grand-theft-auto/,Grand Theft Auto,"DMA Design's Grand Theft Auto established open-world crime gameplay from a top-down perspective, creating a controversial franchise that would reshape the industry.",Top-down transgression,games,,,True,False,,259,2026-08-27,,
vault/games/grannys-garden.mdx,vault,/vault/games/grannys-garden/,Granny's Garden,The 1983 BBC Micro educational adventure that traumatised and educated a generation of British schoolchildren.,Educational terror,games,,,True,False,,257,2026-08-27,,
vault/games/grim-fandango.mdx,vault,/vault/games/grim-fandango/,Grim Fandango,Grim Fandango merged film noir with Día de los Muertos mythology in a 3D adventure following travel agent Manny Calavera through the Land of the Dead.,Art deco afterlife,games,,,True,False,,198,2026-08-27,,
vault/games/gta-iii.mdx,vault,/vault/games/gta-iii/,Grand Theft Auto III,"Grand Theft Auto III transformed the series into a 3D open world, creating the modern sandbox crime game and establishing Rockstar as industry leaders.",3D crime sandbox,games,,,True,False,,343,2026-08-27,,
vault/games/guitar-hero.mdx,vault,/vault/games/guitar-hero/,Guitar Hero,"Guitar Hero brought rhythm gaming to Western audiences with its guitar controller and rock soundtrack, creating a cultural phenomenon before the genre's collapse.",Rock star fantasy,games,,,True,False,,176,2026-08-27,,
vault/games/gunstar-heroes.mdx,vault,/vault/games/gunstar-heroes/,Gunstar Heroes,"Gunstar Heroes announced Treasure's arrival with relentless action, combinable weapons, and technical wizardry that pushed the Mega Drive far beyond its assumed limits.",Treasure's explosive debut,games,,,True,False,,225,2026-08-27,,
vault/games/hades.mdx,vault,/vault/games/hades/,Hades,"Hades proved roguelike structure could serve narrative, weaving Greek mythology through runs where death advanced the story and relationships persisted across attempts.",Roguelike narrative,games,,,True,False,,188,2026-08-27,,
vault/games/half-life-2.mdx,vault,/vault/games/half-life-2/,Half-Life 2,"Valve's *Half-Life 2* redefined first-person storytelling with physics-based gameplay, facial animation, and the Source engine that powered a generation.","Rise and shine, Mr. Freeman",games,,,True,False,,158,2026-08-27,,
vault/games/half-life.mdx,vault,/vault/games/half-life/,Half-Life,"Half-Life transformed first-person shooters through seamless storytelling, scripted sequences, and intelligent AI, proving the genre could deliver cinematic experiences without cutscenes.",Narrative FPS revolution,games,,,True,False,,198,2026-08-27,,
vault/games/halo.mdx,vault,/vault/games/halo/,Halo: Combat Evolved,"Bungie's *Halo* launched with the Xbox and proved console shooters could rival PC games, establishing a franchise that defined Xbox gaming.",Xbox's killer app,games,,,True,False,,160,2026-08-27,,
vault/games/hang-on.mdx,vault,/vault/games/hang-on/,Hang-On,"Hang-On pioneered the full-body arcade experience with its motorcycle cabinet, letting players lean into turns while racing through scenic courses at impossible speeds.",Arcade motorcycle racing,games,,,True,False,,186,2026-08-27,,
vault/games/hard-drivin.mdx,vault,/vault/games/hard-drivin/,Hard Drivin',"Atari's *Hard Drivin'* brought filled polygon 3D graphics to the arcade, creating a driving simulation that felt startlingly real for 1989.",Polygon pioneer,games,,,True,False,,153,2026-09-01,,
vault/games/head-over-heels.mdx,vault,/vault/games/head-over-heels/,Head Over Heels,Jon Ritman and Bernie Drummond's isometric masterpiece split control between two characters with complementary abilities.,Two heads are better than one,games,,,True,False,,401,2026-08-27,,
vault/games/heavy-on-the-magick.mdx,vault,/vault/games/heavy-on-the-magick/,Heavy on the Magick,Gargoyle Games' 1986 adventure held #1 in the Adventure chart three separate times while sitting at #16 in the general one — the sharpest genre split in this library's data.,"Number one and number sixteen, at once",games,,,True,False,,484,2026-08-27,,
vault/games/hitman.mdx,vault,/vault/games/hitman/,Hitman,"Hitman transformed contract killing into puzzle-solving, giving players elaborate sandboxes where disguises, timing, and creativity determined how targets met their end.",Assassination sandbox,games,,,True,False,,161,2026-08-27,,
vault/games/hollow-knight.mdx,vault,/vault/games/hollow-knight/,Hollow Knight,"Hollow Knight delivered a vast, melancholic Metroidvania through hand-drawn insect kingdoms, challenging combat, and secrets that rewarded dozens of hours of exploration.",Bug souls,games,,,True,False,,182,2026-09-01,,
vault/games/homeworld.mdx,vault,/vault/games/homeworld/,Homeworld,"Homeworld brought real-time strategy into three dimensions with a persistent fleet, haunting atmosphere, and the emotional journey of a civilisation seeking its origins.",Space opera RTS,games,,,True,False,,183,2026-08-27,,
vault/games/hotline-miami.mdx,vault,/vault/games/hotline-miami/,Hotline Miami,Dennaton Games' *Hotline Miami* combined ultraviolent top-down action with surreal narrative and pulsing synthwave to create an unforgettable fever dream.,Do you like hurting other people?,games,,,True,False,,161,2026-08-27,,
vault/games/house-of-the-dead.mdx,vault,/vault/games/house-of-the-dead/,The House of the Dead,"Sega's 1996 arcade horror shooter that combined B-movie zombie aesthetics with light gun gameplay, spawning a beloved franchise.",Aim for the head,games,,,True,False,,337,2026-08-27,,
vault/games/hypersports.mdx,vault,/vault/games/hypersports/,Hypersports,"Konami's multi-event arcade game converted by Joffa Smith for Imagine — number one in November 1985, and the game that taught a generation what a broken joystick sounds like.","Joffa, and the destruction of joysticks",games,,,True,False,,290,2026-08-27,,
vault/games/ice-climber.mdx,vault,/vault/games/ice-climber/,Ice Climber,"Ice Climber sent Popo and Nana hammering upward through icy platforms, breaking blocks and avoiding enemies in vertical-scrolling cooperative platforming.",Vertical platforming,games,,,True,False,,225,2026-08-27,,
vault/games/icewind-dale.mdx,vault,/vault/games/icewind-dale/,Icewind Dale,Icewind Dale used the Baldur's Gate engine for a different purpose—a combat-heavy dungeon crawler where players created their entire party and fought through the frozen north.,Combat-focused dungeon crawl,games,,,True,False,,184,2026-08-27,,
vault/games/impossible-mission.mdx,vault,/vault/games/impossible-mission/,Impossible Mission,"Epyx's 1984 platform puzzler combined speech synthesis, smooth animation, and devious puzzles in one unforgettable package.",Stay a while... stay forever!,games,,,True,False,,511,2026-08-27,,
vault/games/inscryption.mdx,vault,/vault/games/inscryption/,Inscryption,"Daniel Mullins' *Inscryption* begins as a cabin-escape card game and becomes something far stranger, subverting expectations at every turn.",The cards are lying to you,games,,,True,False,,163,2026-08-27,,
vault/games/international-karate-plus.mdx,vault,/vault/games/international-karate-plus/,International Karate+,"System 3's fighting game sequel added a third simultaneous fighter, creating chaotic competitive brilliance.","Three fighters, one screen",games,,,True,False,,364,2026-08-27,,
vault/games/international-karate.mdx,vault,/vault/games/international-karate/,International Karate,"System 3's 1985 fighting game took on Way of the Exploding Fist and split the critics down the middle — CRASH gave it 68%, Sinclair User gave it five out of five. In America it was published by Epyx as World Karate Championship, and a US court ordered both versions recalled in 1987.","68% from CRASH, five stars from Sinclair User, and recalled from America",games,,,True,False,,475,2026-08-27,,
vault/games/jackal.mdx,vault,/vault/games/jackal/,Jackal,"Jackal sent players driving military jeeps through enemy territory, rescuing POWs and battling through vertically scrolling battlefields in intense cooperative action.",Jeep rescue action,games,,,True,False,,195,2026-08-27,,
vault/games/jet-set-radio.mdx,vault,/vault/games/jet-set-radio/,Jet Set Radio,"Jet Set Radio pioneered cel-shaded graphics while delivering stylish inline skating and graffiti culture, creating an aesthetic that defined Dreamcast's creative ambition.",Cel-shaded rebellion,games,,,True,False,,150,2026-08-27,,
vault/games/jet-set-willy.mdx,vault,/vault/games/jet-set-willy/,Jet Set Willy,"The 1984 sequel to Manic Miner: sixty single-screen rooms, 83 objects to collect, a colour-code card you had to keep, beeper music looping under everything — and a release that shipped with a bug in The Attic that could not be recovered from without reloading. CRASH mapped the mansion; it declined, at first, to publish the POKEs.","Matthew Smith's mansion epic, bugs and all",games,,,True,False,,1380,2026-08-29,,
vault/games/jetpac.mdx,vault,/vault/games/jetpac/,Jetpac,"Jetpac launched Ultimate Play the Game with addictive single-screen action, challenging players to build a rocket while fighting aliens across increasingly difficult waves.",Ultimate's debut,games,,,True,False,,345,2026-08-29,,
vault/games/joust.mdx,vault,/vault/games/joust/,Joust,"Joust replaced shooting with jousting physics, pitting players against enemies and each other on flying ostriches in one of gaming's most original concepts.",Competitive flying,games,,,True,False,,255,2026-08-27,,
vault/games/judge-dredd.mdx,vault,/vault/games/judge-dredd/,Judge Dredd,"2000 AD's future lawman appeared in numerous games, from early 8-bit action titles to arcade shooters, with varying degrees of quality and authenticity.",I am the law,games,,,True,False,,165,2026-08-27,,
vault/games/karateka.mdx,vault,/vault/games/karateka/,Karateka,"Karateka pioneered cinematic game design with rotoscoped animation, dramatic camera angles, and storytelling techniques that Jordan Mechner would later refine in Prince of Persia.",Cinematic martial arts,games,,,True,False,,219,2026-08-27,,
vault/games/katamari-damacy.mdx,vault,/vault/games/katamari-damacy/,Katamari Damacy,"Keita Takahashi's *Katamari Damacy* tasked players with rolling up everything from thumbtacks to continents, creating joy through absurdist escalation.",Roll up the world,games,,,True,False,,168,2026-08-27,,
vault/games/kid-icarus.mdx,vault,/vault/games/kid-icarus/,Kid Icarus,"Kid Icarus blended vertical platforming with Greek mythology as the angel Pit escaped the Underworld, combining exploration, RPG elements, and punishing difficulty.",Greek mythology action,games,,,True,False,,222,2026-08-27,,
vault/games/killer-instinct.mdx,vault,/vault/games/killer-instinct/,Killer Instinct,"Killer Instinct combined pre-rendered graphics with an innovative combo system, creating Rare's answer to the fighting game boom with spectacular audio-visual presentation.",Ultra combo,games,,,True,False,,163,2026-08-27,,
vault/games/king-of-fighters.mdx,vault,/vault/games/king-of-fighters/,The King of Fighters,"The King of Fighters united SNK's fighting game universes into team-based tournaments, creating an annual franchise with deep mechanics beloved by competitive players.",Team battle royale,games,,,True,False,,163,2026-08-27,,
vault/games/kings-quest.mdx,vault,/vault/games/kings-quest/,King's Quest,"King's Quest pioneered graphic adventures with animated characters exploring fairy tale worlds, establishing Sierra as the adventure game company and Roberta Williams as its creative force.",Sierra's fairy tale,games,,,True,False,,206,2026-08-27,,
vault/games/kirby.mdx,vault,/vault/games/kirby/,Kirby's Dream Land,"Kirby's Dream Land introduced the adorable pink hero with his signature inhale ability, delivering accessible platforming that welcomed newcomers while hiding surprising depth.",Pink puff debut,games,,,True,False,,223,2026-08-27,,
vault/games/knight-lore.mdx,vault,/vault/games/knight-lore/,Knight Lore,"Ultimate's Knight Lore introduced the Filmation isometric engine — solid 3D rooms with depth, occlusion, and walkable space — on a 48K Spectrum. Released late 1984, it advanced the platform's expectations by roughly a year overnight and spawned the British isometric arcade-adventure genre.",The 1984 game that re-set what the ZX Spectrum could do,games,,,True,False,,837,2026-08-29,,
vault/games/kotor.mdx,vault,/vault/games/kotor/,Star Wars: Knights of the Old Republic,"KOTOR proved Star Wars could transcend action games, delivering a narrative RPG where player choices determined whether you saved the galaxy or ruled it through the dark side.",Choose your path,games,,,True,False,,191,2026-08-27,,
vault/games/kung-fu-master.mdx,vault,/vault/games/kung-fu-master/,Kung-Fu Master,"Kung-Fu Master established the side-scrolling beat-em-up formula, sending a lone martial artist through floors of enemies to rescue his kidnapped girlfriend.",Beat-em-up template,games,,,True,False,,235,2026-08-27,,
vault/games/landstalker.mdx,vault,/vault/games/landstalker/,Landstalker,"Landstalker delivered Zelda-style adventure from an isometric perspective, challenging players with tricky platforming and puzzle-solving across a treasure-hunting quest.",Isometric adventure,games,,,True,False,,204,2026-08-27,,
vault/games/laser-squad.mdx,vault,/vault/games/laser-squad/,Laser Squad,"Laser Squad pioneered the turn-based tactical combat genre, laying groundwork for X-COM and modern tactical RPGs.",Foundation of tactical combat,games,,,True,False,,450,2026-08-27,,
vault/games/legend-of-zelda-ocarina-of-time.mdx,vault,/vault/games/legend-of-zelda-ocarina-of-time/,The Legend of Zelda: Ocarina of Time,"Ocarina of Time translated Zelda into 3D with revolutionary Z-targeting, context-sensitive controls, and a time-spanning narrative that set the template for 3D action-adventure games.",3D adventure perfected,games,,,True,False,,160,2026-08-27,,
vault/games/legend-of-zelda.mdx,vault,/vault/games/legend-of-zelda/,The Legend of Zelda,"Miyamoto's action-adventure masterpiece gave players an open world, battery-backed saves, and a sense of discovery that defined a genre.",A world to explore,games,,,True,False,,371,2026-08-27,,
vault/games/leisure-suit-larry.mdx,vault,/vault/games/leisure-suit-larry/,Leisure Suit Larry,"Leisure Suit Larry followed a hapless lounge lizard's romantic misadventures, bringing adult humour to adventure games while hiding surprisingly clever puzzles behind age verification.",Adult comedy adventure,games,,,True,False,,209,2026-08-27,,
vault/games/lemmings.mdx,vault,/vault/games/lemmings/,Lemmings,DMA Design's 1991 puzzle phenomenon challenged players to save suicidal rodents through clever skill assignment.,Let's go!,games,,,True,False,,318,2026-08-27,,
vault/games/life-force.mdx,vault,/vault/games/life-force/,Life Force,"Life Force (Salamander) alternated horizontal and vertical scrolling as players flew through a massive alien organism, featuring cooperative play and Gradius-style power-ups.",Organic shooter,games,,,True,False,,193,2026-08-27,,
vault/games/life-is-strange.mdx,vault,/vault/games/life-is-strange/,Life is Strange,"Life is Strange combined episodic narrative with time manipulation mechanics, exploring teenage life, friendship, and consequence through player choice.",Time-rewinding drama,games,,,True,False,,326,2026-09-01,,
vault/games/links-awakening.mdx,vault,/vault/games/links-awakening/,The Legend of Zelda: Link's Awakening,"Link's Awakening brought Zelda's exploration to Game Boy with a surreal island setting, memorable characters, and a bittersweet narrative that transcended hardware limitations.",Dream island adventure,games,,,True,False,,168,2026-08-27,,
vault/games/lionheart.mdx,vault,/vault/games/lionheart/,Lionheart: Legacy of the Crusader,Black Isle/Reflexive's *Lionheart* combined *Fallout*-style SPECIAL character creation with an alternate history where the Crusades released magic into the world.,What if history had magic?,games,,,True,False,,167,2026-08-27,,
vault/games/little-nemo.mdx,vault,/vault/games/little-nemo/,Little Nemo: The Dream Master,"Little Nemo: The Dream Master let players feed candy to animals and ride them, gaining unique abilities to explore dreamworlds in this charming Capcom platformer.",Animal transformation dreams,games,,,True,False,,203,2026-08-27,,
vault/games/littlebigplanet.mdx,vault,/vault/games/littlebigplanet/,LittleBigPlanet,"Media Molecule's LittleBigPlanet gave players tools to create and share their own levels, establishing user-generated content as a pillar of modern game design.","Play, create, share",games,,,True,False,,263,2026-08-27,,
vault/games/lode-runner.mdx,vault,/vault/games/lode-runner/,Lode Runner,Lode Runner combined puzzle-platforming with a level editor that let players create and share their own challenges—a template for user-generated content decades before Minecraft.,The original level editor,games,,,True,False,,249,2026-08-27,,
vault/games/lords-of-midnight.mdx,vault,/vault/games/lords-of-midnight/,Lords of Midnight,Mike Singleton's 1984 epic generated a whole explorable world from a map instead of storing it — and stayed in the charts for two years.,"32,000 views, 48 kilobytes",games,,,True,False,,489,2026-08-27,,
vault/games/lumines.mdx,vault,/vault/games/lumines/,Lumines,"Lumines merged falling-block puzzling with electronic music, creating a PSP launch title where gameplay and soundtrack became inseparable experiences.",Puzzle synaesthesia,games,,,True,False,,153,2026-08-27,,
vault/games/lure-of-the-temptress.mdx,vault,/vault/games/lure-of-the-temptress/,Lure of the Temptress,"Revolution Software's debut combined point-and-click adventure with innovative NPC routines, setting the stage for *Beneath a Steel Sky* and *Broken Sword*.",Revolution begins,games,,,True,False,,164,2026-08-27,,
vault/games/madden.mdx,vault,/vault/games/madden/,Madden NFL,"EA's *Madden* franchise has dominated American football gaming for over three decades, becoming synonymous with the sport itself.","If it's in the game, it's in the game",games,,,True,False,,155,2026-08-27,,
vault/games/maniac-mansion.mdx,vault,/vault/games/maniac-mansion/,Maniac Mansion,"Maniac Mansion established the point-and-click adventure genre with its SCUMM engine, multiple playable characters, and irreverent humour that defined LucasArts.",Point and click pioneer,games,,,True,False,,267,2026-08-27,,
vault/games/manic-miner.mdx,vault,/vault/games/manic-miner/,Manic Miner,"Matthew Smith's 1983 platformer for the ZX Spectrum: twenty single-screen rooms of precision jumping, mutating phones and seal-launching robots, and a beeper soundtrack that never stops — Grieg's 'In the Hall of the Mountain King' looping under the whole game. On sale and reviewed by August 1983, three months earlier than the date usually given.","Twenty caverns, In the Hall of the Mountain King, and a seventeen-year-old",games,,,True,False,,1589,2026-08-29,,
vault/games/marble-madness.mdx,vault,/vault/games/marble-madness/,Marble Madness,"Marble Madness challenged players to guide a marble through isometric obstacle courses against the clock, pioneering the trackball racing genre with Atari's FM synthesis sound.",Isometric racing,games,,,True,False,,265,2026-08-27,,
vault/games/mario-bros.mdx,vault,/vault/games/mario-bros/,Mario Bros.,"Nintendo's 1983 arcade game that introduced Luigi, established Mario's plumber identity, and pioneered simultaneous two-player cooperative (and competitive) gameplay.",Before the Super,games,,,True,False,,357,2026-08-27,,
vault/games/mario-kart-64.mdx,vault,/vault/games/mario-kart-64/,Mario Kart 64,Mario Kart 64 brought kart racing to 3D with four-player split-screen multiplayer that made it a defining social experience of the Nintendo 64 era.,Four-player mayhem,games,,,True,False,,144,2026-09-01,,
vault/games/mario-tennis.mdx,vault,/vault/games/mario-tennis/,Mario Tennis,"Camelot Software's *Mario Tennis* combined accessible controls with surprising depth, creating Nintendo's premier sports franchise outside of *Mario Kart*.",Camelot's court,games,,,True,False,,181,2026-08-27,,
vault/games/mass-effect.mdx,vault,/vault/games/mass-effect/,Mass Effect,"Mass Effect built a science fiction universe rivalling Star Trek in depth, letting players shape Commander Shepard's personality and relationships across a trilogy where choices carried forward.",Commander Shepard's galaxy,games,,,True,False,,165,2026-08-27,,
vault/games/match-day.mdx,vault,/vault/games/match-day/,Match Day,"Jon Ritman's football game for Ocean charted for a year and returned as Match Day II, which reached number one — the rare case of a sequel outperforming the original on every measure.","Ritman's football, and a sequel that went to number one",games,,,True,False,,396,2026-08-29,,
vault/games/mega-man-2.mdx,vault,/vault/games/mega-man-2/,Mega Man 2,"Mega Man 2 refined everything from its predecessor, delivering tight platforming, memorable boss battles, and one of gaming's greatest soundtracks.",Blue bomber perfected,games,,,True,False,,268,2026-08-27,,
vault/games/mega-man.mdx,vault,/vault/games/mega-man/,Mega Man,"Capcom's 1987 NES platformer introduced weapon-stealing mechanics and non-linear stage selection, launching one of gaming's longest franchises.",The Blue Bomber,games,,,True,False,,317,2026-08-27,,
vault/games/metal-gear-solid.mdx,vault,/vault/games/metal-gear-solid/,Metal Gear Solid,"Metal Gear Solid reinvented stealth gaming with cinematic presentation, codec conversations, and fourth-wall-breaking moments that made players feel like action movie protagonists.",Tactical espionage action,games,,,True,False,,195,2026-08-27,,
vault/games/metal-slug.mdx,vault,/vault/games/metal-slug/,Metal Slug,"Metal Slug delivered exquisitely animated run-and-gun action on Neo Geo hardware, combining Contra-style gameplay with cartoon visuals, vehicle combat, and dark military humour.",Run-and-gun perfection,games,,,True,False,,209,2026-08-27,,
vault/games/metroid-ii.mdx,vault,/vault/games/metroid-ii/,Metroid II: Return of Samus,"Metroid II brought Samus's exploration to Game Boy, tasking players with exterminating the Metroid species across the labyrinthine caves of SR388.",Handheld isolation,games,,,True,False,,178,2026-08-27,,
vault/games/metroid-prime.mdx,vault,/vault/games/metroid-prime/,Metroid Prime,"Retro Studios translated *Metroid*'s atmospheric exploration into first-person, creating one of the GameCube's defining experiences.",First-person isolation,games,,,True,False,,158,2026-09-01,,
vault/games/metroid.mdx,vault,/vault/games/metroid/,Metroid,"Nintendo's atmospheric action-adventure introduced Samus Aran, non-linear exploration, and the template for an entire genre.",Alone in the dark,games,,,True,False,,357,2026-08-27,,
vault/games/micro-machines.mdx,vault,/vault/games/micro-machines/,Micro Machines,"Codemasters' 1991 top-down racing game featuring miniature vehicles racing across household environments—breakfast tables, pool tables, and garden paths.","Tiny cars, giant fun",games,,,True,False,,237,2026-08-27,,
vault/games/microsoft-flight-simulator.mdx,vault,/vault/games/microsoft-flight-simulator/,Microsoft Flight Simulator,"The *Flight Simulator* series set the standard for aviation simulation across four decades, from 1982's wireframes to 2020's planet-scale photorealism.",The sky above your desk,games,,,True,False,,155,2026-08-27,,
vault/games/minecraft.mdx,vault,/vault/games/minecraft/,Minecraft,"Minecraft's procedural voxel world and creative freedom made it the best-selling game of all time, transforming indie development and spawning an entire genre of survival crafting games.",Block by block,games,,,True,False,,172,2026-08-27,,
vault/games/missile-command.mdx,vault,/vault/games/missile-command/,Missile Command,"Missile Command captured nuclear age anxiety in game form, challenging players to defend cities against relentless ICBM attacks using limited anti-missile batteries.",Cold War defence,games,,,True,False,,183,2026-08-27,,
vault/games/monkey-island.mdx,vault,/vault/games/monkey-island/,The Secret of Monkey Island,"The Secret of Monkey Island perfected the point-and-click adventure with witty writing, memorable characters, and puzzles that challenged without frustrating.",Mighty pirate adventure,games,,,True,False,,285,2026-08-27,,
vault/games/monty-on-the-run.mdx,vault,/vault/games/monty-on-the-run/,Monty on the Run,"Gremlin's platformer took 94% in CRASH on the Spectrum, and is remembered on the C64 for Rob Hubbard's loading theme — one game, two reputations.",Freedom for Monty,games,,,True,False,,373,2026-08-27,,
vault/games/moon-patrol.mdx,vault,/vault/games/moon-patrol/,Moon Patrol,"Moon Patrol introduced parallax scrolling to arcade games, creating an illusion of depth as players drove a lunar buggy across the moon's surface, jumping craters and shooting enemies.",Parallax pioneer,games,,,True,False,,186,2026-08-27,,
vault/games/morrowind.mdx,vault,/vault/games/morrowind/,The Elder Scrolls III: Morrowind,"Morrowind dropped players into Vvardenfell's alien landscape without hand-holding, trusting them to find their own path through a world of giant mushrooms, enslaved races, and dying gods.",Alien world,games,,,True,False,,188,2026-08-27,,
vault/games/mortal-kombat.mdx,vault,/vault/games/mortal-kombat/,Mortal Kombat,"Mortal Kombat shocked arcades with digitised violence and fatality finishers, sparking controversy that led to the ESRB rating system while building a fighting game empire.",Finish him,games,,,True,False,,171,2026-08-27,,
vault/games/myst.mdx,vault,/vault/games/myst/,Myst,"Myst dropped players onto a mysterious island with no instructions, selling millions of copies and proving that atmospheric puzzle games could find mainstream audiences.",CD-ROM phenomenon,games,,,True,False,,197,2026-08-27,,
vault/games/nba-jam.mdx,vault,/vault/games/nba-jam/,NBA Jam,"NBA Jam abandoned basketball simulation for two-on-two arcade mayhem with impossible dunks, burning basketballs, and commentary that entered the cultural lexicon.",Boomshakalaka,games,,,True,False,,164,2026-08-27,,
vault/games/nebulus.mdx,vault,/vault/games/nebulus/,Nebulus,John Phillips' 1987 tower-climbing game created the illusion of 3D rotation on 8-bit hardware through clever programming.,The tower that turned,games,,,True,False,,347,2026-08-27,,
vault/games/nethack.mdx,vault,/vault/games/nethack/,NetHack,"NetHack expanded Rogue's foundation into one of gaming's deepest systems, where almost everything interacts with everything else across decades of community development.",Ascension or death,games,,,True,False,,185,2026-08-27,,
vault/games/neverwinter-nights.mdx,vault,/vault/games/neverwinter-nights/,Neverwinter Nights,"Neverwinter Nights shipped with a complete toolset that let players create and share their own D&D adventures, spawning a modding community that outlived the game's commercial lifespan.",Dungeon master's toolkit,games,,,True,False,,171,2026-08-27,,
vault/games/nhl-94.mdx,vault,/vault/games/nhl-94/,NHL '94,"NHL '94 achieved sports game balance that kept players returning decades later, with responsive controls, the one-timer mechanic, and gameplay that transcended its era.",Hockey perfection,games,,,True,False,,178,2026-08-27,,
vault/games/ninja-gaiden.mdx,vault,/vault/games/ninja-gaiden/,Ninja Gaiden,"Ninja Gaiden combined brutal difficulty with pioneering cutscenes, telling a revenge story through animated sequences that elevated NES storytelling.",Cinematic action,games,,,True,False,,246,2026-08-27,,
vault/games/no-mans-sky.mdx,vault,/vault/games/no-mans-sky/,No Man's Sky,Hello Games' No Man's Sky launched controversially incomplete but became gaming's greatest redemption story through years of free updates that delivered on original promises.,Redemption through persistence,games,,,True,False,,261,2026-08-27,,
vault/games/oregon-trail.mdx,vault,/vault/games/oregon-trail/,The Oregon Trail,The 1971 educational game that taught American children about westward expansion while killing their virtual families with disease.,You have died of dysentery,games,,,True,False,,273,2026-08-27,,
vault/games/out-run.mdx,vault,/vault/games/out-run/,Out Run,"Sega's 1986 arcade racer combined stunning visuals, branching routes, and a Ferrari Testarossa into the definitive driving fantasy.",Drive into the sunset,games,,,True,False,,598,2026-08-27,,
vault/games/outlast.mdx,vault,/vault/games/outlast/,Outlast,"Outlast thrust players into a nightmare asylum armed only with a camcorder, creating found-footage horror gaming that became a streaming sensation.",Night vision nightmare,games,,,True,False,,181,2026-08-27,,
vault/games/pac-man-atari-2600.mdx,vault,/vault/games/pac-man-atari-2600/,Pac-Man (Atari 2600),The notoriously poor 1982 port of Pac-Man for the Atari 2600 that sold millions yet disappointed everyone - a cautionary tale of overproduction and compromised quality.,The other crash catalyst,games,,,True,False,,360,2026-08-27,,
vault/games/pac-man.mdx,vault,/vault/games/pac-man/,Pac-Man,"Namco's 1980 maze-chase created gaming's first mascot, transcended arcades into mainstream culture, and taught the industry that characters sell.",Gaming's first icon,games,,,True,False,,361,2026-08-27,,
vault/games/panzer-dragoon.mdx,vault,/vault/games/panzer-dragoon/,Panzer Dragoon,"Panzer Dragoon combined rail-shooter action with a haunting post-apocalyptic world, establishing one of the Saturn's most distinctive franchises through atmosphere and artistry.",On dragon wings,games,,,True,False,,151,2026-09-01,,
vault/games/paperboy.mdx,vault,/vault/games/paperboy/,Paperboy,"Paperboy turned newspaper delivery into an obstacle course of dogs, cars, and lawn ornaments, with the unique goal of delivering papers while causing maximum property damage.",Suburban chaos,games,,,True,False,,251,2026-08-27,,
vault/games/paradroid.mdx,vault,/vault/games/paradroid/,Paradroid,Andrew Braybrook’s 1985 masterpiece blended shooter action with territory control aboard a hijacked robot freighter.,C64 strategy welded to arcade reflexes,games,,,True,False,,300,2026-08-27,,
vault/games/parappa-the-rapper.mdx,vault,/vault/games/parappa-the-rapper/,PaRappa the Rapper,PaRappa the Rapper pioneered the modern rhythm game with call-and-response gameplay and paper-thin visual style that influenced a generation of music games.,I gotta believe,games,,,True,False,,174,2026-08-27,,
vault/games/parodius.mdx,vault,/vault/games/parodius/,Parodius,"Parodius parodied Konami's own shooters with penguins, octopi, and Las Vegas showgirls, combining tight Gradius gameplay with surreal Japanese humour.",Gradius meets absurdity,games,,,True,False,,197,2026-08-27,,
vault/games/perfect-dark.mdx,vault,/vault/games/perfect-dark/,Perfect Dark,"Perfect Dark built on GoldenEye's foundation with simulant bots, weapon customisation, and Counter-Operative mode, pushing the N64 to its absolute limits.",GoldenEye evolved,games,,,True,False,,164,2026-08-27,,
vault/games/persona.mdx,vault,/vault/games/persona/,Persona,"Persona spun off from Shin Megami Tensei to explore teenage identity through Jungian psychology, blending dungeon crawling with social simulation in modern Japanese settings.",Face yourself,games,,,True,False,,187,2026-08-27,,
vault/games/phantasy-star.mdx,vault,/vault/games/phantasy-star/,Phantasy Star,"Phantasy Star brought Japanese RPG excellence to the Master System with 3D dungeons, a female protagonist, and science-fantasy storytelling that rivalled anything on Nintendo's platform.",Sega's epic RPG,games,,,True,False,,208,2026-08-27,,
vault/games/pillars-of-eternity.mdx,vault,/vault/games/pillars-of-eternity/,Pillars of Eternity,"Obsidian Entertainment's crowdfunded *Pillars of Eternity* revived the classic isometric RPG, proving appetite remained for deep, text-heavy adventures.",The Kickstarter resurrection,games,,,True,False,,158,2026-08-27,,
vault/games/pirates.mdx,vault,/vault/games/pirates/,Pirates!,"Sid Meier's Pirates! created open-world gaming in the 17th-century Caribbean, combining ship combat, fencing, trading, and exploration in a seamless sandbox adventure.",Caribbean open world,games,,,True,False,,218,2026-08-27,,
vault/games/pitfall.mdx,vault,/vault/games/pitfall/,Pitfall!,"David Crane's jungle adventure sold four million copies, proved third-party games could be best-in-class, and defined the platformer before Mario existed.",Swinging into history,games,,,True,False,,358,2026-08-27,,
vault/games/planescape-torment.mdx,vault,/vault/games/planescape-torment/,Planescape: Torment,Planescape: Torment asked 'What can change the nature of a man?' and delivered gaming's most celebrated narrative through an immortal protagonist exploring questions of identity and mortality.,Narrative transcendence,games,,,True,False,,202,2026-08-27,,
vault/games/planetfall.mdx,vault,/vault/games/planetfall/,Planetfall,"Steve Meretzky's *Planetfall* combined Infocom wit with genuine emotional impact, featuring a robot companion whose fate became gaming legend.",Floyd's sacrifice,games,,,True,False,,162,2026-08-27,,
vault/games/pokemon-gold-silver.mdx,vault,/vault/games/pokemon-gold-silver/,Pokémon Gold & Silver,"Pokémon Gold and Silver expanded the formula with day/night cycles, breeding, and a post-game return to Kanto that doubled the adventure's scope.",The perfect sequel,games,,,True,False,,160,2026-08-27,,
vault/games/pokemon-mystery-dungeon.mdx,vault,/vault/games/pokemon-mystery-dungeon/,Pokemon Mystery Dungeon,"Chunsoft's *Pokemon Mystery Dungeon* combined the roguelike dungeon crawling of *Shiren* with Pokemon collecting, creating an unexpectedly emotional series.",Roguelike meets Pokemon,games,,,True,False,,166,2026-08-27,,
vault/games/pokemon-red-blue.mdx,vault,/vault/games/pokemon-red-blue/,Pokémon Red & Blue,"Pokémon Red and Blue created a global phenomenon through monster collection, trading via link cable, and version exclusives that made social play essential.",Gotta catch 'em all,games,,,True,False,,159,2026-08-27,,
vault/games/pokemon.mdx,vault,/vault/games/pokemon/,Pokemon,"Pokemon created a global phenomenon through monster collection, strategic battling, and social trading that transcended gaming into multimedia dominance.",Gotta catch 'em all,games,,,True,False,,344,2026-08-27,,
vault/games/pole-position.mdx,vault,/vault/games/pole-position/,Pole Position,Pole Position established the behind-the-car racing perspective and sprite scaling techniques that defined racing games for a decade.,Racing revolution,games,,,True,False,,249,2026-08-27,,
vault/games/pong.mdx,vault,/vault/games/pong/,Pong,"Two paddles, one ball, endless quarters—Atari's Pong proved video games could be a business and launched an industry.",The game that started an industry,games,,,True,False,,408,2026-08-27,,
vault/games/populous.mdx,vault,/vault/games/populous/,Populous,"Bullfrog's Populous invented the god game genre, letting players reshape terrain and guide followers to dominance in a battle of divine powers.","Playing god, literally",games,,,True,False,,253,2026-09-01,,
vault/games/prince-of-persia.mdx,vault,/vault/games/prince-of-persia/,Prince of Persia,"Prince of Persia pioneered fluid rotoscoped animation in games, creating a cinematic platformer where precise movement through deadly traps became an art form.",Rotoscoped elegance,games,,,True,False,,257,2026-08-27,,
vault/games/pro-evolution-soccer.mdx,vault,/vault/games/pro-evolution-soccer/,Pro Evolution Soccer,"Pro Evolution Soccer prioritised gameplay authenticity over licenses, creating a football simulation beloved by purists who valued how it played over whose names appeared.",Beautiful game simulation,games,,,True,False,,178,2026-08-27,,
vault/games/punch-out.mdx,vault,/vault/games/punch-out/,Punch-Out!!,"Punch-Out!! challenged players to read opponent patterns and counter with precision timing, turning boxing into a puzzle game starring the undersized Little Mac against memorable caricatured opponents.",Pattern-based boxing,games,,,True,False,,231,2026-08-27,,
vault/games/puyo-puyo.mdx,vault,/vault/games/puyo-puyo/,Puyo Puyo,"Puyo Puyo combined falling-block puzzling with chain reaction mechanics, creating a competitive puzzle game that became a Japanese phenomenon and Sega staple.",Chain reaction mastery,games,,,True,False,,157,2026-08-27,,
vault/games/puzzle-bobble.mdx,vault,/vault/games/puzzle-bobble/,Puzzle Bobble,"Puzzle Bobble transformed Bubble Bobble's dragons into a colour-matching shooter, creating an accessible puzzle format that spawned countless imitators.",Aim and match,games,,,True,False,,164,2026-08-27,,
vault/games/qbert.mdx,vault,/vault/games/qbert/,Q*bert,"Q*bert challenged players to hop across pyramid cubes while avoiding enemies, becoming an arcade icon with distinctive visuals and synthesised swearing.",Isometric hopping,games,,,True,False,,261,2026-08-27,,
vault/games/quake.mdx,vault,/vault/games/quake/,Quake,"Quake brought true 3D graphics and online multiplayer to first-person shooters, establishing the technological and competitive foundations that define the genre today.",True 3D arrives,games,,,True,False,,199,2026-08-27,,
vault/games/r-type.mdx,vault,/vault/games/r-type/,R-Type,"Irem's 1987 shooter combined beautiful sprite art with the innovative Force pod, creating the definitive side-scrolling shooter.",The Force is with you,games,,,True,False,,486,2026-08-27,,
vault/games/raiden.mdx,vault,/vault/games/raiden/,Raiden,"Raiden distilled vertical shooting to its essence: satisfying weapons, challenging patterns, and two-player co-op that defined arcade shooting for the early 1990s.",Vertical shooting perfection,games,,,True,False,,174,2026-08-27,,
vault/games/rainbow-islands.mdx,vault,/vault/games/rainbow-islands/,Rainbow Islands,"Taito's 1987 sequel transformed Bub and Bob into human form, swapping bubbles for rainbows in vertical platforming perfection.",The story of Bubble Bobble 2,games,,,True,False,,291,2026-08-27,,
vault/games/rampage.mdx,vault,/vault/games/rampage/,Rampage,"Rampage let players become giant monsters destroying cities, punching buildings, eating people, and battling the military in gleeful urban destruction.",Monster destruction,games,,,True,False,,193,2026-08-27,,
vault/games/rayman.mdx,vault,/vault/games/rayman/,Rayman,"Rayman introduced Ubisoft's mascot through gorgeous 2D animation and challenging platforming, evolving from solo adventure to cooperative chaos.",Limbless platforming hero,games,,,True,False,,315,2026-08-27,,
vault/games/rc-pro-am.mdx,vault,/vault/games/rc-pro-am/,R.C. Pro-Am,"R.C. Pro-Am delivered addictive isometric racing with weapons and upgrades, showcasing Rare's technical prowess on the NES with smooth scrolling and detailed graphics.",Isometric racing,games,,,True,False,,206,2026-08-27,,
vault/games/red-alert.mdx,vault,/vault/games/red-alert/,Command & Conquer: Red Alert,"Red Alert reimagined World War II with Tesla coils and time travel, delivering faster gameplay and the iconic Hell March soundtrack while spawning its own beloved sub-series.",Hell march,games,,,True,False,,173,2026-08-27,,
vault/games/renegade.mdx,vault,/vault/games/renegade/,Renegade,Mike Lamb's conversion of Technos' beat-em-up sat at #2 for four consecutive months without ever reaching #1 — and brought street fighting to the British charts.,Four months at number two,games,,,True,False,,308,2026-08-27,,
vault/games/repton.mdx,vault,/vault/games/repton/,Repton,Superior Software's *Repton* series challenged BBC Micro owners with boulder-physics puzzles and spawned one of the platform's most beloved franchises.,Boulder-dodging on the Beeb,games,,,True,False,,169,2026-08-27,,
vault/games/resident-evil.mdx,vault,/vault/games/resident-evil/,Resident Evil,"Resident Evil codified survival horror with fixed camera angles, limited resources, and the Spencer Mansion's interconnected puzzles, creating a genre that terrified millions.",Survival horror defined,games,,,True,False,,185,2026-08-27,,
vault/games/reversi.mdx,vault,/vault/games/reversi/,Reversi,"Victorian board game Reversi—later trademarked as Othello—became a computer gaming staple, teaching territory control and forward thinking.",The flip side of strategy,games,,,True,False,,366,2026-08-27,,
vault/games/rez.mdx,vault,/vault/games/rez/,Rez,"Tetsuya Mizuguchi's *Rez* fused rail shooting with electronic music, creating an audio-visual experience where gameplay and sound became inseparable.",Synaesthesia in digital form,games,,,True,False,,170,2026-08-27,,
vault/games/river-city-ransom.mdx,vault,/vault/games/river-city-ransom/,River City Ransom,"River City Ransom combined side-scrolling brawling with RPG progression, letting players buy food, learn techniques, and build stats while punching through gang-controlled streets.",Beat-em-up meets RPG,games,,,True,False,,223,2026-08-27,,
vault/games/road-rash.mdx,vault,/vault/games/road-rash/,Road Rash,"Road Rash combined motorcycle racing with vehicular combat, letting players punch, kick, and club opponents while tearing down Californian highways.",Combat racing,games,,,True,False,,260,2026-08-27,,
vault/games/robot-odyssey.mdx,vault,/vault/games/robot-odyssey/,Robot Odyssey,The Learning Company's notoriously complex 1984 puzzle game where players programmed robots to escape an underground city.,The hardest game ever made,games,,,True,False,,290,2026-08-27,,
vault/games/robotron-2084.mdx,vault,/vault/games/robotron-2084/,Robotron: 2084,"Eugene Jarvis's Robotron: 2084 defined twin-stick shooting with its dual-joystick controls, relentless enemy waves, and the desperate goal of saving the last human family.",Twin-stick perfection,games,,,True,False,,259,2026-08-27,,
vault/games/rock-band.mdx,vault,/vault/games/rock-band/,Rock Band,"Harmonix expanded the *Guitar Hero* concept to full bands, letting four players perform together on drums, bass, guitar, and vocals.",Start a band in your living room,games,,,True,False,,174,2026-08-27,,
vault/games/rockys-boots.mdx,vault,/vault/games/rockys-boots/,Rocky's Boots,The Learning Company's 1982 game that taught Boolean logic and circuit design to children through engaging puzzles.,Logic gates for children,games,,,True,False,,251,2026-08-27,,
vault/games/rogue.mdx,vault,/vault/games/rogue/,Rogue,"Rogue created the roguelike genre with procedurally generated dungeons, permadeath, and ASCII graphics, establishing design principles that would influence games for decades.",The original permadeath,games,,,True,False,,180,2026-08-27,,
vault/games/roller-coaster-tycoon.mdx,vault,/vault/games/roller-coaster-tycoon/,RollerCoaster Tycoon,"RollerCoaster Tycoon let players build elaborate theme parks with custom coasters, achieving remarkable depth through code written entirely in assembly language by one developer.",Theme park management,games,,,True,False,,357,2026-09-01,,
vault/games/rolling-thunder.mdx,vault,/vault/games/rolling-thunder/,Rolling Thunder,"Rolling Thunder combined cover-based shooting with stylish spy aesthetics, tasking players with infiltrating enemy strongholds while managing limited ammunition.",Stylish spy action,games,,,True,False,,189,2026-08-27,,
vault/games/rygar.mdx,vault,/vault/games/rygar/,Rygar,"Rygar combined side-scrolling action with overhead exploration sections, sending a warrior with a yo-yo-like shield weapon through mythological landscapes.",Diskarmor warrior,games,,,True,False,,206,2026-08-27,,
vault/games/sabre-wulf.mdx,vault,/vault/games/sabre-wulf/,Sabre Wulf,"Ultimate's 1984 follow-up to Atic Atac dropped Sabreman into a 256-screen jungle, four amulet pieces to find, a Sabre Wulf that couldn't be killed — and proved the Spectrum could handle a world this size.",Ultimate's open-world jungle adventure,games,,,True,False,,874,2026-08-29,,
vault/games/salamander.mdx,vault,/vault/games/salamander/,Salamander,"Salamander brought simultaneous two-player action to Gradius-style shooting, with direct power-ups replacing the selection bar and organic alien environments.",Gradius goes co-op,games,,,True,False,,184,2026-08-27,,
vault/games/sam-and-max.mdx,vault,/vault/games/sam-and-max/,Sam & Max Hit the Road,"Sam & Max Hit the Road followed a dog detective and hyperkinetic rabbity thing across American roadside attractions, delivering surreal comedy through LucasArts' refined adventure formula.",Freelance police,games,,,True,False,,186,2026-08-27,,
vault/games/samurai-shodown.mdx,vault,/vault/games/samurai-shodown/,Samurai Shodown,"Samurai Shodown emphasised single decisive strikes over combo chains, creating a tense, methodical fighting game set in feudal Japan with distinctive SNK artistry.",Weapon-based precision,games,,,True,False,,164,2026-08-27,,
vault/games/scramble.mdx,vault,/vault/games/scramble/,Scramble,"Scramble established the side-scrolling shooter template with fuel management, terrain navigation, and multiple weapon types that defined the genre for decades.",Side-scrolling pioneer,games,,,True,False,,233,2026-08-27,,
vault/games/secret-of-mana.mdx,vault,/vault/games/secret-of-mana/,Secret of Mana,"Secret of Mana delivered real-time combat with three-player co-op on SNES, combining action gameplay with RPG progression in a vibrant world of Mana and ancient civilisation.",Action RPG harmony,games,,,True,False,,182,2026-09-01,,
vault/games/sega-rally.mdx,vault,/vault/games/sega-rally/,Sega Rally Championship,"Sega Rally Championship introduced surface-dependent handling to racing games, with tyres responding differently to asphalt, gravel, and mud in genre-defining rally action.",Surface matters,games,,,True,False,,146,2026-08-27,,
vault/games/sensible-soccer.mdx,vault,/vault/games/sensible-soccer/,Sensible Soccer,"Sensible Software stripped football to its essence—tiny players, aftertouch, and pure competitive joy.",Beautiful simplicity,games,,,True,False,,406,2026-08-27,,
vault/games/shadow-of-the-beast.mdx,vault,/vault/games/shadow-of-the-beast/,Shadow of the Beast,"Shadow of the Beast showcased the Amiga's graphical power with unprecedented parallax scrolling and atmospheric visuals, becoming a system-selling technical demonstration.",Parallax perfection,games,,,True,False,,383,2026-08-27,,
vault/games/shadowfire.mdx,vault,/vault/games/shadowfire/,Shadowfire,Denton Designs' 1985 squad game for Beyond replaced the text parser with icons — CRASH called it the first fully icon-driven game — and went to number one twice.,The first game with no words,games,,,True,False,,754,2026-08-27,,
vault/games/shenmue.mdx,vault,/vault/games/shenmue/,Shenmue,"Shenmue created an unprecedented living world with day/night cycles, weather systems, and NPC schedules, pioneering open-world design at enormous cost to Sega.",Living world pioneer,games,,,True,False,,167,2026-08-27,,
vault/games/shin-megami-tensei.mdx,vault,/vault/games/shin-megami-tensei/,Shin Megami Tensei,"Atlus's *Shin Megami Tensei* series offered darker, more mature JRPGs where players recruit demons, make moral choices, and navigate post-apocalyptic Tokyo.",Negotiate with demons,games,,,True,False,,172,2026-08-27,,
vault/games/shining-force.mdx,vault,/vault/games/shining-force/,Shining Force,"Shining Force brought tactical RPG battles to the Mega Drive, combining Fire Emblem-style grid combat with explorable towns and a diverse army of recruitable characters.",Tactical RPG warfare,games,,,True,False,,226,2026-09-01,,
vault/games/shinobi.mdx,vault,/vault/games/shinobi/,Shinobi,"Shinobi established Sega's ninja franchise with tight platforming, hostage rescue missions, and the devastating ninja magic attacks that cleared screens of enemies.",Ninja arcade action,games,,,True,False,,176,2026-08-27,,
vault/games/shovel-knight.mdx,vault,/vault/games/shovel-knight/,Shovel Knight,Yacht Club Games' 2014 action-platformer that captured the NES aesthetic perfectly while incorporating decades of design lessons.,"NES perfection, modern design",games,,,True,False,,283,2026-08-27,,
vault/games/silent-hill.mdx,vault,/vault/games/silent-hill/,Silent Hill,"Silent Hill shifted survival horror from action to atmosphere, using fog, radio static, and psychological terror to create dread that lingered long after the game ended.",Psychological horror,games,,,True,False,,182,2026-08-27,,
vault/games/sim-city.mdx,vault,/vault/games/sim-city/,SimCity,"SimCity invented the city-building genre, letting players zone, build, and manage urban development while balancing budgets, traffic, and the occasional disaster.",City building pioneer,games,,,True,False,,237,2026-08-27,,
vault/games/skate-or-die.mdx,vault,/vault/games/skate-or-die/,Skate or Die,"Skate or Die brought skateboard culture to home computers with five competitive events, attitude-filled presentation, and the rebellious spirit that defined 1980s skating.",EA skateboarding,games,,,True,False,,184,2026-08-27,,
vault/games/skidmarks.mdx,vault,/vault/games/skidmarks/,Skidmarks,"Acid Software's top-down racing game that proved Blitz Basic could produce commercial hits, featuring split-screen multiplayer and satisfying physics.",Blitz Basic racing,games,,,True,False,,243,2026-08-27,,
vault/games/snake-rattle-n-roll.mdx,vault,/vault/games/snake-rattle-n-roll/,Snake Rattle 'n' Roll,"Snake Rattle 'n' Roll challenged players to guide hungry snakes through isometric worlds, eating pellets to grow long enough to reach the exit scale.",Isometric snake action,games,,,True,False,,200,2026-08-27,,
vault/games/snake.mdx,vault,/vault/games/snake/,Snake,"Pre-installed on Nokia phones, *Snake* became one of the most-played games in history, demonstrating that compelling gameplay needs minimal technology.",Nokia's killer app,games,,,True,False,,158,2026-08-27,,
vault/games/sonic-the-hedgehog.mdx,vault,/vault/games/sonic-the-hedgehog/,Sonic the Hedgehog,"Sega's blue blur gave them a mascot, a marketing weapon, and the game that made Genesis a genuine threat to Nintendo.",Speed kills (Nintendo's dominance),games,,,True,False,,566,2026-08-27,,
vault/games/soul-calibur.mdx,vault,/vault/games/soul-calibur/,Soul Calibur,Soul Calibur perfected 3D weapon-based fighting with eight-way movement and the Dreamcast port that many consider the greatest launch title in console history.,A tale of souls and swords,games,,,True,False,,155,2026-08-27,,
vault/games/space-channel-5.mdx,vault,/vault/games/space-channel-5/,Space Channel 5,"Space Channel 5 blended rhythm gameplay with 1960s retro-futurism, creating a stylish musical experience that epitomised Dreamcast's creative experimentation.","Up, down, up, down, chu, chu, chu",games,,,True,False,,156,2026-08-27,,
vault/games/space-harrier.mdx,vault,/vault/games/space-harrier/,Space Harrier,"Space Harrier pioneered the into-screen shooter with sprite scaling technology, sending players flying through surreal landscapes at unprecedented speed.",Into the Fantasy Zone,games,,,True,False,,216,2026-08-27,,
vault/games/space-invaders.mdx,vault,/vault/games/space-invaders/,Space Invaders,"Taito's 1978 arcade phenomenon created the shooter genre, caused a coin shortage in Japan, and proved games could be cultural events.",The game that conquered Earth,games,,,True,False,,393,2026-08-27,,
vault/games/space-quest.mdx,vault,/vault/games/space-quest/,Space Quest,"Space Quest followed hapless janitor Roger Wilco through comedic sci-fi adventures, parodying Star Trek, Star Wars, and science fiction tropes with Sierra's punishing puzzle design.",Sci-fi comedy adventure,games,,,True,False,,208,2026-08-27,,
vault/games/speedball-2.mdx,vault,/vault/games/speedball-2/,Speedball 2: Brutal Deluxe,The Bitmap Brothers' violent future sport combined pinball physics with tactical team management.,Ice cream! Ice cream!,games,,,True,False,,348,2026-08-27,,
vault/games/spellbound.mdx,vault,/vault/games/spellbound/,Spellbound,David Jones's Magic Knight adventure put pull-down menus on a 48K Spectrum at £2.99 — and its two chart positions in the same month show exactly what a budget game was up against.,"#3 in one chart, #21 in another",games,,,True,False,,340,2026-08-27,,
vault/games/spelunky.mdx,vault,/vault/games/spelunky/,Spelunky,"Spelunky fused roguelike principles with platformer action, proving procedural generation and permadeath could work in real-time gameplay and inspiring a generation of roguelites.",Roguelike platformer,games,,,True,False,,185,2026-08-27,,
vault/games/splatterhouse.mdx,vault,/vault/games/splatterhouse/,Splatterhouse,"Splatterhouse brought slasher film aesthetics to arcades, with a hockey-masked hero fighting through grotesque monsters in one of gaming's first explicitly horror-themed brawlers.",Horror beat-em-up,games,,,True,False,,204,2026-08-27,,
vault/games/splinter-cell.mdx,vault,/vault/games/splinter-cell/,Tom Clancy's Splinter Cell,"Splinter Cell defined stealth through its light meter mechanic, putting players in darkness as Sam Fisher navigated geopolitical intrigue with lethal precision.",Light and shadow,games,,,True,False,,163,2026-08-27,,
vault/games/spy-hunter.mdx,vault,/vault/games/spy-hunter/,Spy Hunter,"Spy Hunter combined vertical scrolling driving with James Bond gadgetry, letting players deploy oil slicks, smoke screens, and missiles against enemy vehicles.",Vehicular espionage,games,,,True,False,,245,2026-08-27,,
vault/games/spy-vs-spy.mdx,vault,/vault/games/spy-vs-spy/,Spy vs Spy,"Spy vs Spy adapted the MAD Magazine comic strip into simultaneous split-screen gameplay where two spies set traps, searched for items, and raced to escape before each other.",Split-screen sabotage,games,,,True,False,,179,2026-08-27,,
vault/games/spyro.mdx,vault,/vault/games/spyro/,Spyro the Dragon,"Spyro the Dragon offered open 3D worlds to explore, combining flame breath, charging attacks, and gem collecting in a family-friendly platformer that showcased PlayStation's capabilities.",Colourful 3D platforming,games,,,True,False,,185,2026-08-27,,
vault/games/ssx.mdx,vault,/vault/games/ssx/,SSX,"SSX combined arcade snowboarding with massive tricks, vibrant presentation, and a boost system that rewarded stylish play, defining extreme sports on PlayStation 2.",Snowboarding spectacle,games,,,True,False,,165,2026-08-27,,
vault/games/star-fox-64.mdx,vault,/vault/games/star-fox-64/,Star Fox 64,"Star Fox 64 delivered cinematic rail-shooter action with full voice acting, branching paths, and the first Rumble Pak support, creating an endlessly quotable Nintendo classic.",Do a barrel roll,games,,,True,False,,164,2026-08-27,,
vault/games/star-fox.mdx,vault,/vault/games/star-fox/,Star Fox,"Nintendo's 1993 SNES rail shooter that used the custom Super FX chip to bring filled polygon 3D to consoles, created in partnership with Argonaut.",Super FX revolution,games,,,True,False,,270,2026-08-27,,
vault/games/star-raiders.mdx,vault,/vault/games/star-raiders/,Star Raiders,Atari's groundbreaking 1979 space combat game that defined the genre and demonstrated what the Atari 400/800 could achieve.,The first space combat simulator,games,,,True,False,,287,2026-08-27,,
vault/games/starcraft.mdx,vault,/vault/games/starcraft/,StarCraft,"StarCraft delivered three radically different factions in perfect balance, creating an esports phenomenon that dominated competitive gaming for over a decade.",Asymmetric RTS perfection,games,,,True,False,,192,2026-08-27,,
vault/games/starglider.mdx,vault,/vault/games/starglider/,Starglider,"Argonaut's 1986 3D combat flight game that brought filled polygon graphics to home computers, establishing the studio's reputation for technical wizardry.",Filled polygons on 8-bit,games,,,True,False,,218,2026-08-27,,
vault/games/stormlord.mdx,vault,/vault/games/stormlord/,Stormlord,"Raffaele Cecco's 1989 Hewson game, and the only one in this Vault whose construction was documented month by month in a magazine column as it happened. CRASH gave it 91%; Sinclair User gave it 71%.","Built in public, one diary entry at a time",games,,,True,False,,798,2026-08-27,,
vault/games/street-fighter-ii.mdx,vault,/vault/games/street-fighter-ii/,Street Fighter II,"Street Fighter II created the competitive fighting game genre, revitalised arcades, and sparked console wars as Sega and Nintendo fought for the best port.",The fighting game revolution,games,,,True,False,,292,2026-08-27,,
vault/games/street-fighter.mdx,vault,/vault/games/street-fighter/,Street Fighter,Capcom's 1987 arcade fighting game that introduced special move inputs and laid the groundwork for Street Fighter II's revolution - even if the original is largely forgotten.,The fighter that started it all,games,,,True,False,,341,2026-08-27,,
vault/games/streets-of-rage.mdx,vault,/vault/games/streets-of-rage/,Streets of Rage,"Streets of Rage delivered console-exclusive beat-em-up excellence with tight combat, memorable music by Yuzo Koshiro, and cooperative gameplay that rivalled arcade offerings.",Genesis brawling,games,,,True,False,,261,2026-08-27,,
vault/games/strider.mdx,vault,/vault/games/strider/,Strider,"Strider delivered acrobatic ninja action across a dystopian world, with Hiryu's plasma sword slicing through enemies as he climbed walls, hung from ceilings, and flipped through the air.",Futuristic ninja action,games,,,True,False,,177,2026-08-27,,
vault/games/suikoden.mdx,vault,/vault/games/suikoden/,Suikoden,"Suikoden adapted the classical Chinese novel's structure to JRPG form, tasking players with recruiting 108 characters to build an army and headquarters against tyranny.",108 Stars of Destiny,games,,,True,False,,188,2026-08-27,,
vault/games/summer-games.mdx,vault,/vault/games/summer-games/,Summer Games,"Summer Games brought Olympic events to home computers with polished presentation, national anthems, and multiplayer competition that defined Epyx's sports game formula.",Epyx Olympic excellence,games,,,True,False,,229,2026-08-27,,
vault/games/sunset-riders.mdx,vault,/vault/games/sunset-riders/,Sunset Riders,"Sunset Riders brought Contra-style action to the Wild West, with four bounty hunters chasing outlaws through saloons, trains, and frontier towns in colourful arcade action.",Wild West run-and-gun,games,,,True,False,,169,2026-08-27,,
vault/games/super-c.mdx,vault,/vault/games/super-c/,Super C,"Super C continued Contra's run-and-gun action with new weapons, overhead stages, and relentless alien battles, maintaining the series' reputation for demanding cooperative gameplay.",Contra's intense sequel,games,,,True,False,,197,2026-08-27,,
vault/games/super-ghouls-n-ghosts.mdx,vault,/vault/games/super-ghouls-n-ghosts/,Super Ghouls 'n Ghosts,"Super Ghouls 'n Ghosts continued Capcom's legendary difficulty with gorgeous 16-bit visuals, the double-jump, and the requirement to complete the game twice for the true ending.",SNES platforming punishment,games,,,True,False,,199,2026-08-27,,
vault/games/super-mario-64.mdx,vault,/vault/games/super-mario-64/,Super Mario 64,"Super Mario 64 invented 3D platforming with its revolutionary analogue control, dynamic camera system, and open-ended level design that gave players unprecedented freedom of movement.",3D platforming born,games,,,True,False,,177,2026-08-27,,
vault/games/super-mario-bros-3.mdx,vault,/vault/games/super-mario-bros-3/,Super Mario Bros. 3,"Super Mario Bros. 3 expanded Mario's abilities with suits and power-ups, delivering eight diverse worlds and becoming the NES's defining platformer.",NES platforming perfected,games,,,True,False,,362,2026-08-27,,
vault/games/super-mario-bros.mdx,vault,/vault/games/super-mario-bros/,Super Mario Bros.,"Bundled with the NES, Super Mario Bros. rescued the American games industry and established the vocabulary of platform game design.",The game that defined gaming,games,,,True,False,,398,2026-08-27,,
vault/games/super-mario-land-2.mdx,vault,/vault/games/super-mario-land-2/,Super Mario Land 2: 6 Golden Coins,"Nintendo R&D1's *Super Mario Land 2* expanded Game Boy Mario with larger sprites, non-linear world selection, and the villainous debut of Wario.",Wario's debut,games,,,True,False,,158,2026-08-27,,
vault/games/super-mario-land.mdx,vault,/vault/games/super-mario-land/,Super Mario Land,"Super Mario Land brought the plumber to Game Boy, adapting the formula for portable play with unique vehicles and Gunpei Yokoi's design sensibility.",Mario's handheld debut,games,,,True,False,,357,2026-08-27,,
vault/games/super-metroid.mdx,vault,/vault/games/super-metroid/,Super Metroid,"Nintendo's *Super Metroid* refined the exploration-action formula to near perfection, becoming the template against which all Metroidvanias are measured.",The perfect formula,games,,,True,False,,181,2026-09-01,,
vault/games/super-robin-hood.mdx,vault,/vault/games/super-robin-hood/,Super Robin Hood,"The Oliver Twins’ *Super Robin Hood* packed platforming, traps, and treasure into a £1.99 cassette that made them household names.",Codemasters’ budget swashbuckler,games,,,True,False,,101,2026-08-27,,
vault/games/supreme-commander.mdx,vault,/vault/games/supreme-commander/,Supreme Commander,"Supreme Commander delivered Total Annihilation's spiritual successor with revolutionary strategic zoom, letting players seamlessly transition from individual units to entire theatre overview.",Strategic zoom,games,,,True,False,,174,2026-08-27,,
vault/games/symphony-of-the-night.mdx,vault,/vault/games/symphony-of-the-night/,Castlevania: Symphony of the Night,"Symphony of the Night transformed Castlevania from linear action to RPG-infused exploration, co-defining the metroidvania genre with its interconnected castle.",The metroidvania origin,games,,,True,False,,368,2026-09-01,,
vault/games/syndicate.mdx,vault,/vault/games/syndicate/,Syndicate,"Syndicate combined real-time tactics with cyberpunk atmosphere, letting players control a squad of augmented agents in missions of corporate warfare.",Corporate dystopia,games,,,True,False,,261,2026-08-27,,
vault/games/system-shock-2.mdx,vault,/vault/games/system-shock-2/,System Shock 2,"System Shock 2 merged RPG systems with survival horror aboard a derelict starship, influencing BioShock and establishing the template for narrative-driven immersive sims.",Horror in space,games,,,True,False,,174,2026-08-27,,
vault/games/system-shock.mdx,vault,/vault/games/system-shock/,System Shock,"System Shock combined first-person action with RPG systems and environmental storytelling, creating the 'immersive sim' template that influenced Deus Ex, BioShock, and countless others.",Immersive simulation pioneer,games,,,True,False,,190,2026-08-27,,
vault/games/tales-of-phantasia.mdx,vault,/vault/games/tales-of-phantasia/,Tales of Phantasia,"Tales of Phantasia pioneered real-time JRPG combat with the Linear Motion Battle System, launching a franchise that would span decades with its action-focused approach.",Linear Motion Battle,games,,,True,False,,188,2026-08-27,,
vault/games/tekken.mdx,vault,/vault/games/tekken/,Tekken,"Tekken brought accessible 3D fighting to arcades and PlayStation, with limb-based controls and juggle combos that created an alternative to Virtua Fighter's technical demands.",3D fighting evolution,games,,,True,False,,191,2026-08-27,,
vault/games/tempest-2000.mdx,vault,/vault/games/tempest-2000/,Tempest 2000,"In 1994 Jeff Minter reimagined Atari’s vector shooter for the Jaguar, delivering a rave-worthy soundtrack and hypnotic visuals.",Llamasoft’s neon rebirth of an arcade classic,games,,,True,False,,99,2026-08-27,,
vault/games/tempest.mdx,vault,/vault/games/tempest/,Tempest,"Tempest pioneered 3D perspective in arcade gaming, sending players down geometric tubes to blast emerging enemies in one of Atari's most visually striking creations.",Vector tube shooter,games,,,True,False,,257,2026-08-27,,
vault/games/tetris.mdx,vault,/vault/games/tetris/,Tetris,"Alexey Pajitnov's falling-block puzzle conquered the world, sold the Game Boy, and proved games could transcend language and culture.",The perfect game,games,,,True,False,,470,2026-08-27,,
vault/games/the-hobbit.mdx,vault,/vault/games/the-hobbit/,The Hobbit,"Melbourne House's 1982 text adventure that pushed the genre forward with independent NPCs, a sophisticated parser, and a living world that changed whether you interacted with it or not.",The revolutionary text adventure,games,,,True,False,,524,2026-08-27,,
vault/games/the-last-ninja.mdx,vault,/vault/games/the-last-ninja/,The Last Ninja,"System 3's martial arts masterpiece combined isometric exploration, combat, and Ben Daglish's legendary SID soundtrack.",Isometric excellence,games,,,True,False,,358,2026-08-27,,
vault/games/theme-park.mdx,vault,/vault/games/theme-park/,Theme Park,"Theme Park put players in charge of designing and managing an amusement park, balancing ride construction, staff management, and guest happiness.",Build your dream park,games,,,True,False,,241,2026-08-27,,
vault/games/thief.mdx,vault,/vault/games/thief/,Thief: The Dark Project,"Thief invented the first-person stealth genre, making shadows, sound, and patience more important than combat in a dark fantasy world of guards, monsters, and valuable loot.",Stealth game pioneer,games,,,True,False,,199,2026-08-27,,
vault/games/thrust.mdx,vault,/vault/games/thrust/,Thrust,Jeremy Smith's physics-based game brought Gravitar-style gameplay to home computers with brutal precision requirements.,Gravity is a harsh mistress,games,,,True,False,,309,2026-08-27,,
vault/games/thunder-force.mdx,vault,/vault/games/thunder-force/,Thunder Force,"Thunder Force evolved from free-scrolling computer game to Mega Drive showcase, with Thunder Force III and IV delivering some of the finest 16-bit shooting action.",Mega Drive shooting excellence,games,,,True,False,,207,2026-08-27,,
vault/games/time-crisis.mdx,vault,/vault/games/time-crisis/,Time Crisis,"Namco's revolutionary 1995 light gun game that introduced the cover mechanic, transforming arcade shooters into tactical experiences.",Take cover!,games,,,True,False,,286,2026-08-27,,
vault/games/tmnt-arcade.mdx,vault,/vault/games/tmnt-arcade/,TMNT: The Arcade Game,"Konami's 1989 four-player beat 'em up that became the gold standard for licensed games and arcade co-op, proving that treating licenses seriously produced excellence.",Four-player perfection,games,,,True,False,,201,2026-08-27,,
vault/games/tomb-raider.mdx,vault,/vault/games/tomb-raider/,Tomb Raider,"Tomb Raider sent Lara Croft exploring ancient tombs with athletic platforming and puzzle-solving, creating gaming's first female icon and defining 3D action-adventure.",Action archaeology,games,,,True,False,,188,2026-08-27,,
vault/games/tony-hawks-pro-skater.mdx,vault,/vault/games/tony-hawks-pro-skater/,Tony Hawk's Pro Skater,"Tony Hawk's Pro Skater transformed skateboarding into accessible gaming with intuitive trick systems, iconic level design, and soundtracks that defined a generation.",Skateboarding revolution,games,,,True,False,,168,2026-08-27,,
vault/games/total-annihilation.mdx,vault,/vault/games/total-annihilation/,Total Annihilation,"Total Annihilation introduced true 3D terrain, streaming economy, and unprecedented unit counts, pushing RTS toward grand-scale conflict that StarCraft deliberately avoided.",Scale warfare,games,,,True,False,,180,2026-08-27,,
vault/games/track-and-field.mdx,vault,/vault/games/track-and-field/,Track & Field,"Track & Field transformed athletic events into frantic button-mashing competitions, destroying joysticks and creating a multiplayer party game phenomenon.",Button-mashing Olympics,games,,,True,False,,247,2026-08-27,,
vault/games/transport-tycoon.mdx,vault,/vault/games/transport-tycoon/,Transport Tycoon,"Chris Sawyer's *Transport Tycoon* let players build transport empires across procedural landscapes, inspiring dedicated fans who maintain the game to this day.",Build your network,games,,,True,False,,160,2026-09-01,,
vault/games/turrican.mdx,vault,/vault/games/turrican/,Turrican,"Manfred Trenz's run-and-gun showcased Amiga capabilities with massive levels, smooth scrolling, and Chris Hülsbeck's thunderous soundtrack.","German engineering, Amiga power",games,,,True,False,,321,2026-08-27,,
vault/games/twinbee.mdx,vault,/vault/games/twinbee/,TwinBee,"TwinBee pioneered the cute-em-up genre with its colourful aesthetic, bell-juggling power-up system, and two-player cooperative shooting featuring adorable bee-shaped ships.",Cute vertical shooter,games,,,True,False,,193,2026-08-27,,
vault/games/ultima.mdx,vault,/vault/games/ultima/,Ultima,"The Ultima series established computer RPG conventions from character creation to open worlds, with Ultima IV pioneering ethical gameplay and virtue systems.",The RPG that defined them all,games,,,True,False,,255,2026-08-27,,
vault/games/unreal.mdx,vault,/vault/games/unreal/,Unreal,"Unreal showcased unprecedented visual technology with vast outdoor environments, coloured lighting, and detailed textures that pushed PC gaming into a new graphical era.",Visual spectacle,games,,,True,False,,196,2026-08-27,,
vault/games/uridium.mdx,vault,/vault/games/uridium/,Uridium,"Andrew Braybrook's metallic dreadnoughts, written for the C64 and converted outward. CRASH gave the Spectrum version 90%; Sinclair User gave it full marks.",Side-scrolling speed on the C64,games,,,True,False,,161,2026-08-27,,
vault/games/vagrant-story.mdx,vault,/vault/games/vagrant-story/,Vagrant Story,"Vagrant Story delivered Shakespearean drama and intricate weapon crafting in a dungeon crawler that demanded mastery, earning perfect scores while remaining defiantly uncommercial.",Lea Monde's depths,games,,,True,False,,185,2026-08-27,,
vault/games/vampire-the-masquerade-bloodlines.mdx,vault,/vault/games/vampire-the-masquerade-bloodlines/,Vampire: The Masquerade - Bloodlines,"Bloodlines shipped broken but brilliant, capturing the World of Darkness with unprecedented atmosphere and reactivity before patches and mods revealed the masterpiece underneath.",Flawed masterpiece,games,,,True,False,,195,2026-08-27,,
vault/games/vectorman.mdx,vault,/vault/games/vectorman/,Vectorman,"Vectorman brought pre-rendered 3D graphics to the Mega Drive through a robot hero made of spheres, showcasing impressive visuals in Sega's battle against the next generation.",Pre-rendered Mega Drive,games,,,True,False,,211,2026-08-27,,
vault/games/virtua-cop.mdx,vault,/vault/games/virtua-cop/,Virtua Cop,Sega's 1994 arcade light gun game that pioneered 3D graphics in the genre and introduced target prioritisation mechanics.,The polygon shooter,games,,,True,False,,410,2026-08-27,,
vault/games/virtua-fighter.mdx,vault,/vault/games/virtua-fighter/,Virtua Fighter,"Virtua Fighter pioneered 3D polygon fighting games with realistic martial arts, spawning a genre and establishing Sega's arcade dominance in the early 1990s.",3D fighting born,games,,,True,False,,161,2026-08-27,,
vault/games/warcraft.mdx,vault,/vault/games/warcraft/,Warcraft: Orcs & Humans,"Warcraft brought real-time strategy to fantasy, establishing Blizzard's flagship universe with humans versus orcs warfare and accessible multiplayer competition.",Blizzard's strategy debut,games,,,True,False,,180,2026-08-27,,
vault/games/wario-land.mdx,vault,/vault/games/wario-land/,Wario Land: Super Mario Land 3,"Wario Land transformed Mario's antagonist into a playable anti-hero, replacing precision platforming with treasure hunting and shoulder-charging through a greedy adventure.",Greed is good,games,,,True,False,,157,2026-08-27,,
vault/games/wasteland.mdx,vault,/vault/games/wasteland/,Wasteland,"Interplay's *Wasteland* created the post-apocalyptic RPG template that would later inspire *Fallout*, featuring party-based combat and a persistent, reactive world.",Post-nuclear party,games,,,True,False,,157,2026-08-27,,
vault/games/way-of-the-exploding-fist.mdx,vault,/vault/games/way-of-the-exploding-fist/,Way of the Exploding Fist,Melbourne House's 1985 fighting game brought martial arts to home computers with smooth animation and precise controls.,One-on-one combat perfected,games,,,True,False,,343,2026-08-27,,
vault/games/wind-waker.mdx,vault,/vault/games/wind-waker/,The Legend of Zelda: The Wind Waker,Wind Waker divided opinion with its cartoon aesthetic but delivered timeless visuals and ocean exploration that endure better than any realistic alternative.,Cel-shaded seas,games,,,True,False,,341,2026-08-27,,
vault/games/wing-commander.mdx,vault,/vault/games/wing-commander/,Wing Commander,"Wing Commander combined cinematic storytelling with space combat simulation, pioneering narrative-driven action games and pushing PC hardware to its limits.",Space combat cinema,games,,,True,False,,204,2026-08-27,,
vault/games/wings-of-fury.mdx,vault,/vault/games/wings-of-fury/,Wings of Fury,"Wings of Fury delivered intense World War II carrier aviation with satisfying bombing runs, strafing attacks, and carrier landings across the Pacific theatre.",Pacific carrier combat,games,,,True,False,,187,2026-08-27,,
vault/games/winter-games.mdx,vault,/vault/games/winter-games/,Winter Games,"Winter Games brought snow and ice sports to home computers with seven events including ski jumping, bobsled, and figure skating, continuing Epyx's successful Olympic formula.",Cold weather Olympics,games,,,True,False,,206,2026-08-27,,
vault/games/wipeout.mdx,vault,/vault/games/wipeout/,WipEout,"WipEout combined futuristic anti-gravity racing with designer aesthetics and electronic music, establishing PlayStation's identity as the cool gamer's platform.",Anti-gravity cool,games,,,True,False,,183,2026-08-27,,
vault/games/wizardry.mdx,vault,/vault/games/wizardry/,Wizardry,The 1981 Sir-Tech dungeon crawler that defined first-person RPG mechanics and directly inspired Dragon Quest and the entire JRPG genre.,JRPG ancestor,games,,,True,False,,170,2026-08-27,,
vault/games/wizball.mdx,vault,/vault/games/wizball/,Wizball,Sensible Software's surreal shooter paired innovative gameplay with Martin Galway's dreamy SID soundtrack.,Colour restoration odyssey,games,,,True,False,,428,2026-08-27,,
vault/games/wonder-boy.mdx,vault,/vault/games/wonder-boy/,Wonder Boy,"Wonder Boy combined platforming with constant forward momentum, as the skateboard-riding hero raced through jungle stages collecting fruit to maintain vitality while rescuing his girlfriend.",Skateboarding through danger,games,,,True,False,,184,2026-08-27,,
vault/games/worms.mdx,vault,/vault/games/worms/,Worms,"Worms transformed artillery games into a cultural phenomenon, combining destructible terrain, creative weapons, and squeaky-voiced invertebrates into multiplayer mayhem.",Artillery warfare,games,,,True,False,,258,2026-08-27,,
vault/games/wrecking-crew.mdx,vault,/vault/games/wrecking-crew/,Wrecking Crew,"Wrecking Crew challenged Mario to demolish walls in the correct order, combining puzzle-solving with action as enemies interfered with the destruction.",Demolition puzzles,games,,,True,False,,214,2026-08-27,,
vault/games/x-com-ufo-defense.mdx,vault,/vault/games/x-com-ufo-defense/,X-COM: UFO Defense,"Julian Gollop's 1994 strategy game for MicroProse — Geoscape above, Battlescape below, permadeath throughout. It shipped under three names: UFO: Enemy Unknown in Britain, X-COM: UFO Defense in America, and X-COM: Enemy Unknown on PlayStation.","The 1994 original, and the hyphen that separates it from the reboots",games,,,True,False,,783,2026-09-01,,
vault/games/xcom-enemy-unknown.mdx,vault,/vault/games/xcom-enemy-unknown/,XCOM: Enemy Unknown,"Firaxis's 2012 reboot kept X-COM's two-layer structure and permadeath while replacing Time Units with a two-action turn — a different design sharing a premise, and the game that made XCOM-like a genre label.",Firaxis drops the hyphen and rebuilds the game,games,,,True,False,,338,2026-08-27,,
vault/games/xenogears.mdx,vault,/vault/games/xenogears/,Xenogears,"Xenogears fused giant robot combat with Jungian psychology, Gnostic mythology, and questions about God, consciousness, and human nature—ambitious beyond its troubled production.",Philosophical mecha,games,,,True,False,,178,2026-08-27,,
vault/games/xenon-2.mdx,vault,/vault/games/xenon-2/,Xenon 2: Megablast,"Xenon 2: Megablast combined vertical shooting with upgrade shops and a licensed Bomb the Bass soundtrack, defining the Bitmap Brothers' style.",Bitmap Brothers' shooter,games,,,True,False,,230,2026-08-27,,
vault/games/xevious.mdx,vault,/vault/games/xevious/,Xevious,"Xevious established templates for vertical shooters with its dual weapon system, detailed scrolling landscapes, and mysterious alien aesthetic that influenced countless games.",Vertical shooting refined,games,,,True,False,,200,2026-08-27,,
vault/games/yakuza.mdx,vault,/vault/games/yakuza/,Yakuza,"Sega's *Yakuza* series blended crime drama with absurdist side content, creating urban sandboxes where brutal combat coexisted with karaoke and arcade games.",Like a Dragon,games,,,True,False,,179,2026-08-27,,
vault/games/zaxxon.mdx,vault,/vault/games/zaxxon/,Zaxxon,"Zaxxon pioneered isometric 3D in arcade shooters, challenging players to navigate fortress walls while managing altitude in a visually groundbreaking experience.",Isometric space combat,games,,,True,False,,259,2026-08-27,,
vault/games/zork.mdx,vault,/vault/games/zork/,Zork,"Zork defined text adventure gaming with its sophisticated parser, witty writing, and sprawling underground world, establishing Infocom as the master of interactive fiction.",The great underground empire,games,,,True,False,,257,2026-08-27,,
vault/games/zynaps.mdx,vault,/vault/games/zynaps/,Zynaps,Dominic Robinson's Hewson shooter held #2 twice and never reached the top — a chart run that shows what it looked like to be the other good game.,"Second best, for eight months",games,,,True,False,,253,2026-08-27,,
vault/genres/4x-strategy.mdx,vault,/vault/genres/4x-strategy/,4X Strategy,"The strategy genre defined by four key activities: explore the map, expand your territory, exploit resources, and exterminate opponents—epitomised by Civilization.","Explore, expand, exploit, exterminate",genres,,,True,False,,171,2026-08-27,,
vault/genres/action-rpg.mdx,vault,/vault/genres/action-rpg/,Action RPG,"Action RPGs combine role-playing progression systems with real-time combat, from *Zelda II* through *Diablo* to the modern looter-shooter.",Real-time character growth,genres,,,True,False,,168,2026-09-01,,
vault/genres/arcade-adventure.mdx,vault,/vault/genres/arcade-adventure/,Arcade Adventure,"Exploration and puzzle-solving driven by arcade controls, not a text parser: *Atic Atac*, *Knight Lore*, *Head Over Heels*. A category the British press used constantly and which modern taxonomies have quietly dissolved.","Britain's own genre, and one with no modern name",genres,,,True,False,,634,2026-08-27,,
vault/genres/arcade-game.mdx,vault,/vault/genres/arcade-game/,Arcade Game,"On home machines, 'arcade game' named a style, not a venue: immediate, reflex-driven, score-chasing action with no reading and no waiting. The broadest genre word in the period press.",Not where it was played — how it played,genres,,,True,False,,380,2026-08-27,,
vault/genres/art-games.mdx,vault,/vault/genres/art-games/,Art Games,"Art games prioritise aesthetic experience, emotional expression, and meaning over traditional gameplay mechanics, challenging definitions of what games can be. Also called experimental games; the two labels were used interchangeably.",Games as artistic expression,genres,,,True,False,,535,2026-09-01,,
vault/genres/beat-em-up.mdx,vault,/vault/genres/beat-em-up/,Beat 'em Up,"Beat 'em ups send players through scrolling stages punching waves of enemies, from *Double Dragon* to *Streets of Rage* to modern revivals.","Walk right, punch everyone",genres,,,True,False,,176,2026-08-27,,
vault/genres/console-fps.mdx,vault,/vault/genres/console-fps/,Console FPS,"Console first-person shooters adapted PC precision gaming for controllers, creating distinct design philosophies around aim assist, level design, and multiplayer.",Shooters on the sofa,genres,,,True,False,,377,2026-08-27,,
vault/genres/console-rpg.mdx,vault,/vault/genres/console-rpg/,Console RPG,"Console RPGs adapted computer role-playing for living room play, prioritising accessibility and storytelling over simulation complexity, becoming Japan's dominant RPG form.",Living room adventures,genres,,,True,False,,203,2026-08-27,,
vault/genres/flight-sim.mdx,vault,/vault/genres/flight-sim/,Flight Sim,"Simulated flight, from combat aircraft to trading spacecraft. One of the few home-computer genres that traded reflexes for study, and a genre that made a virtue of complexity when everything else was shedding it.","Aircraft, spacecraft, and the pleasure of a long manual",genres,,,True,False,,344,2026-08-27,,
vault/genres/fps.mdx,vault,/vault/genres/fps/,First-Person Shooter,"First-person shooters place players behind the barrel of a gun, creating intimate combat experiences that evolved from Wolfenstein 3D's corridors to modern competitive esports.",Through the gun barrel,genres,,,True,False,,394,2026-08-27,,
vault/genres/god-games.mdx,vault,/vault/genres/god-games/,God Games,"God games place players in positions of supreme power over simulated worlds and populations, from *Populous* to *Black & White*.",Divine simulation,genres,,,True,False,,158,2026-09-01,,
vault/genres/graphic-adventure.mdx,vault,/vault/genres/graphic-adventure/,Graphic Adventure,"Adventure games that show you the room. Beginning as illustrated text adventures and ending as fully point-and-click, the graphic adventure charts the slow replacement of typing with pointing.","The parser gets a picture, then loses the parser",genres,,,True,False,,390,2026-08-27,,
vault/genres/horror-games.mdx,vault,/vault/genres/horror-games/,Horror Games,"Horror games evolved from text adventures through survival horror to streaming phenomena, using interactivity's unique properties to create fear that passive media cannot match.",Interactive dread,genres,,,True,False,,202,2026-08-27,,
vault/genres/immersive-sim.mdx,vault,/vault/genres/immersive-sim/,Immersive Sim,"The immersive sim genre prioritises player agency and emergent gameplay, letting systemic interactions create unique solutions rather than prescribing singular paths through designed challenges.",Player-driven possibility,genres,,,True,False,,207,2026-08-27,,
vault/genres/jrpg.mdx,vault,/vault/genres/jrpg/,JRPG,"JRPGs developed distinct conventions from Western RPGs: linear narratives, turn-based combat, predetermined protagonists, and emotional storytelling that defined a genre loved worldwide.",Japanese role-playing games,genres,,,True,False,,213,2026-08-27,,
vault/genres/management-game.mdx,vault,/vault/genres/management-game/,Management Game,"Running something — a football club, a city, a theme park, a software house — through budgets and decisions, not direct control. Britain's own strand of it turned the football manager into a national institution.",Spreadsheets that fight back,genres,,,True,False,,369,2026-08-27,,
vault/genres/maze-game.mdx,vault,/vault/genres/maze-game/,Maze Game,"Navigate a maze, collect its contents, avoid what hunts you. *Pac-Man* defined the form so completely that the British 8-bit market produced hundreds of variations, and the press needed a word for all of them.","One screen, four ghosts, and a great many imitators",genres,,,True,False,,378,2026-08-27,,
vault/genres/metroidvania.mdx,vault,/vault/genres/metroidvania/,Metroidvania,"Metroidvania describes games combining exploration with ability-gated progression, named after *Metroid* and *Castlevania: Symphony of the Night*.","Explore, acquire, return",genres,,,True,False,,172,2026-09-01,,
vault/genres/mmorpg-history.mdx,vault,/vault/genres/mmorpg-history/,MMORPGs,The evolution of massively multiplayer online role-playing games from text-based MUDs through graphical worlds like Ultima Online and EverQuest to the phenomenon of World of Warcraft.,From MUDs to millions,genres,,,True,False,,210,2026-09-01,,
vault/genres/mud-history.mdx,vault,/vault/genres/mud-history/,MUDs,"Multi-User Dungeons pioneered online multiplayer gaming, creating persistent worlds, social dynamics, and design patterns MMORPGs would later adopt.",Text-based multiplayer worlds,genres,,,True,False,,150,2026-09-01,,
vault/genres/music-games.mdx,vault,/vault/genres/music-games/,Music Games,"Music games evolved from rhythm matching to full-band simulation, creating a genre that made everyone feel like musicians before market saturation caused its dramatic collapse.",Play the music,genres,,,True,False,,189,2026-08-27,,
vault/genres/platformer.mdx,vault,/vault/genres/platformer/,Platformer,"Platform games challenge players to navigate levels through jumping, climbing, and precise movement, defining gaming from Donkey Kong through modern indie revivals.",The art of jumping,genres,,,True,False,,466,2026-08-27,,
vault/genres/portable-gaming.mdx,vault,/vault/genres/portable-gaming/,Portable Gaming,"Portable gaming evolved from simple LCD games through Game Boy dominance to sophisticated handhelds, creating a distinct market with different design priorities.",Gaming on the go,genres,,,True,False,,185,2026-08-27,,
vault/genres/racing-game.mdx,vault,/vault/genres/racing-game/,Racing Game,"Getting somewhere fast, against a clock or a field. The period press used 'driving game' and 'racing game' more or less interchangeably, covering everything from sprite-scaled coin-ops to serious circuit simulation.","Driving games, racing games, and the road that came toward you",genres,,,True,False,,379,2026-08-27,,
vault/genres/racing-simulation.mdx,vault,/vault/genres/racing-simulation/,Racing Simulation,"Racing simulations prioritise realistic physics and authentic motorsport experience over arcade accessibility, demanding precision and practice.",Virtual motorsport,genres,,,True,False,,154,2026-09-01,,
vault/genres/rail-shooters.mdx,vault,/vault/genres/rail-shooters/,Rail Shooters,"Rail shooters move players through environments automatically while they focus on shooting targets, from light gun arcade games to spectacle-driven modern entries.",On-rails action,genres,,,True,False,,155,2026-09-01,,
vault/genres/roguelike.mdx,vault,/vault/genres/roguelike/,Roguelike,"The roguelike genre emerged from Rogue's procedural dungeons and permadeath, spawning purist tradition and modern roguelite evolution that influenced countless games.",Death and rebirth,genres,,,True,False,,210,2026-08-27,,
vault/genres/rts-genre.mdx,vault,/vault/genres/rts-genre/,RTS Genre,"Real-time strategy emerged from Dune II's template, dominated the 1990s PC landscape, spawned esports, then declined as MOBAs captured competitive audiences.",Real-time warfare,genres,,,True,False,,198,2026-08-27,,
vault/genres/shoot-em-up.mdx,vault,/vault/genres/shoot-em-up/,Shoot 'em Up,"The dominant action genre of the 8- and 16-bit era: fly, shoot, dodge, repeat. From *Space Invaders* through *R-Type* and *Uridium* to the bullet-hell descendants, and the term the period press reached for more than any other.",The most-used genre word in the British computer press,genres,,,True,False,,335,2026-08-27,,
vault/genres/simulation-games.mdx,vault,/vault/genres/simulation-games/,Simulation Games,"Simulation games modelled complex systems—cities, theme parks, civilisations—giving players godlike control and emergent storytelling through interacting mechanics.",Systems to master,genres,,,True,False,,196,2026-08-27,,
vault/genres/single-screen-platformer.mdx,vault,/vault/genres/single-screen-platformer/,Single-Screen Platformer,"Single-screen platformers contain entire levels within one fixed view, from *Donkey Kong* to *Bubble Bobble* to modern puzzle-platformers.","One screen, infinite challenge",genres,,,True,False,,164,2026-08-27,,
vault/genres/sports-games.mdx,vault,/vault/genres/sports-games/,Sports Games,"Sports games evolved from abstract representations to licensed simulations, becoming gaming's most commercially reliable genre through annual releases and real-world authenticity.",Virtual athletics,genres,,,True,False,,195,2026-08-27,,
vault/genres/survival-games.mdx,vault,/vault/genres/survival-games/,Survival Games,"Survival games challenge players to gather resources, craft tools, and endure hostile environments, from *Minecraft* to *DayZ* to *Valheim*.",Fight to live another day,genres,,,True,False,,162,2026-09-01,,
vault/genres/survival-horror.mdx,vault,/vault/genres/survival-horror/,Survival Horror,"Survival horror combined limited resources, vulnerable protagonists, and atmospheric dread to create gaming's most effective horror genre, codified by Resident Evil and evolved through Silent Hill.",Terror through scarcity,genres,,,True,False,,213,2026-08-27,,
vault/genres/tactical-rpg.mdx,vault,/vault/genres/tactical-rpg/,Tactical RPG,"Tactical RPGs combine grid-based strategy combat with RPG character progression, from *Fire Emblem* to *Final Fantasy Tactics* to *XCOM*.",Strategy meets story,genres,,,True,False,,156,2026-09-01,,
vault/genres/text-adventure.mdx,vault,/vault/genres/text-adventure/,Text Adventure,"Text adventures created entire worlds through prose and parser, challenging players to solve puzzles by typing commands in the days before graphics.",Worlds built from words,genres,,,True,False,,502,2026-08-27,,
vault/genres/tycoon-games.mdx,vault,/vault/genres/tycoon-games/,Tycoon Games,"Tycoon games put players in charge of building and managing business empires, from theme parks to railroads to hospitals.",Build your empire,genres,,,True,False,,147,2026-09-01,,
vault/genres/walking-simulator.mdx,vault,/vault/genres/walking-simulator/,Walking Simulator,"Walking simulators prioritise exploration and narrative over traditional gameplay mechanics, sparking debates about what constitutes a game while creating profound interactive experiences.",Games without gameplay?,genres,,,True,False,,426,2026-08-27,,
vault/genres/wargame.mdx,vault,/vault/genres/wargame/,Wargame,"Military conflict simulated at the level of units and terrain, not individual action. The computer wargame inherited its rules, its audience and its typography from the tabletop, and kept them long after the rest of gaming moved on.","Hex maps, supply lines, and an unhurried audience",genres,,,True,False,,553,2026-08-27,,
vault/genres/western-rpg.mdx,vault,/vault/genres/western-rpg/,Western RPG,"Western RPGs prioritise player agency and character customisation, letting players define who they are rather than following predetermined protagonists through authored stories.",Player-defined heroes,genres,,,True,False,,194,2026-08-27,,
vault/groups/1001-crew.mdx,vault,/vault/groups/1001-crew/,1001 Crew,"A Dutch C64 group active in the mid-1980s, 1001 Crew pioneered the hardware trickery — including opening the sideborder — that turned intros and demos into technical showcases.",The first to open the border,groups,,,True,False,,212,2026-08-27,,
vault/groups/andromeda.mdx,vault,/vault/groups/andromeda/,Andromeda,"Andromeda were among the standout Amiga groups of the mid-1990s, their demo Nexus 7 winning The Party 1994 and showcasing what the AGA chipset could do.",Danish AGA royalty,groups,,,True,False,,173,2026-08-27,,
vault/groups/booze-design.mdx,vault,/vault/groups/booze-design/,Booze Design,Booze Design proved the C64 scene is no relic: their demo Edge of Disgrace stunned audiences and showed the 8-bit machine still had astonishing work left in it.,The modern C64 standard-bearers,groups,,,True,False,,174,2026-08-27,,
vault/groups/censor-design.mdx,vault,/vault/groups/censor-design/,Censor Design,"Censor Design's Wonderland demos are among the most celebrated the Commodore 64 ever produced, fusing top-tier code, art, and music into landmark releases.",Wonderland on the C64,groups,,,True,False,,162,2026-08-27,,
vault/groups/crest.mdx,vault,/vault/groups/crest/,Crest,"Crest (founded 1988) combined technical audacity and design finesse, setting new records for C64 demos.",Viennese precision on the Commodore 64,groups,,,True,False,,108,2026-08-27,,
vault/groups/crionics.mdx,vault,/vault/groups/crionics/,Crionics,Crionics were a leading early Amiga group whose collaboration with The Silents on Hardwired produced one of the demoscene's first genuinely cinematic productions.,Co-authors of Hardwired,groups,,,True,False,,177,2026-08-27,,
vault/groups/eagle-soft-incorporated.mdx,vault,/vault/groups/eagle-soft-incorporated/,Eagle Soft Incorporated,"Eagle Soft Incorporated dominated North American C64 cracking, and their eagle-logo intros are remembered as some of the most iconic the scene ever produced.",The most famous cracktros of all,groups,,,True,False,,213,2026-08-27,,
vault/groups/esi.mdx,vault,/vault/groups/esi/,ESI,"ESI were among the early standard-bearers of the ZX Spectrum demoscene, their megademo The Lyra II helping prove the 8-bit machine belonged in the scene's front rank.",Spectrum scene pioneers,groups,,,True,False,,187,2026-08-27,,
vault/groups/fairlight.mdx,vault,/vault/groups/fairlight/,Fairlight,"Fairlight became the most legendary cracking group in computing history, spanning C64, Amiga, and PC while defining the aesthetic and ethics of the scene.",Legends of the scene,groups,,,True,False,,174,2026-08-27,,
vault/groups/farbrausch.mdx,vault,/vault/groups/farbrausch/,Farbrausch,"Farbrausch revolutionised size-limited demos, creating full games in 96KB and procedural worlds in 4KB through extreme compression and procedural generation.",Masters of compression,groups,,,True,False,,153,2026-08-27,,
vault/groups/future-crew.mdx,vault,/vault/groups/future-crew/,Future Crew,"Future Crew created Second Reality and established the PC demo scene, with members later founding Remedy Entertainment and shaping the game industry.",Defining the PC demo,groups,,,True,False,,169,2026-08-27,,
vault/groups/genesis-project.mdx,vault,/vault/groups/genesis-project/,Genesis Project,"Formed in 1986, Genesis Project cracked, released, and made intros across the C64's whole life — and, unusually, is still active across platforms decades later.",The cracking group that wouldn't die,groups,,,True,False,,202,2026-08-27,,
vault/groups/ikari.mdx,vault,/vault/groups/ikari/,Ikari,"The English C64 group Ikari was voted the world's best cracking group, and its legendary co-operation with Talent is regarded as one of the finest the scene produced.",Voted the world's best,groups,,,True,False,,205,2026-08-27,,
vault/groups/kefrens.mdx,vault,/vault/groups/kefrens/,Kefrens,"Kefrens were one of the scene's oldest groups, and the vertical sinus-bar effect they popularised still carries their name decades later.",The Danes who named an effect,groups,,,True,False,,187,2026-08-27,,
vault/groups/melon-dezign.mdx,vault,/vault/groups/melon-dezign/,Melon Dezign,"Melon Dezign brought a graphic-design sensibility to the Amiga scene, their distinctive pixel art and clean aesthetic standing apart from the effect-maximalists.",The scene's design house,groups,,,True,False,,167,2026-08-27,,
vault/groups/oxyron.mdx,vault,/vault/groups/oxyron/,Oxyron,"Oxyron pushed the Commodore 64 into territory others thought impossible, their coders pioneering effects and tricks that became standard scene technique.",C64 technique pioneers,groups,,,True,False,,176,2026-08-27,,
vault/groups/paradox.mdx,vault,/vault/groups/paradox/,Paradox,"Formed in 1989 to crack Amiga software, Paradox outlasted nearly all its rivals, moving from Amiga to consoles to PC and remaining a force in the warez scene for decades.",The warez group that wouldn't quit,groups,,,True,False,,206,2026-08-27,,
vault/groups/phenomena.mdx,vault,/vault/groups/phenomena/,Phenomena,"One of the most respected Amiga groups of the early scene, Phenomena's Enigma set a bar for music, design, and coding that defined the platform's first golden age.",Early Amiga royalty,groups,,,True,False,,159,2026-08-27,,
vault/groups/quartex.mdx,vault,/vault/groups/quartex/,Quartex,"Quartex were a top-ranked Amiga cracking group of the late 1980s — and a reminder of the scene's real stakes, with members caught up in police busts on two continents.","Top of the charts, and on the radar",groups,,,True,False,,228,2026-08-27,,
vault/groups/razor-1911.mdx,vault,/vault/groups/razor-1911/,Razor 1911,"Razor 1911 became one of the longest-running cracking groups in history, active from 1985 through multiple platform generations while maintaining consistent quality.",The oldest surviving group,groups,,,True,False,,153,2026-08-27,,
vault/groups/red-sector-inc.mdx,vault,/vault/groups/red-sector-inc/,Red Sector Inc,"Red Sector Inc built one of the Amiga's defining early megademos and a demo-construction tool, then merged into TRSI, a powerhouse of cracking and demos.",From megademo to TRSI,groups,,,True,False,,187,2026-08-27,,
vault/groups/rgba.mdx,vault,/vault/groups/rgba/,Rgba,"Rgba pushed the 4K intro into new territory with real-time raymarched graphics, and their member iq carried those techniques into Shadertoy and the wider graphics world.",Raymarching in four kilobytes,groups,,,True,False,,189,2026-08-27,,
vault/groups/sanity.mdx,vault,/vault/groups/sanity/,Sanity,"Sanity were among the most respected Amiga groups of the early 1990s, their productions setting a standard for polish that helped define the platform's golden run.",Amiga craft at its peak,groups,,,True,False,,180,2026-08-27,,
vault/groups/scoopex.mdx,vault,/vault/groups/scoopex/,Scoopex,"Scoopex helped invent the Amiga megademo, packing dozens of effects into single productions and setting the template the whole scene would follow.",Pioneers of the megademo,groups,,,True,False,,189,2026-08-27,,
vault/groups/skid-row.mdx,vault,/vault/groups/skid-row/,Skid Row,"Formed in 1990, Skid Row became one of the most dominant Amiga cracking groups, their cracktros — and their motto — a fixture of pirated disks across the platform.","Twice the fun, double the trouble",groups,,,True,False,,206,2026-08-27,,
vault/groups/spaceballs.mdx,vault,/vault/groups/spaceballs/,Spaceballs,"The Norwegian group Spaceballs made State of the Art, the rotoscoped-dancer demo whose attitude and design proved the Amiga scene could be cool, not just clever.",Style over everything,groups,,,True,False,,172,2026-08-27,,
vault/groups/the-black-lotus.mdx,vault,/vault/groups/the-black-lotus/,The Black Lotus,"The Black Lotus (TBL) kept the Amiga demoscene at the cutting edge long past the platform's commercial life, their demo Starstruck a benchmark of what the machine can still do.",The modern Amiga's flag-bearer,groups,,,True,False,,185,2026-08-27,,
vault/groups/the-silents.mdx,vault,/vault/groups/the-silents/,The Silents,"The Silents spread across national divisions and platforms, and their cinematic 1991 demo Hardwired showed the Amiga could tell a story, not just show off.",A scene name across borders,groups,,,True,False,,220,2026-08-27,,
vault/groups/triad.mdx,vault,/vault/groups/triad/,Triad,"Triad became one of the most prolific C64 cracking groups, known for high-quality releases and artistic intros that helped birth the demo scene.",Swedish C64 legends,groups,,,True,False,,143,2026-08-27,,
vault/groups/triton.mdx,vault,/vault/groups/triton/,Triton,"Triton made some of the slickest Amiga and PC demos of the early 1990s, then did what many scene groups dreamed of: turned pro, becoming Starbreeze Studios.",From Crystal Dream to Starbreeze,groups,,,True,False,,194,2026-08-27,,
vault/hardware/1541-disk-drive.mdx,vault,/vault/hardware/1541-disk-drive/,Commodore 1541,"The 1541 floppy disk drive was famously slow but contained a complete 6502-based computer, enabling fast loaders and copy protection schemes.",The disk drive with its own computer,hardware,,,True,False,,997,2026-08-31,,
vault/hardware/6502.mdx,vault,/vault/hardware/6502/,6502: The People's Processor,"The MOS 6502 powered the Apple II, Atari 2600, Commodore 64, and NES—making home computing affordable and defining a generation of programmers.",Eight bits that changed everything,hardware,,,True,False,,1345,2026-09-01,,
vault/hardware/6510.mdx,vault,/vault/hardware/6510/,6510: The C64's Custom Core,"The MOS 6510 added an integrated I/O port to the 6502, giving the Commodore 64 its signature memory banking and tape control.",A 6502 with an I/O trick up its sleeve,hardware,,,True,False,,713,2026-09-01,,
vault/hardware/68000.mdx,vault,/vault/hardware/68000/,68000: The 16-Bit Powerhouse,"The Motorola 68000 powered the Amiga, Atari ST, Sega Mega Drive, and arcade machines—bringing workstation-class architecture to home computers.",Thirty-two bits on the inside where it counts,hardware,,,True,False,,955,2026-09-01,,
vault/hardware/action-replay.mdx,vault,/vault/hardware/action-replay/,Action Replay,"The hardware cartridge series that enabled game freezing, cheat creation, and memory manipulation across Commodore 64, Amiga, and consoles - controversial but widely used.",The cheat cartridge,hardware,,,True,False,,752,2026-08-31,,
vault/hardware/agnus.mdx,vault,/vault/hardware/agnus/,Agnus: The Amiga's Memory Master,"Agnus coordinated all memory access on the Amiga, housing the Blitter for fast graphics and the Copper for beam-synchronised effects.","DMA controller, Blitter, and Copper in one package",hardware,,,True,False,,1060,2026-09-01,,
vault/hardware/amiga-chipset.mdx,vault,/vault/hardware/amiga-chipset/,The Amiga Custom Chipset,"Three custom co-processors gave the Amiga capabilities that PCs wouldn't match for years. Read through Commodore's own manual they are not three chips that do graphics, blitting and sound — they are one answer to a single question about who gets the memory, and the 68000 comes last.","Agnus, Denise, and Paula",hardware,,,True,False,,1002,2026-09-01,,
vault/hardware/apu.mdx,vault,/vault/hardware/apu/,APU: The NES Audio Engine,"The NES Audio Processing Unit delivered two pulse waves, a triangle, noise, and sample playback—creating the iconic sound of 8-bit Nintendo.",Five channels of chiptune magic,hardware,,,True,False,,582,2026-09-01,,
vault/hardware/arcade-hardware.mdx,vault,/vault/hardware/arcade-hardware/,Arcade Hardware,"Arcade hardware evolved from discrete logic through custom boards to standardised platforms, always pushing graphical boundaries ahead of home systems.",Purpose-built gaming machines,hardware,,,True,False,,410,2026-09-01,,
vault/hardware/ay-3-8910.mdx,vault,/vault/hardware/ay-3-8910/,AY-3-8910: The Sound of the 80s,"General Instrument's AY-3-8910 brought three-voice synthesis to home computers and arcades—powering the 128K Spectrum, Amstrad CPC, MSX, and countless coin-ops.",Three square waves heard around the world,hardware,,,True,False,,686,2026-08-31,,
vault/hardware/ay-3-8912.mdx,vault,/vault/hardware/ay-3-8912/,AY-3-8912,"A pin-reduced variant of the AY-3-8910 with identical sound capabilities, commonly found in the ZX Spectrum 128K and other space-constrained designs.",The compact cousin,hardware,,,True,False,,293,2026-09-01,,
vault/hardware/blitter.mdx,vault,/vault/hardware/blitter/,Blitter: The Amiga's Graphics Accelerator,"The Blitter moved, combined, and transformed graphics data faster than any CPU could—making the Amiga's smooth scrolling and complex visuals possible.",Hardware-powered block transfers,hardware,,,True,False,,900,2026-08-31,,
vault/hardware/cartridge.mdx,vault,/vault/hardware/cartridge/,Game Cartridges,"A cartridge is not storage — it is hardware on the far end of the CPU bus, and the machines that used them could be extended after they shipped by putting new silicon in the slot.","ROM on a board, wired to the bus",hardware,,,True,False,,639,2026-09-01,,
vault/hardware/cd-rom.mdx,vault,/vault/hardware/cd-rom/,CD-ROM,"CD-ROM transformed gaming through massive storage capacity, enabling full-motion video, voice acting, and expansive worlds impossible on floppy disks.",650 megabytes of possibility,hardware,,,True,False,,282,2026-09-01,,
vault/hardware/cia.mdx,vault,/vault/hardware/cia/,CIA: The C64's Swiss Army Chip,"The MOS 6526 Complex Interface Adapter handled keyboard scanning, joystick input, serial communication, and timing—the unsung heroes of the Commodore 64.","Two chips for I/O, timing, and everything else",hardware,,,True,False,,810,2026-09-01,,
vault/hardware/copper.mdx,vault,/vault/hardware/copper/,Copper: The Amiga's Display Coprocessor,"The Copper synchronised effects to the video beam with just WAIT and MOVE—enabling rainbow gradients, split screens, and per-scanline palette changes.",Two instructions that changed everything,hardware,,,True,False,,738,2026-09-01,,
vault/hardware/d-pad.mdx,vault,/vault/hardware/d-pad/,D-pad,"The directional control pad invented by Gunpei Yokoi for the 1982 Donkey Kong Game & Watch, which became the universal standard for game controllers.",Yokoi's control innovation,hardware,,,True,False,,389,2026-09-01,,
vault/hardware/d-sub-connector.mdx,vault,/vault/hardware/d-sub-connector/,D-sub connectors,"D-sub connectors carried game controls, serial communications, printer data and more across generations of computers. Their shared shape made them familiar; their different pinouts made understanding the machine essential.","The family of connectors behind games, printers and serial links",hardware,,,True,False,,1685,untracked,yes,
vault/hardware/dance-mat.mdx,vault,/vault/hardware/dance-mat/,Dance Mat,"The floor-based controller that turned rhythm games into physical exercise, defining the Dance Dance Revolution phenomenon.",Gaming with your feet,hardware,,,True,False,,398,2026-09-01,,
vault/hardware/denise.mdx,vault,/vault/hardware/denise/,Denise: The Amiga's Display Engine,"Denise transformed raw bitplane data into stunning visuals with dual playfields, eight hardware sprites, and the famous Hold-And-Modify mode.","Playfields, sprites, and HAM mode magic",hardware,,,True,False,,896,2026-09-01,,
vault/hardware/dualshock.mdx,vault,/vault/hardware/dualshock/,DualShock,"Sony's DualShock controller combined dual analog sticks with rumble feedback, establishing the modern gamepad template still used today.",Rumble and precision,hardware,,,True,False,,238,2026-09-01,,
vault/hardware/flight-stick.mdx,vault,/vault/hardware/flight-stick/,Flight Stick,"The specialised joystick for flight and space combat games, evolving from one-button sticks to full HOTAS cockpit setups.",Wings for your hands,hardware,,,True,False,,420,2026-09-01,,
vault/hardware/game-genie.mdx,vault,/vault/hardware/game-genie/,Game Genie,"Codemasters/Galoob's cheat device for NES, SNES, Genesis, and Game Boy that brought the POKE culture to consoles - and survived Nintendo's legal challenge.",Console cheats legitimised,hardware,,,True,False,,694,2026-09-01,,
vault/hardware/kryoflux.mdx,vault,/vault/hardware/kryoflux/,Kryoflux,"A USB-based floppy disk controller that captures raw magnetic flux transitions, enabling preservation of copy-protected and deteriorating disks that standard methods cannot read.",Flux-level disk preservation,hardware,,,True,False,,463,2026-09-01,,
vault/hardware/light-gun.mdx,vault,/vault/hardware/light-gun/,Light Gun,"The input device category that enabled shooting gallery games from arcades to living rooms, using screen detection technology.",Point and shoot gaming,hardware,,,True,False,,425,2026-09-01,,
vault/hardware/light-pen.mdx,vault,/vault/hardware/light-pen/,Light Pen,"The forgotten input device that let users draw directly on CRT screens, popular for art software in the 1980s.",Draw on your screen,hardware,,,True,False,,587,2026-09-01,,
vault/hardware/mc6847.mdx,vault,/vault/hardware/mc6847/,MC6847 VDG,"The Motorola Video Display Generator used in the Dragon and TRS-80 Color Computer, offering text and graphics modes but limited colour flexibility compared to custom chips.",Motorola video chip,hardware,,,True,False,,390,2026-09-01,,
vault/hardware/mister-fpga.mdx,vault,/vault/hardware/mister-fpga/,MiSTer FPGA,"The open-source FPGA project that recreates vintage computers and consoles in hardware, achieving accuracy impossible with software emulation.",Hardware-level accuracy,hardware,,,True,False,,477,2026-09-01,,
vault/hardware/mmc1.mdx,vault,/vault/hardware/mmc1/,MMC1,"Nintendo's first Multi Memory Controller was the most widely used NES mapper, and the strangest to program: its four control registers loaded serially, a single bit per write.","Four registers, one bit at a time",hardware,,,True,False,,1377,2026-09-09,,
vault/hardware/mmc3.mdx,vault,/vault/hardware/mmc3/,MMC3,"Nintendo's MMC3 mapper chip enabled larger, more sophisticated NES games through bank switching, scanline counting, and expanded capabilities.",The NES power expander,hardware,,,True,False,,1815,2026-09-09,,
vault/hardware/motorola-6809.mdx,vault,/vault/hardware/motorola-6809/,Motorola 6809,"The 1978 Motorola processor widely considered the best 8-bit CPU ever designed, featuring clean orthogonal architecture, 16-bit operations, and position-independent code support.",The finest 8-bit CPU,hardware,,,True,False,,957,2026-09-01,,
vault/hardware/multiface.mdx,vault,/vault/hardware/multiface/,Multiface,"Romantic Robot's Multiface — a cartridge that plugged into the Spectrum's expansion port, asserted NMI on a button press, paged its own ROM into low memory, and let the user inspect, modify, and snapshot the running program's state. Released in 1986, the Multiface was the single piece of hardware that turned cheat-finding from specialist work into a community pastime, and was the technical engine behind the magazine POKE columns of the late 1980s.",The hardware NMI freezer that made POKE culture possible,hardware,,,True,False,,915,2026-09-01,,
vault/hardware/nes-zapper.mdx,vault,/vault/hardware/nes-zapper/,NES Zapper,Nintendo's iconic light gun controller that brought Duck Hunt to millions of living rooms and defined home light gun gaming.,The orange light gun,hardware,,,True,False,,509,2026-09-01,,
vault/hardware/paddle-controller.mdx,vault,/vault/hardware/paddle-controller/,Paddle Controller,"The rotary controller that defined early gaming from Pong to Breakout, offering precise single-axis movement.",The original analogue input,hardware,,,True,False,,432,2026-09-01,,
vault/hardware/paula.mdx,vault,/vault/hardware/paula/,Paula: The Amiga's Voice,Paula delivered four independent 8-bit audio channels with DMA playback—giving the Amiga the most capable sound system of its generation.,Four channels of sample-based audio,hardware,,,True,False,,925,2026-09-01,,
vault/hardware/power-pad.mdx,vault,/vault/hardware/power-pad/,Power Pad,Nintendo's floor mat controller for the NES that pioneered physical gaming years before Dance Dance Revolution.,Gaming on your feet,hardware,,,True,False,,269,2026-08-29,,
vault/hardware/ppu.mdx,vault,/vault/hardware/ppu/,PPU: The NES Picture Processor,"The Ricoh 2C02 Picture Processing Unit gave the NES hardware sprites, tile-based backgrounds, and smooth scrolling—defining the look of 8-bit console gaming.",Dedicated silicon for smooth scrolling and sprites,hardware,,,True,False,,920,2026-09-09,,
vault/hardware/raspberry-pi.mdx,vault,/vault/hardware/raspberry-pi/,Raspberry Pi,"The Raspberry Pi brought affordable single-board computing to education and hobbyists, becoming the platform of choice for retro gaming projects.",Computing for everyone,hardware,,,True,False,,324,2026-09-01,,
vault/hardware/rob.mdx,vault,/vault/hardware/rob/,R.O.B.,Nintendo's robot accessory that helped the NES enter American stores by positioning the console as a toy rather than a video game system.,The Robotic Operating Buddy,hardware,,,True,False,,517,2026-09-01,,
vault/hardware/sid-chip.mdx,vault,/vault/hardware/sid-chip/,SID: The Sound of the C64,"The SID 6581/8580 chip gave the Commodore 64 synthesizer-class sound, inspiring composers and hardware hackers alike.","Three voices, endless personality",hardware,,,True,False,,451,2026-08-28,,
vault/hardware/spinner.mdx,vault,/vault/hardware/spinner/,Spinner Controller,"The specialised arcade input device offering continuous 360-degree rotation, essential for games like Tempest and Tron.",The arcade's rotary dial,hardware,,,True,False,,544,2026-09-01,,
vault/hardware/steering-wheel.mdx,vault,/vault/hardware/steering-wheel/,Steering Wheel Controller,"The specialised input device that brought realistic driving control from arcades to living rooms, evolving from bare spinners to force feedback systems.",The racing essential,hardware,,,True,False,,261,2026-09-01,,
vault/hardware/trackball.mdx,vault,/vault/hardware/trackball/,Trackball,The arcade input device that enabled precise analogue control for games like Centipede and Marble Madness.,Rolling precision,hardware,,,True,False,,277,2026-09-01,,
vault/hardware/ula.mdx,vault,/vault/hardware/ula/,The ULA,"The Uncommitted Logic Array (ULA) is the custom Ferranti chip that combined video generation, memory contention, keyboard scanning, tape and beeper I/O, and the border into a single integrated circuit. It is the reason the ZX Spectrum cost £125 instead of £250, and the reason the platform has the visual and acoustic identity it does.","One Ferranti gate array — display, keyboard, sound, I/O, and the Spectrum's whole personality",hardware,,,True,False,,1633,2026-09-01,,
vault/hardware/vic-ii.mdx,vault,/vault/hardware/vic-ii/,Inside the VIC-II,"Sprites, smooth scrolling, and 16 colours on a budget — the VIC-II (6567/6569) generated everything you saw on a Commodore 64. This entry covers both the historical context and the full programmer's reference.",The graphics chip that defined the Commodore 64,hardware,,,True,False,,1382,2026-08-29,,
vault/hardware/video-toaster.mdx,vault,/vault/hardware/video-toaster/,Video Toaster,"NewTek's Amiga expansion that turned a home computer into professional broadcast equipment. It sold for $1,595, and Business Week called it as capable as gear normally costing $60,000.",Broadcast on a budget,hardware,,,True,False,,466,2026-09-01,,
vault/hardware/vrc2.mdx,vault,/vault/hardware/vrc2/,VRC II,Konami built its own line of NES mapper chips instead of settling for Nintendo's. The VRC II gave eight separately switchable 1 KB character banks and a port for saving to serial EEPROM.,Konami's answer to the MMC,hardware,,,True,False,,933,2026-09-09,,
vault/hardware/ym2612.mdx,vault,/vault/hardware/ym2612/,YM2612,"Yamaha's YM2612 FM synthesis chip gave the Sega Mega Drive its distinctive sound, enabling complex timbres impossible on competing hardware.",The Mega Drive's voice,hardware,,,True,False,,375,2026-09-01,,
vault/hardware/z80.mdx,vault,/vault/hardware/z80/,Zilog Z80,"The Zilog Z80, designed by Federico Faggin after he left Intel, became the dominant 8-bit CPU of European home computing — powering the ZX Spectrum, Amstrad CPC, MSX, Game Boy, Sega Master System, and countless arcade machines. An 8080-compatible superset with shadow registers, block operations, and an instruction set rich enough to feel almost mid-range for a 1976 chip.",The 8-bit processor that defined British home computing,hardware,,,True,False,,1743,2026-09-01,,
vault/magazines/576-kbyte.mdx,vault,/vault/magazines/576-kbyte/,576 KByte,"576 KByte ran monthly from January 1990 to December 1999 — 140 issues, the only Hungarian title in this library. Its first issue is entirely about Western games, and the transition it was born into can be measured in its own pages: the companies advertising in it are gazdasági munkaközösségek until 1994 and limited companies afterwards.",A Hungarian games magazine that starts the month after the system ends,magazines,,,True,False,,637,2026-08-30,,
vault/magazines/ace-magazine.mdx,vault,/vault/magazines/ace-magazine/,ACE Magazine,"ACE provided multi-format coverage with a mature editorial approach, treating games as legitimate entertainment worthy of serious criticism.",Advanced Computer Entertainment,magazines,,,True,False,,222,2026-08-29,,
vault/magazines/acorn-user.mdx,vault,/vault/magazines/acorn-user/,Acorn User,"Launched in August 1982 as the official magazine for Acorn's machines, published by Addison-Wesley for Acorn Computers. Unlike the independent titles this Vault mostly covers, Acorn User was the manufacturer's — which is why Elite launched in it.",The manufacturer's own magazine,magazines,,,True,False,,356,2026-08-29,,
vault/magazines/amiga-action.mdx,vault,/vault/magazines/amiga-action/,Amiga Action,"Launched from Sussex by Gollner Publishing in October 1989 against Future, EMAP and Europress, and running to June 1995 — by which time it had been bought by two of them in turn: Europress around mid-1991, then IDG at the end of 1994.","Chichester's entry into a crowded market, and what became of it",magazines,,,True,False,,415,2026-08-29,,
vault/magazines/amiga-computing.mdx,vault,/vault/magazines/amiga-computing/,Amiga Computing,"Database Publications' Amiga magazine ran from June 1988 to October 1997, through three owners. Its own small print traces a line most histories keep separate: Database was a division of Europress, the publisher that picked up CRASH and ZZAP!64 when Newsfield collapsed — and that sold the magazine on to IDG at the end of 1994.","Macclesfield's Amiga monthly, and the house that later took CRASH",magazines,,,True,False,,629,2026-08-29,,
vault/magazines/amiga-format.mdx,vault,/vault/magazines/amiga-format/,Amiga Format,The long-running Amiga magazine (1989-2000) from Future Publishing that provided comprehensive platform coverage with multiple cover disks and professional journalism throughout the Amiga's commercial life.,Comprehensive Amiga coverage,magazines,,,True,False,,278,2026-09-01,,
vault/magazines/amiga-joker.mdx,vault,/vault/magazines/amiga-joker/,Amiga Joker,"Joker Verlag published Amiga Joker from Haar, near Munich, between April 1990 and October 1996. Its masthead states a publishing schedule — ten issues a year, last Friday of the preceding month, double issues for June/July and August/September — that the holdings then confirm month for month across four consecutive years.","The German Amiga monthly, and the first German title in this Vault",magazines,,,True,False,,553,2026-08-29,,
vault/magazines/amiga-power.mdx,vault,/vault/magazines/amiga-power/,Amiga Power,"Amiga Power rejected the cosy relationship between magazines and publishers, delivering brutally honest reviews that readers trusted and the industry feared.",Uncompromising criticism,magazines,,,True,False,,547,2026-08-28,,
vault/magazines/amiga-shopper.mdx,vault,/vault/magazines/amiga-shopper/,Amiga Shopper,"Future Publishing's third Amiga title ran 108 issues from April 1991 to January 1997, positioned at the buying decision rather than the games — the serious end of a market Future already covered twice over.",The Amiga magazine for people who wanted to buy things,magazines,,,True,False,,185,2026-08-29,,
vault/magazines/amiga-user-international.mdx,vault,/vault/magazines/amiga-user-international/,Amiga User International,An independent Amiga magazine published by Croftward Limited from Clerkenwell — the same postcode district as EMAP — and running at least from 1987 to 1996. The last British title in this library to get an entry.,"Croftward's Amiga monthly, and a third publisher in EC1R",magazines,,,True,False,,284,2026-08-29,,
vault/magazines/amstrad-action.mdx,vault,/vault/magazines/amstrad-action/,Amstrad Action,"117 issues from October 1985 to June 1995, and the title Future Publishing was founded to print. Its Mastergame award ran from the first issue, and it outlasted the machine it covered.","Future Publishing's first magazine, and the CPC's longest run",magazines,,,True,False,,263,2026-08-27,,
vault/magazines/amstrad-semanal.mdx,vault,/vault/magazines/amstrad-semanal/,Amstrad Semanal,"Hobby Press published Amstrad Semanal in Spain from 3 September 1985, weekly, and this library holds a hundred consecutive issues to 1987 — more day-dated issues than any other title held, including Britain's Personal Computer News. Its first cover analyses Knight Lore as the number one program in the world.","A weekly Amstrad magazine, and the longest weekly run in this library",magazines,,,True,False,,408,2026-08-30,,
vault/magazines/amtix.mdx,vault,/vault/magazines/amtix/,Amtix!,"Nineteen issues from October 1985 to April 1987. Newsfield brought the CRASH and ZZAP!64 formula to the Amstrad CPC, gave it the Accolade award, and closed it inside eighteen months.","Newsfield's Amstrad title, and the one that did not last",magazines,,,True,False,,340,2026-08-27,,
vault/magazines/atari-club-magazin.mdx,vault,/vault/magazines/atari-club-magazin/,Atari Club Magazin,"Atari ran a members' club in West Germany with its own magazine, held here from 1982 to 1984. Its pages promote E.T. for a December 1982 German release, report survey findings that video games reduce aggression, and apologise for club merchandise selling out — all in the months the American market was collapsing.","Atari's German club magazine, selling E.T. while America stopped buying",magazines,,,True,False,,699,2026-08-30,,
vault/magazines/atari-st-user.mdx,vault,/vault/magazines/atari-st-user/,Atari ST User,"Database Publications' Atari ST monthly ran from March 1986 to October 1994 — the second of three machine-specific titles the Europress group launched, after The Micro User and before Amiga Computing.",The middle title in Database's platform sequence,magazines,,,True,False,,237,2026-08-29,,
vault/magazines/australian-personal-computer.mdx,vault,/vault/magazines/australian-personal-computer/,Australian Personal Computer,"APC launched in May 1980 from Carlton, Victoria, with 'AUSTRALIA'S FIRST MICRO MAGAZINE' on the cover — five months after MICRO-80 began publishing in South Australia. Its contributors, columns and cover artist are British, and match a British magazine's, but this library holds nothing from that title early enough to test the connection.","Melbourne's general micro monthly, and a claim this library contradicts",magazines,,,True,False,,336,2026-08-30,,
vault/magazines/bajtek.mdx,vault,/vault/magazines/bajtek/,Bajtek,"Bajtek launched in September 1985 as a joint monthly supplement to Sztandar Młodych and Odrodzenie, with the stated aim of combating microcomputer illiteracy in Poland. Its first issue covers the ZX Spectrum, LOGO, joysticks, software protection — and Atic Atac.",A Polish computer magazine issued as a supplement to the state youth newspaper,magazines,,,True,False,,778,2026-08-30,,
vault/magazines/c-hacking.mdx,vault,/vault/magazines/c-hacking/,C= Hacking,"Founded on Usenet in February 1992 by Craig Taylor to explain what people had worked out about the C64 and C128, and still running a decade later. Pasi 'Albert' Ojala's 'Demo Corner' in it is why FLI, DYCP and sprite stretching are written down at all.",The net-magazine that documented the C64's tricks,magazines,,,True,False,,452,2026-09-02,,
vault/magazines/club-commodore.mdx,vault,/vault/magazines/club-commodore/,Club Commodore,"Club Commodore was a bulletin for VIC-20 and CBM users published in Spain from 1982 by Microelectrónica y Control, Commodore's exclusive Spanish distributor. It is the earliest club magazine in this library, its content is technical rather than promotional, and its December 1982 issue wishes readers a happy new year in Spanish, Catalan, Basque and Galician.","A Barcelona distributor's bulletin, greeting its readers in four languages",magazines,,,True,False,,510,2026-08-30,,
vault/magazines/club-nintendo.mdx,vault,/vault/magazines/club-nintendo/,Club Nintendo,"Nintendo of Europe published Club Nintendo from 1989 in English, German and Dutch. The three editions are the same twenty pages in three languages — same features, same page numbers, same jokes — with only the club's return address changed. It was made in cooperation with Tokuma Shoten of Tokyo, under project leads titled national and international.","The manufacturer's own magazine, issued page-for-page in three languages",magazines,,,True,False,,557,2026-08-30,,
vault/magazines/commodore-computer-club.mdx,vault,/vault/magazines/commodore-computer-club/,Commodore Computer Club,"Commodore Computer Club ran from September 1982 to December 1991, ninety issues from Milan. Its first issue previews the Commodore 64 at launch, runs a part-work programming course, interviews a self-described compucantautore, and pays its contributors in cassettes. Nothing in it claims any connection to Commodore.","Milan, September 1982 — the earliest club magazine held, and it previews the C64",magazines,,,True,False,,417,2026-08-30,,
vault/magazines/commodore-format.mdx,vault,/vault/magazines/commodore-format/,Commodore Format,"Commodore Format supported the Commodore 64 through its twilight years, providing reviews, type-in listings, and cover tapes when other magazines had moved on.",C64's last champion,magazines,,,True,False,,234,2026-08-29,,
vault/magazines/compute-magazine.mdx,vault,/vault/magazines/compute-magazine/,COMPUTE!,"American computing magazine that served multiple platforms from 1979 to 1994, famous for its type-in programs and technical content.",The multi-platform standard,magazines,,,True,False,,245,2026-09-01,,
vault/magazines/computer-and-video-games.mdx,vault,/vault/magazines/computer-and-video-games/,Computer & Video Games,"C&VG launched in November 1981, before most of the machines it would review existed, and ran until 2004. It is the largest single holding in this library's magazine archive and the source of 347 scored Spectrum reviews.","Britain's first, and it outlasted almost everything it covered",magazines,,,True,False,,334,2026-08-29,,
vault/magazines/computer-gaming-world.mdx,vault,/vault/magazines/computer-gaming-world/,Computer Gaming World,"Computer Gaming World provided in-depth coverage of PC gaming from 1981, becoming the authoritative voice for strategy, RPG, and simulation enthusiasts.",America's strategy bible,magazines,,,True,False,,236,2026-09-01,,
vault/magazines/computes-gazette.mdx,vault,/vault/magazines/computes-gazette/,Compute!'s Gazette,"*Compute!'s Gazette* provided Commodore users with type-in programs, tutorials, and reviews, teaching programming through practical application.",Programs you can type,magazines,,,True,False,,167,2026-09-01,,
vault/magazines/crash-magazine.mdx,vault,/vault/magazines/crash-magazine/,CRASH,"Newsfield's CRASH magazine ran from February 1984 to April 1992, covering the ZX Spectrum with the wit, art, and reviewer energy that made it the platform's defining publication.",The Spectrum monthly that defined a decade,magazines,,,True,False,,996,2026-08-29,,
vault/magazines/creative-computing.mdx,vault,/vault/magazines/creative-computing/,Creative Computing,"David Ahl's pioneering magazine that covered personal computing from 1974 to 1985, predating the home computer revolution.",The first personal computer magazine,magazines,,,True,False,,269,2026-09-01,,
vault/magazines/cu-amiga.mdx,vault,/vault/magazines/cu-amiga/,CU Amiga,"EMAP's Commodore magazine ran from June 1983 to October 1998 under two names — Commodore User for six years, CU Amiga for nine more. It is the longest-held British Commodore title in this library and, until now, the largest one the Vault had never written about.","Commodore User, renamed when the Amiga won",magazines,,,True,False,,434,2026-08-29,,
vault/magazines/drean-commodore.mdx,vault,/vault/magazines/drean-commodore/,Drean Commodore,"Drean Commodore ran from December 1985, covering Commodore machines built in Argentina under licence by Drean. The magazine names the product the way its readers bought it — la Drean Commodore 64 — which is the whole difference between Argentina's route to the machine and Britain's.","Argentina's Commodore magazine, for a machine called the Drean Commodore 64",magazines,,,True,False,,371,2026-08-30,,
vault/magazines/famitsu.mdx,vault,/vault/magazines/famitsu/,Famitsu,"The most influential Japanese gaming publication (1986-present), known for its four-reviewer scoring system out of 40 and prestigious perfect scores that only around 30 games have ever achieved.",Japan's gaming authority,magazines,,,True,False,,192,2026-09-01,,
vault/magazines/illegal.mdx,vault,/vault/magazines/illegal/,Illegal,"Illegal was a Commodore 64 diskmag by Jeff Smart and Triad — the cracking scene's news, charts, and gossip, carrying the debates a crack intro never could.",The cracking scene's own press,magazines,,,True,False,,227,2026-09-01,,
vault/magazines/input-magazine.mdx,vault,/vault/magazines/input-magazine/,Input,Marshall Cavendish's 1984 part-work magazine that provided comprehensive computing education across 52 weekly issues.,The complete computing course,magazines,,,True,False,,257,2026-09-01,,
vault/magazines/mc-microcomputer.mdx,vault,/vault/magazines/mc-microcomputer/,MC-microcomputer,"Technimedia's Italian computing monthly ran 222 issues from September 1981 to June 2001. At 60,950 pages it is the biggest single publication in this project's reference library — larger than Byte, Compute! or Computer Gaming World — and until now the Vault had never mentioned it.","The largest title in this library, and the first Italian entry in this Vault",magazines,,,True,False,,355,2026-08-29,,
vault/magazines/mean-machines.mdx,vault,/vault/magazines/mean-machines/,Mean Machines,"EMAP's console monthly ran from October 1990 to September 1992, covering the Mega Drive and Super Famicom era for a British readership that had spent the decade on home computers.","EMAP's console magazine, when consoles arrived",magazines,,,True,False,,217,2026-08-29,,
vault/magazines/micro-80.mdx,vault,/vault/magazines/micro-80/,MICRO-80,"MICRO-80 was published from Goodwood, South Australia, from December 1979 — the earliest Australian title in this library and eighteen months earlier than the earliest British one. It bought its programs from its readers, offered every issue's listings on a companion cassette, and printed an anti-copying appeal that declines to threaten anyone.",An Australian TRS-80 monthly that sold its listings on cassette in 1979,magazines,,,True,False,,555,2026-08-30,,
vault/magazines/micro-sistemas.mdx,vault,/vault/magazines/micro-sistemas/,Micro Sistemas,"Micro Sistemas launched in Rio de Janeiro in October 1981, calling itself the first Brazilian publication devoted to microcomputers. Its opening editorial answers 'the dream is over' with a dream beginning, and its first issue carries an interview that explains, from inside the industry, why Brazilian machines cost more and used domestic parts.","Brazil's first microcomputer magazine, opening on the death of John Lennon",magazines,,,True,False,,594,2026-08-30,,
vault/magazines/micro-user.mdx,vault,/vault/magazines/micro-user/,The Micro User,"Launched in March 1983 for the BBC Micro by Database Publications of Macclesfield — the company that, as part of Europress, would publish Amiga Computing and later take CRASH and ZZAP!64.","Database Publications' BBC monthly, and the start of a longer story",magazines,,,True,False,,278,2026-08-29,,
vault/magazines/mikroprozessortechnik.mdx,vault,/vault/magazines/mikroprozessortechnik/,Mikroprozessortechnik,"Mikroprozessortechnik began in East Berlin in 1987, published by VEB Verlag Technik for the Kammer der Technik under licence number 1710 from the GDR Press Office. Its first issue leads on microelectronics as a key technology for the national economy, and its programming courses cover the Soviet 8086 clone and the GDR's own dBASE.","An East German computing journal, licensed by the Council of Ministers",magazines,,,True,False,,449,2026-08-30,,
vault/magazines/mikroszamitogep-magazin.mdx,vault,/vault/magazines/mikroszamitogep-magazin/,Mikroszámítógép Magazin,"Mikroszámítógép Magazin ran from 1984, published by the John von Neumann Computer Science Society with the state computing institute. It is the first pre-transition Hungarian title in this library, and the machine landscape it describes — with the Enterprise and the domestic Primo in its top six — vanishes entirely from the Hungarian press after 1990.","Hungary before 1990, published by the John von Neumann Computer Science Society",magazines,,,True,False,,424,2026-08-30,,
vault/magazines/nintendo-magazine-system.mdx,vault,/vault/magazines/nintendo-magazine-system/,Nintendo Magazine System,"EMAP launched Nintendo Magazine System in Britain in October 1992, publishing it commercially while holding a licence from Nintendo for the characters, logos and trademarks. An Australian edition of the same name appeared under a Sydney publisher with its own staff, its own numbering and half the page count — and no printed statement of any relationship between the two.",An official Nintendo magazine that Nintendo did not publish,magazines,,,True,False,,554,2026-08-30,,
vault/magazines/nintendo-power.mdx,vault,/vault/magazines/nintendo-power/,Nintendo Power,"Nintendo of America's official magazine (1988-2012) that provided exclusive coverage, strategy guides, and promotional content, becoming essential reading for Nintendo fans through its combination of tips, maps, and insider information.",The house magazine,magazines,,,True,False,,187,2026-09-01,,
vault/magazines/page-6.mdx,vault,/vault/magazines/page-6/,PAGE 6,"Started in December 1981 by the Birmingham User Group as a bi-monthly for Atari owners the national press ignored, PAGE 6 became New Atari User and ran until 1998 — seventeen years, longer than CRASH, ZZAP!64 or Your Sinclair managed.",A computer club's magazine that outlasted the professionals,magazines,,,True,False,,351,2026-08-29,,
vault/magazines/papersoft.mdx,vault,/vault/magazines/papersoft/,PAPERsoft,"PAPERsoft launched in Milan on 15 June 1984 as 'the first weekly of software on paper', publishing type-in listings and nothing else. Almost every program carries an English-language author and a named Italian translator-adapter, which makes the magazine a record of foreign software entering a market program by program, before commercial localisation.","An Italian weekly of nothing but programs, translated from English one listing at a time",magazines,,,True,False,,580,2026-08-30,,
vault/magazines/pc-player.mdx,vault,/vault/magazines/pc-player/,PC Player,"PC Player ran from January 1993 to at least December 1999 under Heinrich Lenhardt, published by DMV Verlag of the WEKA group. In September 1999 it announced its own sale — to Future Verlag GmbH, the German arm of Future Publishing — in a stop-press note that also records what Future had become by then: 108 magazines, and the market leaders in Britain, Italy, France and the United States.","Germany's PC games monthly, and the largest German title held here",magazines,,,True,False,,578,2026-08-30,,
vault/magazines/pixel.mdx,vault,/vault/magazines/pixel/,Pixel,"Compupress launched Pixel in Athens in October 1983 as a quarterly of type-in program listings, spun out of an existing magazine because a questionnaire showed readers wanted more of them. It went monthly in 1985 and ran until June 1996 — 133 issues, the largest holding here from any territory outside Britain, Italy, the United States and Germany.","Greece's listings magazine, launched on the evidence of a reader survey",magazines,,,True,False,,506,2026-08-29,,
vault/magazines/racunari.mdx,vault,/vault/magazines/racunari/,Računari,"Računari began in Belgrade in January 1984 with a special issue, Računari u vašoj kući, carrying complete self-build instructions for a home computer. The machine was the Galaksija, designed — the issue says — by one man, Voja Antonić, in under a month.",The Belgrade magazine that published a computer you could build,magazines,,,True,False,,365,2026-08-30,,
vault/magazines/retro-gamer.mdx,vault,/vault/magazines/retro-gamer/,Retro Gamer,"Retro Gamer magazine became the definitive publication for classic gaming enthusiasts, documenting gaming history through developer interviews and retrospectives.",Celebrating gaming history,magazines,,,True,False,,316,2026-09-01,,
vault/magazines/scene-diskmags.mdx,vault,/vault/magazines/scene-diskmags/,Scene Diskmags,"Diskmags were electronic magazines distributed on floppy disk, covering the demoscene with news, interviews, tutorials, and opinion pieces from within the community.",Underground publications,magazines,,,True,False,,266,2026-09-01,,
vault/magazines/sinclair-programs.mdx,vault,/vault/magazines/sinclair-programs/,Sinclair Programs,"ECC Publications' companion to Sinclair User ran 52 issues from June 1983 to September 1985, built around type-in programs rather than reviews — and its 1985 survey of the trade's birthdays is a source this Vault leans on.",A magazine that was mostly listings,magazines,,,True,False,,229,2026-08-29,,
vault/magazines/sinclair-user.mdx,vault,/vault/magazines/sinclair-user/,Sinclair User,"Sinclair User ran from April 1982 to May 1993 — the technical, programmer-friendly counterpoint to CRASH's reviews and Your Sinclair's irreverence. The longest-running Spectrum monthly, and the one that took the platform's hardware seriously.",The serious Spectrum monthly,magazines,,,True,False,,727,2026-08-29,,
vault/magazines/st-format.mdx,vault,/vault/magazines/st-format/,ST Format,"Future Publishing's Atari ST magazine ran from July 1989 to September 1996. It and Amiga Format are the two halves of ST/Amiga Format, which separated in mid-1989 — and its colophon places Future in Bath by then.","Future's Atari ST monthly, and the other half of a split",magazines,,,True,False,,195,2026-08-29,,
vault/magazines/st-magazine.mdx,vault,/vault/magazines/st-magazine/,ST Magazine,"ST Magazine launched in France in September 1985 — six months before Atari ST User and nearly four years before ST Format, making it the earliest ST-dedicated title in this library. In December 1986 the Commission paritaire withdrew its press accreditation, on the ground that magazines devoted to a single computing standard are effectively advertising catalogues for the brand.","The first Atari ST magazine held here, and the one a state told it was not journalism",magazines,,,True,False,,641,2026-08-30,,
vault/magazines/the-games-machine-italy.mdx,vault,/vault/magazines/the-games-machine-italy/,The Games Machine (Italy),"Newsfield licensed The Games Machine to Edizioni Hobby of Milan in 1988. The British edition closed after 34 issues in September 1990 and Newsfield collapsed the following year; the Italian edition dropped the licence line, changed publisher, and kept going until May 1999 — 112 issues held here against Britain's 34.",The licensed edition that outlived its licensor by eight years,magazines,,,True,False,,606,2026-08-29,,
vault/magazines/the-games-machine.mdx,vault,/vault/magazines/the-games-machine/,The Games Machine,"Launched October 1987 as a multi-format magazine from the publisher of CRASH and Zzap!64 — a deliberate departure, and by a competitor's account a direct response to the success of a revamped Computer & Video Games.",Newsfield's answer to a rival's good year,magazines,,,True,False,,446,2026-08-29,,
vault/magazines/the-one.mdx,vault,/vault/magazines/the-one/,The One,"The One covered Amiga, Atari ST, and PC gaming with authoritative reviews, bridging the 16-bit computer era before dedicated platform magazines dominated.",Multi-format authority,magazines,,,True,False,,192,2026-08-29,,
vault/magazines/your-commodore.mdx,vault,/vault/magazines/your-commodore/,Your Commodore,"Argus Specialist Publications ran Your Commodore from October 1984 to October 1991 — seven years across the VIC-20, the C64 and the Amiga, trailed by a free supplement inside another of its own magazines.","Argus's Commodore monthly, and another October launch",magazines,,,True,False,,192,2026-08-29,,
vault/magazines/your-sinclair.mdx,vault,/vault/magazines/your-sinclair/,Your Sinclair,"Your Sinclair (YS) ran from January 1986 to September 1993 — the irreverent, joke-filled, sometimes outright surreal counter-magazine to CRASH and Sinclair User, beloved by readers for its writing as much as its coverage.",The Spectrum monthly with the puns,magazines,,,True,False,,630,2026-08-29,,
vault/magazines/your-spectrum.mdx,vault,/vault/magazines/your-spectrum/,Your Spectrum,"Sportscene Specialist Press's Spectrum monthly ran 21 issues from January 1984 to December 1985, and stopped because it became Your Sinclair the following month.",What Your Sinclair was before it was Your Sinclair,magazines,,,True,False,,195,2026-08-29,,
vault/magazines/zx-computing.mdx,vault,/vault/magazines/zx-computing/,ZX Computing,"Launched in 1982 out of the Computing Today stable, ZX Computing covered Sinclair machines with a listings-and-hardware bent rather than a games one — and still supplied 345 scored Spectrum reviews.",The Spectrum magazine that came from the electronics press,magazines,,,True,False,,268,2026-09-01,,
vault/magazines/zzap-64.mdx,vault,/vault/magazines/zzap-64/,ZZAP!64,"The defining Commodore 64 magazine. Ninety issues from April 1985 to November 1992, whose reviewers became names in their own right and whose Gold Medal was the award a C64 game most wanted.",C64 gaming authority,magazines,,,True,False,,797,2026-08-29,,
vault/people/al-alcorn.mdx,vault,/vault/people/al-alcorn/,Al Alcorn,"The Atari engineer who designed and built Pong, the game that launched the video game industry and proved electronic entertainment could be a viable business.",The engineer who built Pong,people,,,True,False,,314,2026-08-27,,
vault/people/al-charpentier.mdx,vault,/vault/people/al-charpentier/,Al Charpentier,"Al Charpentier led the MOS team that transformed the VIC chip into the sprite-savvy VIC-II, powering the Commodore 64’s graphics.",The visual architect of the VIC-II,people,,,True,False,,107,2026-08-27,,
vault/people/al-lowe.mdx,vault,/vault/people/al-lowe/,Al Lowe,"Al Lowe created Leisure Suit Larry and brought adult comedy to adventure games, designing clever puzzles beneath the double entendres while composing music for Sierra's catalogue.",Leisure Suit Larry creator,people,,,True,False,,206,2026-08-27,,
vault/people/alexey-pajitnov.mdx,vault,/vault/people/alexey-pajitnov/,Alexey Pajitnov,"Soviet programmer Alexey Pajitnov created Tetris, one of the most successful games ever made—then watched others profit while he earned nothing for years.",The man who made Tetris,people,,,True,False,,395,2026-08-27,,
vault/people/andreas-tadic.mdx,vault,/vault/people/andreas-tadic/,Andreas Tadic,"Programmed Alien Breed, Project X and Superfrog for Team17 — from Sweden, at a British studio, which Amiga Power thought worth remarking on.",Team17's Swedish half,people,,,True,False,,610,2026-08-27,,
vault/people/andrew-braybrook.mdx,vault,/vault/people/andrew-braybrook/,Andrew Braybrook,"Andrew Braybrook (b. 1960) was Hewson Consultants' flagship Commodore 64 author from 1984 through 1989, producing Paradroid, Uridium, Morpheus, Intensity, and Fire & Ice. His Zzap!64 development diaries — written month-by-month while the games were being built — were the British home-computer press's most honest account of what shipping a commercial 8-bit game actually looked like.","Paradroid, Uridium, and the diary that taught Britain how games were made",people,,,True,False,,879,2026-08-27,,
vault/people/andrew-deakin.mdx,vault,/vault/people/andrew-deakin/,Andrew Deakin,Ocean's Spectrum programmer on three of the biggest licences the company ever handled — named in 37 issues of the British press and in no credit field anywhere.,"Operation Wolf, Rambo III, Combat School",people,,,True,False,,490,2026-08-27,,
vault/people/andrew-hewson.mdx,vault,/vault/people/andrew-hewson/,Andrew Hewson,"Founded Hewson Consultants, published Paradroid, Uridium and Cybernoid, credited his authors when the industry did not, argued in print against budget software — and wrote Sinclair User's monthly technical column while doing it.","Put the programmer's name on the cassette, and wrote the Z80 column himself",people,,,True,False,,485,2026-08-27,,
vault/people/andy-davidson.mdx,vault,/vault/people/andy-davidson/,Andy Davidson,"The British programmer who created Worms in Blitz Basic, proving that BASIC could produce one of gaming's most successful franchises.",Worms creator,people,,,True,False,,242,2026-08-27,,
vault/people/anita-sinclair.mdx,vault,/vault/people/anita-sinclair/,Anita Sinclair,"Anita Sinclair co-founded Magnetic Scrolls and brought literary ambition to text adventures, proving interactive fiction could be as refined as traditional literature.",Pioneer of interactive fiction,people,,,True,False,,256,2026-08-27,,
vault/people/ben-daglish.mdx,vault,/vault/people/ben-daglish/,Ben Daglish,"Ben Daglish composed unforgettable C64 soundtracks including The Last Ninja, blending catchy melodies with technical mastery.",Melody maker of the SID scene,people,,,True,False,,273,2026-08-27,,
vault/people/bernie-drummond.mdx,vault,/vault/people/bernie-drummond/,Bernie Drummond,"British artist who collaborated with Jon Ritman to create the distinctive visual style of Knight Lore, Head Over Heels, and other isometric classics.",Filmation's visual architect,people,,,True,False,,258,2026-08-27,,
vault/people/bo-jangeborg.mdx,vault,/vault/people/bo-jangeborg/,Bo Jangeborg,"Bo Jangeborg wrote Fairlight for The Edge in 1985 — ten in the morning to eleven at night, sometimes sleeping at the machine — on graphics tools he had written himself. CRASH gave it 95%. He went home to Sweden afterwards and left the tools behind.","The Swedish programmer who built the tools, then built Fairlight with them",people,,,True,False,,444,2026-08-27,,
vault/people/bob-pape.mdx,vault,/vault/people/bob-pape/,Bob Pape,Named by Sinclair User in October 1988 as the programmer of the Spectrum R-Type — the conversion the machine is usually defended with — after coming up through computer-operator jobs from the age of sixteen.,The man behind the Spectrum R-Type,people,,,True,False,,316,2026-08-27,,
vault/people/bob-wakelin.mdx,vault,/vault/people/bob-wakelin/,Bob Wakelin,"British artist whose painted box art defined Ocean Software's visual identity throughout the 1980s, creating iconic covers for Batman, Robocop, and dozens of licensed games.",Ocean's visual voice,people,,,True,False,,230,2026-08-27,,
vault/people/bob-yannes.mdx,vault,/vault/people/bob-yannes/,Bob Yannes,"Chip designer Bob Yannes created the SID 6581, giving the Commodore 64 its legendary sound palette.",The ear behind the SID,people,,,True,False,,109,2026-08-27,,
vault/people/brian-fargo.mdx,vault,/vault/people/brian-fargo/,Brian Fargo,Brian Fargo founded Interplay Entertainment and oversaw RPG classics from Wasteland to Baldur's Gate before creating inXile Entertainment to continue the legacy.,Interplay founder,people,,,True,False,,165,2026-08-27,,
vault/people/brian-howarth.mdx,vault,/vault/people/brian-howarth/,Brian Howarth,"Author of the Mysterious Adventures series for Digital Fantasia — a run of text adventures built on one reusable interpreter, years before the Quill made that approach general.","The Mysterious Adventures, and an engine of his own",people,,,True,False,,459,2026-08-27,,
vault/people/byuu.mdx,vault,/vault/people/byuu/,byuu (Near),"The pioneering emulator developer who proved cycle-accurate emulation was achievable, creating bsnes/higan and documenting undocumented hardware behaviour.",The accuracy advocate,people,,,True,False,,281,2026-08-27,,
vault/people/charles-cecil.mdx,vault,/vault/people/charles-cecil/,Charles Cecil,"The British game designer who founded Revolution Software and created the beloved Broken Sword series, keeping point-and-click adventures alive through industry changes.",Broken Sword's creator,people,,,True,False,,313,2026-08-27,,
vault/people/chris-anderson.mdx,vault,/vault/people/chris-anderson/,Chris Anderson,"Editor of Personal Computer Games, launch editor of ZZAP!64 for Newsfield, and founder of Future Publishing — all between 1984 and late 1985, and all documented in the magazines themselves.","Three magazines and a publisher, in eighteen months",people,,,True,False,,318,2026-08-29,,
vault/people/chris-avellone.mdx,vault,/vault/people/chris-avellone/,Chris Avellone,"Chris Avellone wrote Planescape: Torment, KOTOR II, and Fallout: New Vegas content, bringing literary ambition and moral complexity to role-playing narratives before industry controversy.",RPG's dark poet,people,,,True,False,,175,2026-08-28,,
vault/people/chris-crawford.mdx,vault,/vault/people/chris-crawford/,Chris Crawford,"Chris Crawford championed games as an art form, creating innovative titles like Balance of Power while writing influential texts on game design theory.",Game design theorist,people,,,True,False,,279,2026-08-27,,
vault/people/chris-huelsbeck.mdx,vault,/vault/people/chris-huelsbeck/,Chris Hülsbeck,"Chris Hülsbeck composed defining soundtracks for Turrican and R-Type, becoming Germany's most celebrated game composer.",Germany's game music maestro,people,,,True,False,,283,2026-08-27,,
vault/people/chris-metzen.mdx,vault,/vault/people/chris-metzen/,Chris Metzen,"Chris Metzen created Warcraft and StarCraft's universes, defined Blizzard's visual style, and voiced iconic characters before retiring and returning to lead Warcraft again.",Blizzard's voice,people,,,True,False,,177,2026-08-28,,
vault/people/chris-roberts.mdx,vault,/vault/people/chris-roberts/,Chris Roberts,"Chris Roberts created Wing Commander and pioneered cinematic gaming, pushing production values to Hollywood levels before founding Cloud Imperium Games for Star Citizen.",Wing Commander creator,people,,,True,False,,172,2026-08-27,,
vault/people/chris-sawyer.mdx,vault,/vault/people/chris-sawyer/,Chris Sawyer,"Chris Sawyer single-handedly programmed Transport Tycoon and RollerCoaster Tycoon in assembly language, achieving remarkable technical feats through individual dedication.",Assembly language master,people,,,True,False,,173,2026-08-28,,
vault/people/christian-urquhart.mdx,vault,/vault/people/christian-urquhart/,Christian Urquhart,Author of Hunchback and co-author of Daley Thompson's Decathlon — two of Ocean's defining early hits — who then went to a tiny Brighton label to make a 152-screen arcade adventure.,"Hunchback, Decathlon, Robot Messiah",people,,,True,False,,480,2026-08-27,,
vault/people/chuck-peddle.mdx,vault,/vault/people/chuck-peddle/,Chuck Peddle,"Chuck Peddle designed the 6502 processor that powered the Apple II, Commodore 64, NES, and countless other systems that defined personal computing.",Father of the 6502,people,,,True,False,,264,2026-08-27,,
vault/people/clive-sinclair.mdx,vault,/vault/people/clive-sinclair/,Sir Clive Sinclair,"Inventor Clive Sinclair made home computing affordable with the ZX80, ZX81, and ZX Spectrum, igniting the UK's bedroom coder revolution.",The man who put Britain online,people,,,True,False,,478,2026-08-27,,
vault/people/costa-panayi.mdx,vault,/vault/people/costa-panayi/,Costa Panayi,"The programmer behind TLL, Highway Encounter and Cyclone, whose games all look at the world from the same unusual angle — and who CRASH profiled alongside Jon Ritman.","Vortex, and the view from above and behind",people,,,True,False,,485,2026-08-27,,
vault/people/dale-luck.mdx,vault,/vault/people/dale-luck/,Dale Luck,"Dale Luck programmed key parts of the Amiga's graphics system and Intuition user interface, helping define the platform's capabilities.",Amiga graphics pioneer,people,,,True,False,,138,2026-08-27,,
vault/people/dan-bunten.mdx,vault,/vault/people/dan-bunten/,Dan Bunten,"Dan Bunten created M.U.L.E. and Seven Cities of Gold, pioneering multiplayer game design and economic simulations that influenced generations of developers.",Multiplayer pioneer,people,,,True,False,,290,2026-08-27,,
vault/people/dan-malone.mdx,vault,/vault/people/dan-malone/,Dan Malone,"An artist, not a programmer — CRASH interviewed him about game design in 1986 — whose work at Palace and then the Bitmap Brothers gave two studios a visual identity people can still recognise.","Palace's artist, then the Bitmap Brothers' look",people,,,True,False,,479,2026-08-27,,
vault/people/dan-silva.mdx,vault,/vault/people/dan-silva/,Dan Silva,"The programmer who created Deluxe Paint, the graphics software that defined pixel art creation on the Amiga and became the industry standard for game artists.",Creator of Deluxe Paint,people,,,True,False,,270,2026-08-27,,
vault/people/darling-brothers.mdx,vault,/vault/people/darling-brothers/,The Darling Brothers,"David and Richard Darling founded Codemasters at ages 16 and 18, building a games empire from their parents' home that pioneered budget gaming and produced the Dizzy series.",Codemasters founders,people,,,True,False,,260,2026-08-27,,
vault/people/dave-jones.mdx,vault,/vault/people/dave-jones/,Dave Jones,"Founded DMA Design in Dundee, created Lemmings and originated Grand Theft Auto — and established a games industry in a city that had none.",From Lemmings to liberty,people,,,True,False,,344,2026-08-27,,
vault/people/dave-lebling.mdx,vault,/vault/people/dave-lebling/,Dave Lebling,"The MIT programmer who co-created Zork and designed many of Infocom's most innovative games, pushing the boundaries of interactive fiction.",The other Zork creator,people,,,True,False,,271,2026-08-27,,
vault/people/dave-rogers.mdx,vault,/vault/people/dave-rogers/,Dave Rogers,"Wrote the Spectrum music for Cybernoid, Cybernoid II and Stormlord — three of the platform's most-cited beeper scores, widely and wrongly credited to Tim Follin. CRASH, Your Sinclair and Cecco's own development diary all name Rogers.","Hewson's house composer, and the man who wrote Stormlord's music",people,,,True,False,,394,2026-08-27,,
vault/people/dave-theurer.mdx,vault,/vault/people/dave-theurer/,Dave Theurer,"Dave Theurer created Missile Command and Tempest, two of Atari's most influential arcade games, pioneering colour vector graphics and capturing Cold War anxiety in interactive form.",Atari arcade designer,people,,,True,False,,183,2026-08-27,,
vault/people/david-ahl.mdx,vault,/vault/people/david-ahl/,David H. Ahl,"Publisher and author whose BASIC Computer Games became the first million-selling computer book, inspiring a generation of programmers.",Father of computer gaming books,people,,,True,False,,243,2026-08-27,,
vault/people/david-braben.mdx,vault,/vault/people/david-braben/,David Braben,"David Braben (b. 1964) co-created Elite (1984) with Ian Bell while a Cambridge undergraduate — a procedurally-generated open-universe space-trader that compressed eight galaxies and 2,048 star systems into 22 kilobytes on the BBC Micro and became one of the most influential games ever written. He has since built Frontier Developments into one of the few continuously-independent British games studios, returned Elite to active development with Elite: Dangerous (2014), and co-founded the Raspberry Pi Foundation that has sold more than 50 million low-cost programmable computers for education. The continuous trajectory from 1984 bedroom-coder hit to 2020s billion-pound listed studio is unmatched in British games.","Co-creator of Elite, founder of Frontier Developments, co-founder of the Raspberry Pi Foundation",people,,,True,False,,1771,2026-08-27,,
vault/people/david-crane.mdx,vault,/vault/people/david-crane/,David Crane,"Activision co-founder David Crane created Pitfall!, pioneered third-party publishing, and proved one programmer could change an industry.",The man who made Pitfall!,people,,,True,False,,396,2026-08-27,,
vault/people/david-jones-magic-knight.mdx,vault,/vault/people/david-jones-magic-knight/,David Jones (Magic Knight),Author of the Magic Knight games for Mastertronic — four budget-priced arcade adventures whose 'Windimation' interface put pull-down menus on a 48K Spectrum in 1985.,"Windows and pull-down menus, on a 48K Spectrum",people,,,True,False,,538,2026-08-27,,
vault/people/david-lawson.mdx,vault,/vault/people/david-lawson/,David Lawson,"A programmer who walked out of Bug-Byte in 1983 to found Imagine Software, and out of Imagine's 1984 collapse to found Psygnosis — making him the connecting figure across the three companies that constitute Liverpool's games industry in the eighties.","Three Liverpool companies, in six years",people,,,True,False,,349,2026-08-27,,
vault/people/david-perry.mdx,vault,/vault/people/david-perry/,David Perry,"David Perry rose from teenage bedroom coder to industry figure, creating Earthworm Jim and Disney's Aladdin before founding Shiny Entertainment and later Gaikai.",Earthworm Jim creator,people,,,True,False,,175,2026-08-27,,
vault/people/david-pleasance.mdx,vault,/vault/people/david-pleasance/,David Pleasance,"Commodore's UK managing director through the CD32 and the collapse — and, in 1994, the leader of a management buyout attempt for the company and the Amiga. His pitch was that Commodore's problem was American: 85% of the business came out of Europe.",The man who tried to buy the Amiga,people,,,True,False,,710,2026-08-27,,
vault/people/david-simons.mdx,vault,/vault/people/david-simons/,David Simons,"The young British programmer who created Simons' BASIC for the Commodore 64, adding 114 commands that made game development practical in BASIC.",Simons' BASIC creator,people,,,True,False,,236,2026-08-27,,
vault/people/david-whittaker.mdx,vault,/vault/people/david-whittaker/,David Whittaker,"David Whittaker composed hundreds of game soundtracks across every major platform, bringing consistent quality to an era of rushed development.",The prolific game composer,people,,,True,False,,468,2026-08-27,,
vault/people/david-wise.mdx,vault,/vault/people/david-wise/,David Wise,"David Wise composed Rare's most beloved soundtracks, from the atmospheric jungles of Donkey Kong Country to the orchestral sweep of Star Fox Adventures.",Rare's musical soul,people,,,True,False,,219,2026-08-27,,
vault/people/derek-brewster.mdx,vault,/vault/people/derek-brewster/,Derek Brewster,"Wrote CRASH's adventure column through the Spectrum years, then co-founded Zeppelin Games — a crossing from press to industry that nobody at the time thought worth remarking on.",From CRASH's adventure column to a software house,people,,,True,False,,603,2026-08-27,,
vault/people/derek-yu.mdx,vault,/vault/people/derek-yu/,Derek Yu,"Derek Yu created Spelunky, co-founded TIGSource, and authored the essential book on indie game development while maintaining creative output across games and comics.",Spelunky's architect,people,,,True,False,,172,2026-08-27,,
vault/people/dino-dini.mdx,vault,/vault/people/dino-dini/,Dino Dini,Wrote Kick Off in 1989 and defined football games for a decade with one decision — and the press proved it was his by watching what happened to the series after he left.,The ball is a separate object,people,,,True,False,,544,2026-08-27,,
vault/people/don-priestley.mdx,vault,/vault/people/don-priestley/,Don Priestley,"The Spectrum programmer who got enormous multicoloured characters onto a machine that could not normally have them — by giving up smooth movement, a trade the reviewers noticed every time.","Huge characters, and what they cost",people,,,True,False,,533,2026-08-27,,
vault/people/dona-bailey.mdx,vault,/vault/people/dona-bailey/,Dona Bailey,"One of the first women to design a major arcade game, co-creating Centipede at Atari and proving that diverse perspectives could create broadly appealing games.",Centipede's co-creator,people,,,True,False,,327,2026-08-27,,
vault/people/ed-boon.mdx,vault,/vault/people/ed-boon/,Ed Boon,"Ed Boon co-created Mortal Kombat with John Tobias, establishing one of gaming's most controversial and enduring fighting game franchises through digitised graphics and memorable fatalities.",Mortal Kombat creator,people,,,True,False,,189,2026-08-27,,
vault/people/ed-logg.mdx,vault,/vault/people/ed-logg/,Ed Logg,"Ed Logg co-created Asteroids, Centipede, and Gauntlet, contributing to more arcade classics than almost any other designer.",Atari's prolific designer,people,,,True,False,,237,2026-08-28,,
vault/people/eiji-aonuma.mdx,vault,/vault/people/eiji-aonuma/,Eiji Aonuma,"Eiji Aonuma transitioned from Zelda dungeon designer to series producer, guiding the franchise through its 3D evolution and beyond while maintaining its puzzle-solving heart.",Zelda's guardian,people,,,True,False,,154,2026-08-28,,
vault/people/eric-chahi.mdx,vault,/vault/people/eric-chahi/,Eric Chahi,"Eric Chahi created Another World almost single-handedly, pioneering cinematic game design through rotoscoped animation and wordless storytelling.",Cinematic visionary,people,,,True,False,,268,2026-08-28,,
vault/people/eric-graham.mdx,vault,/vault/people/eric-graham/,Eric Graham,"The programmer whose ray-traced 'Juggler' animation became one of the most iconic demonstrations of Amiga graphics power, proving home computers could produce photorealistic 3D imagery.",Creator of The Juggler,people,,,True,False,,300,2026-08-27,,
vault/people/eric-schwartz.mdx,vault,/vault/people/eric-schwartz/,Eric Schwartz,"The American animator whose 'Amy the Squirrel' cartoons and hundreds of other animations proved the Amiga could achieve Disney-quality animation, distributing his work via BBSes and Aminet.",Amiga animator,people,,,True,False,,302,2026-08-27,,
vault/people/eugene-jarvis.mdx,vault,/vault/people/eugene-jarvis/,Eugene Jarvis,"Eugene Jarvis created Defender and Robotron: 2084, defining intense arcade action with overwhelming odds, precise controls, and addictive difficulty.",Master of mayhem,people,,,True,False,,269,2026-08-28,,
vault/people/federico-faggin.mdx,vault,/vault/people/federico-faggin/,Federico Faggin,"Federico Faggin led the team that created the Intel 4004, the world's first commercial microprocessor, then founded Zilog and designed the Z80.",Creator of the microprocessor,people,,,True,False,,257,2026-08-27,,
vault/people/francois-lionet.mdx,vault,/vault/people/francois-lionet/,François Lionet,François Lionet democratised game development on the Atari ST and Amiga with STOS and AMOS BASIC—letting anyone create games without learning assembly.,Creator of AMOS and STOS,people,,,True,False,,242,2026-08-27,,
vault/people/gargaj.mdx,vault,/vault/people/gargaj/,Gargaj,"Gargaj (Gergely Szelei) codes for Conspiracy and Ümlaüt Design, but his wider legacy is the scene's memory — the databases and sites that record what the demoscene made.",Gergely Szelei — coder and the scene's archivist,people,,,True,False,,188,2026-08-27,,
vault/people/gary-mays.mdx,vault,/vault/people/gary-mays/,Gary Mays,"Co-founder of PSS, the Coventry publisher that made wargames a commercial proposition on British home computers — and who cheerfully described the company's own name as its first and biggest mistake.","PSS, Coventry",people,,,True,False,,228,2026-08-27,,
vault/people/geoff-crammond.mdx,vault,/vault/people/geoff-crammond/,Geoff Crammond,"Geoff Crammond created the definitive racing simulations of the 1980s and 1990s, from Revs to the Grand Prix series.",The racing simulation pioneer,people,,,True,False,,268,2026-08-27,,
vault/people/graeme-devine.mdx,vault,/vault/people/graeme-devine/,Graeme Devine,"Graeme Devine created The 7th Guest and its sequel, pioneering CD-ROM gaming with full-motion video puzzles that showcased new media capabilities.",7th Guest creator,people,,,True,False,,193,2026-08-27,,
vault/people/graeme-yeandle.mdx,vault,/vault/people/graeme-yeandle/,Graeme Yeandle,"A systems analyst and friend of Tim Gilberts who wrote The Quill, the authoring system that let people who could not program write and sell text adventures, and later co-wrote PAW.",Wrote The Quill almost by accident,people,,,True,False,,270,2026-08-27,,
vault/people/grant-kirkhope.mdx,vault,/vault/people/grant-kirkhope/,Grant Kirkhope,"Grant Kirkhope composed the soundtracks that defined Rare's Nintendo 64 golden age—GoldenEye, Banjo-Kazooie, Perfect Dark—blending orchestral grandeur with playful wit.",Sound of Rare's N64 era,people,,,True,False,,208,2026-08-27,,
vault/people/greg-follis.mdx,vault,/vault/people/greg-follis/,Greg Follis,"Co-founder of Gargoyle Games, the Midlands house whose Tir Na Nog and Marsport were among the most admired Spectrum games of the mid-eighties — made by three grown men in an office, at a time when the industry's public face was teenagers.",One of three men in Dudley,people,,,True,False,,289,2026-08-27,,
vault/people/gunpei-yokoi.mdx,vault,/vault/people/gunpei-yokoi/,Gunpei Yokoi,"Nintendo's Gunpei Yokoi invented the D-pad, Game & Watch, and Game Boy—proving that clever design beats raw power.",Lateral thinking with withered technology,people,,,True,False,,357,2026-08-27,,
vault/people/henk-nieborg.mdx,vault,/vault/people/henk-nieborg/,Henk Nieborg,"Dutch pixel artist whose detailed, vibrant work on Lionheart, The Misadventures of Flink, and other titles set the standard for 16-bit and 32-bit era graphics.",Amiga art excellence,people,,,True,False,,256,2026-08-27,,
vault/people/henk-rogers.mdx,vault,/vault/people/henk-rogers/,Henk Rogers,"Henk Rogers secured Tetris rights for Nintendo, enabling the Game Boy's killer app and forever changing the puzzle game landscape.",The man who saved Tetris,people,,,True,False,,234,2026-08-27,,
vault/people/hideo-kojima.mdx,vault,/vault/people/hideo-kojima/,Hideo Kojima,"Hideo Kojima created Metal Gear Solid and pioneered cinematic storytelling in games, for better and worse.",Metal Gear's cinematic auteur,people,,,True,False,,283,2026-08-27,,
vault/people/hip-tanaka.mdx,vault,/vault/people/hip-tanaka/,Hip Tanaka,"Hirokazu 'Hip' Tanaka composed definitive Nintendo soundtracks—Metroid, Kid Icarus, Earthbound—and pioneered the use of the Famicom's limited sound hardware.",The sound of Nintendo,people,,,True,False,,192,2026-08-27,,
vault/people/hironobu-sakaguchi.mdx,vault,/vault/people/hironobu-sakaguchi/,Hironobu Sakaguchi,Hironobu Sakaguchi created Final Fantasy and shepherded it through fourteen mainline entries before leaving Square to found Mistwalker and continue his RPG legacy.,Final Fantasy creator,people,,,True,False,,182,2026-08-27,,
vault/people/hiroshi-yamauchi.mdx,vault,/vault/people/hiroshi-yamauchi/,Hiroshi Yamauchi,"Hiroshi Yamauchi transformed a Kyoto playing card company into the world's most influential video game maker through vision, risk, and ruthless business instincts.",The man who made Nintendo,people,,,True,False,,464,2026-08-27,,
vault/people/howard-scott-warshaw.mdx,vault,/vault/people/howard-scott-warshaw/,Howard Scott Warshaw,"The Atari programmer who created both Yars' Revenge and the infamous E.T., unfairly blamed for the 1983 crash despite impossible development conditions.",The E.T. developer,people,,,True,False,,310,2026-08-27,,
vault/people/ian-andrew.mdx,vault,/vault/people/ian-andrew/,Ian Andrew,"Sold postcards from two filing cabinets in his bedroom, bought one of the first ZX81s off a newspaper advert, wrote Mined-Out, and turned a Reading shop into Incentive Software — the house behind GAC, Freescape and 3D Construction Kit.",The postcard dealer who built a 3D engine,people,,,True,False,,511,2026-08-27,,
vault/people/ian-bell.mdx,vault,/vault/people/ian-bell/,Ian Bell,"Ian Bell (b. 1962) was a mathematics undergraduate at Jesus College, Cambridge, when he and David Braben created Elite (1984). Bell's contributions to the game were substantial — the procedural galaxy-generation algorithm, much of the economic simulation, parts of the 3D engine — but his subsequent career has been deliberately quieter than Braben's, including largely withdrawing from the commercial games industry after the late 1980s, releasing free Elite versions to the community, and taking a long, increasingly bitter, eventually-reconciled public dispute with Braben over the franchise's commercial rights.",Co-creator of Elite — the quiet half of the partnership that defined the open-universe game,people,,,True,False,,1279,2026-08-27,,
vault/people/ian-hetherington.mdx,vault,/vault/people/ian-hetherington/,Ian Hetherington,A director of Imagine Software who came out of its 1984 collapse and co-founded Psygnosis in Liverpool — then made the commercial decision that shaped the British Amiga era: stop treating the Amiga as the Atari ST's twin.,"Out of Imagine, into the Amiga",people,,,True,False,,355,2026-08-27,,
vault/people/ian-logan.mdx,vault,/vault/people/ian-logan/,Ian Logan,"Ian Logan was the first person to disassemble the ZX80 monitor, and went on to document the ZX81 and ZX Spectrum ROMs across four Melbourne House books — culminating in The Complete Spectrum ROM Disassembly with Frank O'Hara. He then crossed the line from outside to inside, writing part of the ZX Interface 1 shadow ROM for Sinclair.","The doctor who disassembled Sinclair's ROMs, then wrote part of one",people,,,True,False,,606,2026-08-27,,
vault/people/ian-mcnaught-davis.mdx,vault,/vault/people/ian-mcnaught-davis/,Ian McNaught-Davis,Television presenter who introduced millions of Britons to computing through the BBC's Computer Literacy Project programmes.,Mac - the face of BBC computing,people,,,True,False,,274,2026-08-27,,
vault/people/iq.mdx,vault,/vault/people/iq/,iq,"iq (Íñigo Quílez) pushed real-time raymarching in the demoscene's 4K intros, then carried those techniques to the wider world by co-creating Shadertoy and working in film graphics.",Íñigo Quílez — 4K intros to Shadertoy,people,,,True,False,,188,2026-08-27,,
vault/people/ivan-horn.mdx,vault,/vault/people/ivan-horn/,Ivan Horn,"Ocean's Spectrum graphic artist on Operation Wolf, Rambo III, Combat School and Thunderbolt — one of the few artists of the era this library can name at all, and only because the prose says so.","The graphic artist, named",people,,,True,False,,510,2026-08-27,,
vault/people/jack-tramiel.mdx,vault,/vault/people/jack-tramiel/,Jack Tramiel,Holocaust survivor Jack Tramiel built Commodore into a computing giant through relentless price wars and vertical integration.,"Computers for the masses, not the classes",people,,,True,False,,893,2026-08-28,,
vault/people/jay-miner.mdx,vault,/vault/people/jay-miner/,Jay Miner,"Chip designer Jay Miner created the Atari 2600's heart and later the Amiga's revolutionary custom chipset, twice reshaping what home computers could do.",Father of the Amiga,people,,,True,False,,303,2026-08-27,,
vault/people/jeff-minter.mdx,vault,/vault/people/jeff-minter/,Jeff Minter,"Jeff Minter (b. 1962) founded Llamasoft in 1982 with Gridrunner on the VIC-20 and has, across four-and-a-half decades, continued releasing games under the same name — Attack of the Mutant Camels, Iridis Alpha, Tempest 2000, TxK, Polybius, Akka Arrh, and dozens more. The catalogue is defined by neon-shooter mechanics, surreal ungulate-themed presentation, intensely personal authorship, and an industry trajectory that has never quite touched mainstream commercial scale but has remained continuously productive longer than any other British game-developer career.","Llamasoft, the llama, the camel, Tempest 2000, and forty years of one person making the same kind of game his way",people,,,True,False,,1441,2026-08-27,,
vault/people/jeff-smart.mdx,vault,/vault/people/jeff-smart/,Jeff Smart,"Jeff Smart ran Illegal, the Commodore 64 cracking scene's most important diskmag — making him one of the scene's editors and chroniclers at the height of its activity.",The voice of Illegal,people,,,True,False,,192,2026-08-27,,
vault/people/jeroen-tel.mdx,vault,/vault/people/jeroen-tel/,Jeroen Tel,"Jeroen Tel brought demoscene energy to game soundtracks, founding Maniacs of Noise and pushing the SID chip to its limits.",The Dutch master of SID,people,,,True,False,,271,2026-08-27,,
vault/people/jesper-kyd.mdx,vault,/vault/people/jesper-kyd/,Jesper Kyd,"The Danish composer who went from the Amiga demo scene group Silents to scoring Hitman, Assassin's Creed, and Borderlands, exemplifying the scene-to-studio pipeline.",Scene to AAA composer,people,,,True,False,,197,2026-08-27,,
vault/people/jester.mdx,vault,/vault/people/jester/,Jester,"Jester (Volker Tripp) was one of the Amiga demoscene's most-loved module musicians, his tunes carried by Sanity and Pygmy Projects through the genre's golden years.",Volker Tripp — the Sanity sound,people,,,True,False,,170,2026-08-27,,
vault/people/jez-san.mdx,vault,/vault/people/jez-san/,Jez San,"Jez San founded Argonaut Software at age 16, pioneered 3D graphics on home computers, and co-developed the Super FX chip that brought polygons to the SNES.",3D pioneer,people,,,True,False,,278,2026-08-27,,
vault/people/jim-bagley.mdx,vault,/vault/people/jim-bagley/,Jim Bagley,"Spectrum programmer on Cabal, Midnight Resistance and Gutz, who told CRASH in 1991 what he was aiming for — a game nearly everyone should be able to finish — and who is still writing for the machine.","Coin-op conversions, and a stated design position",people,,,True,False,,520,2026-08-27,,
vault/people/jim-butterfield.mdx,vault,/vault/people/jim-butterfield/,Jim Butterfield,"Jim Butterfield educated countless Commodore users through his magazine columns, books, and conference talks—making complex technical topics accessible to beginners.",Teacher of a generation,people,,,True,False,,228,2026-08-28,,
vault/people/jim-sachs.mdx,vault,/vault/people/jim-sachs/,Jim Sachs,"The American digital artist whose photorealistic pixel art on the Amiga, particularly for Defender of the Crown, set new standards for what computer graphics could achieve.",Amiga pixel art master,people,,,True,False,,270,2026-08-27,,
vault/people/john-carmack.mdx,vault,/vault/people/john-carmack/,John Carmack,"John Carmack's programming genius powered id Software's revolutionary shooters, from Commander Keen's smooth scrolling to Doom's 3D carnage.",The engine architect,people,,,True,False,,303,2026-08-27,,
vault/people/john-kirby.mdx,vault,/vault/people/john-kirby/,John Kirby,"The American lawyer who won Nintendo's landmark case against Universal Studios over Donkey Kong, allegedly inspiring the name of the character Kirby.",Nintendo's King Kong slayer,people,,,True,False,,166,2026-08-27,,
vault/people/john-romero.mdx,vault,/vault/people/john-romero/,John Romero,"John Romero co-founded id Software and designed levels for Commander Keen, Wolfenstein 3D, Doom, and Quake, defining the first-person shooter genre.",id Software co-founder,people,,,True,False,,257,2026-08-28,,
vault/people/john-tobias.mdx,vault,/vault/people/john-tobias/,John Tobias,"John Tobias co-created Mortal Kombat with Ed Boon, designing its distinctive characters, mythology, and visual identity that made the series instantly recognisable.",Mortal Kombat artist,people,,,True,False,,189,2026-08-27,,
vault/people/john-twiddy.mdx,vault,/vault/people/john-twiddy/,John Twiddy,"A C64 programmer whose name the magazines used as a quality signal, and who spent the nineties putting console games onto the Amiga — the most-practised and least-credited craft of the era.",The conversion is the game,people,,,True,False,,476,2026-08-27,,
vault/people/john-wilson.mdx,vault,/vault/people/john-wilson/,John Wilson,"Quill author, adventure correspondent and founder of Zenobi Software — the man who kept the British text adventure alive for a decade after the industry stopped selling it.",The Rochdale Balrog,people,,,True,False,,836,2026-08-27,,
vault/people/jon-hare.mdx,vault,/vault/people/jon-hare/,Jon Hare,"Jon Hare co-founded Sensible Software and designed Sensible Soccer and Cannon Fodder, creating distinctively British games with personality and accessibility.",Sensible Software founder,people,,,True,False,,169,2026-08-28,,
vault/people/jon-ritman.mdx,vault,/vault/people/jon-ritman/,Jon Ritman,"Jon Ritman created Head Over Heels and Batman, mastering the isometric genre while partnering with Bernie Drummond on visually distinctive adventures.",Head Over Heels creator,people,,,True,False,,397,2026-08-28,,
vault/people/jonathan-cauldwell.mdx,vault,/vault/people/jonathan-cauldwell/,Jonathan Cauldwell,"Reached print in 1990 as a reader submitting games to CRASH's PowerTape, wrote the Egghead series, and decades later created Arcade Game Designer — the authoring tool behind most modern Spectrum homebrew, with a Next version in development.","Came in through the covertape, then built the door",people,,,True,False,,392,2026-08-27,,
vault/people/jonathan-dunn.mdx,vault,/vault/people/jonathan-dunn/,Jonathan Dunn,"British game composer who created music for Ocean Software's biggest titles, mastering multiple sound chips and defining the audio identity of licensed games.",Ocean's musical voice,people,,,True,False,,455,2026-08-27,,
vault/people/jonathan-smith.mdx,vault,/vault/people/jonathan-smith/,Jonathan 'Joffa' Smith,"Known to everyone as Joffa: the Ocean programmer behind Green Beret, Mikie, Cobra and Firefly, who left with colleagues to found Special FX and kept making Ocean's games from outside it.","Joffa — Green Beret, Mikie, Cobra",people,,,True,False,,782,2026-08-27,,
vault/people/jordan-mechner.mdx,vault,/vault/people/jordan-mechner/,Jordan Mechner,"Jordan Mechner pioneered rotoscoped animation in games, creating Prince of Persia and Karateka while balancing game development with screenwriting.",Prince of Persia creator,people,,,True,False,,274,2026-08-28,,
vault/people/julian-gollop.mdx,vault,/vault/people/julian-gollop/,Julian Gollop,"Julian Gollop created X-COM, Laser Squad, and Chaos, establishing the foundations of turn-based tactical combat that influenced generations of strategy games.",Father of tactical strategy,people,,,True,False,,915,2026-08-27,,
vault/people/julian-rignall.mdx,vault,/vault/people/julian-rignall/,Julian Rignall,"The influential games journalist who shaped Commodore 64 coverage at ZZAP!64, edited Mean Machines, and went on to help build IGN into a major gaming media outlet.",From ZZAP! to IGN,people,,,True,False,,196,2026-08-27,,
vault/people/junichi-masuda.mdx,vault,/vault/people/junichi-masuda/,Junichi Masuda,"Junichi Masuda composed Pokémon's iconic music and became a director of the series, shaping both its sound and design across generations from Red/Blue onwards.",Pokémon composer and director,people,,,True,False,,207,2026-08-27,,
vault/people/kalms.mdx,vault,/vault/people/kalms/,Kalms,"Kalms (Mikael Kalms) coded landmark Amiga demos for The Black Lotus, then took his low-level graphics craft into the games industry at DICE and beyond.",Mikael Kalms — Amiga coder to graphics industry,people,,,True,False,,205,2026-08-27,,
vault/people/katsuhiro-harada.mdx,vault,/vault/people/katsuhiro-harada/,Katsuhiro Harada,"Katsuhiro Harada has directed the Tekken series since Tekken 3, becoming both the franchise's steward and its most visible public advocate through social media engagement.",Tekken's voice,people,,,True,False,,163,2026-08-28,,
vault/people/kb.mdx,vault,/vault/people/kb/,kb,"kb (Tammo Hinrichs) built Farbrausch's V2 synthesizer, the software synth that let the group pack rich, full-length soundtracks into 64K intros like fr-08.",Tammo Hinrichs — the synth behind the size-coding,people,,,True,False,,219,2026-08-27,,
vault/people/keiji-inafune.mdx,vault,/vault/people/keiji-inafune/,Keiji Inafune,"Keiji Inafune designed Mega Man's iconic look and produced the series for decades, becoming one of Capcom's most visible figures before departing to found Comcept.",Mega Man's co-creator,people,,,True,False,,210,2026-08-27,,
vault/people/keita-takahashi.mdx,vault,/vault/people/keita-takahashi/,Keita Takahashi,"Keita Takahashi designed Katamari Damacy with its rolling-ball simplicity and surreal humour, becoming an icon of unconventional game design before leaving the industry.",Katamari's creator,people,,,True,False,,162,2026-09-01,,
vault/people/ken-levine.mdx,vault,/vault/people/ken-levine/,Ken Levine,"Ken Levine co-founded Irrational Games and directed System Shock 2 and the BioShock series, crafting narrative-driven immersive sims exploring philosophical themes.",BioShock's architect,people,,,True,False,,158,2026-08-28,,
vault/people/ken-sugimori.mdx,vault,/vault/people/ken-sugimori/,Ken Sugimori,Ken Sugimori designed the original 151 Pokémon and established the visual identity that would define one of gaming's most recognisable franchises.,Pokémon's artist,people,,,True,False,,149,2026-08-27,,
vault/people/kevin-toms.mdx,vault,/vault/people/kevin-toms/,Kevin Toms,"Wrote Football Manager in 1982 and sold half a million copies of it — inventing the management game, and putting his own bearded photograph on the packaging of every one.","Football Manager, and the face on the box",people,,,True,False,,737,2026-08-27,,
vault/people/koji-igarashi.mdx,vault,/vault/people/koji-igarashi/,Koji Igarashi,"Koji Igarashi (IGA) transformed Castlevania from linear action into exploration-focused RPGs, co-defining the metroidvania genre before departing Konami to create Bloodstained.",Master of the castle,people,,,True,False,,458,2026-09-01,,
vault/people/koji-kondo.mdx,vault,/vault/people/koji-kondo/,Koji Kondo,"Koji Kondo composed the music for Mario and Zelda, creating the most recognisable melodies in gaming history.",The sound of Nintendo,people,,,True,False,,435,2026-08-27,,
vault/people/lloyd-mangram.mdx,vault,/vault/people/lloyd-mangram/,Lloyd Mangram,"CRASH's most prolific writer never existed. Lloyd Mangram was a Newsfield house pseudonym — a shared name that let a small staff sound like a large one, and gave the letters page a consistent voice.",The byline that was several people,people,,,True,False,,762,2026-08-27,,
vault/people/louis-castle.mdx,vault,/vault/people/louis-castle/,Louis Castle,"Louis Castle co-founded Westwood Studios with Brett Sperry, creating the RTS genre with Dune II and Command & Conquer before EA's acquisition scattered the studio's legacy.",Westwood's co-founder,people,,,True,False,,160,2026-08-28,,
vault/people/mad-max.mdx,vault,/vault/people/mad-max/,Mad Max,"Mad Max (Jochen Hippel) was the defining chip musician of the Atari ST scene, his sound chip wizardry carrying from demos into Thalion's celebrated game soundtracks.",Jochen Hippel — the Atari ST's chip-music voice,people,,,True,False,,180,2026-08-27,,
vault/people/manabu-takemura.mdx,vault,/vault/people/manabu-takemura/,Manabu Takemura,"Manabu Takemura led the animation team at Nazca Corporation, creating Metal Slug's legendary sprite work that set new standards for 2D animation in video games.",Metal Slug animator,people,,,True,False,,152,2026-08-27,,
vault/people/manami-matsumae.mdx,vault,/vault/people/manami-matsumae/,Manami Matsumae,"Manami Matsumae composed the original Mega Man soundtrack, pioneering the energetic style that defined Capcom's NES sound.",Voice of Mega Man,people,,,True,False,,235,2026-08-27,,
vault/people/manfred-trenz.mdx,vault,/vault/people/manfred-trenz/,Manfred Trenz,"Manfred Trenz pushed the C64 and Amiga beyond their supposed limits, creating Turrican and Katakis—games that rivalled arcade quality on home hardware.",Master of the impossible,people,,,True,False,,244,2026-08-27,,
vault/people/marc-blank.mdx,vault,/vault/people/marc-blank/,Marc Blank,"The MIT programmer who co-created Zork and co-founded Infocom, designing the Z-Machine virtual machine that made portable text adventures possible.",Zork's architect,people,,,True,False,,310,2026-08-27,,
vault/people/mark-cerny.mdx,vault,/vault/people/mark-cerny/,Mark Cerny,"Mark Cerny progressed from designing Marble Madness at 18 to becoming PlayStation's lead system architect, shaping both classic arcade games and modern console hardware.",Designer to architect,people,,,True,False,,189,2026-08-27,,
vault/people/mark-ferrari.mdx,vault,/vault/people/mark-ferrari/,Mark Ferrari,"American pixel artist whose work at Lucasfilm Games pioneered palette cycling techniques, creating stunning animated scenes that appeared to move without any sprite animation.",Palette cycling master,people,,,True,False,,262,2026-08-27,,
vault/people/mark-sibly.mdx,vault,/vault/people/mark-sibly/,Mark Sibly,"The New Zealand programmer who created the Blitz Basic series, giving Amiga developers a compiled BASIC that could produce commercial-quality games like Worms.",Blitz Basic creator,people,,,True,False,,247,2026-08-27,,
vault/people/markus-persson.mdx,vault,/vault/people/markus-persson/,Markus Persson,"Markus 'Notch' Persson created Minecraft as a solo developer, sold Mojang to Microsoft for $2.5 billion, and became a cautionary tale about wealth and creative fulfilment.",Minecraft's creator,people,,,True,False,,167,2026-08-27,,
vault/people/martin-alper.mdx,vault,/vault/people/martin-alper/,Martin Alper,"The founder of Mastertronic who proved games could sell at £1.99, revolutionising the UK software market and making gaming affordable for millions.",Budget games pioneer,people,,,True,False,,263,2026-08-27,,
vault/people/martin-galway.mdx,vault,/vault/people/martin-galway/,Martin Galway,"Martin Galway brought cinematic ambition to C64 soundtracks, creating iconic themes for Ocean and beyond.",The SID chip's orchestrator,people,,,True,False,,696,2026-08-28,,
vault/people/martin-hollis.mdx,vault,/vault/people/martin-hollis/,Martin Hollis,"Martin Hollis directed *GoldenEye 007* at Rare, creating one of the most influential console shooters and redefining licensed games.",GoldenEye's architect,people,,,True,False,,141,2026-08-27,,
vault/people/masahiro-sakurai.mdx,vault,/vault/people/masahiro-sakurai/,Masahiro Sakurai,"Masahiro Sakurai created Kirby at age 19 and later developed Super Smash Bros., combining accessibility-focused design with deep competitive mechanics.",Kirby and Smash creator,people,,,True,False,,223,2026-08-27,,
vault/people/masanobu-endo.mdx,vault,/vault/people/masanobu-endo/,Masanobu Endo,"The Namco designer who created Xevious, revolutionising shooter design with its dual-plane combat, detailed world-building, and hidden secrets.",The Xevious visionary,people,,,True,False,,263,2026-08-27,,
vault/people/masaya-matsuura.mdx,vault,/vault/people/masaya-matsuura/,Masaya Matsuura,"Masaya Matsuura pioneered rhythm gaming with PaRappa the Rapper, bringing his musician's sensibility to game design and establishing NanaOn-Sha as a creative force.",PaRappa's creator,people,,,True,False,,165,2026-08-28,,
vault/people/masayuki-uemura.mdx,vault,/vault/people/masayuki-uemura/,Masayuki Uemura,"Hardware engineer Masayuki Uemura designed the Famicom and Super Famicom, the consoles that defined Nintendo's dominance.",Architect of the Famicom,people,,,True,False,,287,2026-08-27,,
vault/people/matt-furniss.mdx,vault,/vault/people/matt-furniss/,Matt Furniss,"British game composer known for exceptional Sega Genesis and Master System soundtracks, translating arcade audio to home consoles with remarkable fidelity.",Sega sound specialist,people,,,True,False,,263,2026-08-27,,
vault/people/matthew-smith.mdx,vault,/vault/people/matthew-smith/,Matthew Smith,"Matthew Smith was seventeen when he wrote Manic Miner, eighteen when Jet Set Willy followed, and a millionaire by nineteen. His career arc — from prodigy to legendary recluse — is the most-told story in British game development.",The teenager who wrote Manic Miner — and what happened next,people,,,True,False,,994,2026-08-27,,
vault/people/michel-ancel.mdx,vault,/vault/people/michel-ancel/,Michel Ancel,"Michel Ancel created Rayman and Beyond Good & Evil at Ubisoft, becoming one of France's most celebrated game designers before departing the industry in 2020.",Creator of Rayman,people,,,True,False,,484,2026-08-27,,
vault/people/mike-dailly.mdx,vault,/vault/people/mike-dailly/,Mike Dailly,"Scottish programmer who co-created Lemmings with David Jones at DMA Design, pioneering animation techniques that made the iconic puzzle game possible.",Lemmings co-creator,people,,,True,False,,239,2026-08-27,,
vault/people/mike-gerrard.mdx,vault,/vault/people/mike-gerrard/,Mike Gerrard,"The columnist at the centre of the British adventure scene's correspondence — running arguments with the authors he reviewed, and championing a genre the rest of the magazine had moved on from.",Your Sinclair's adventure column,people,,,True,False,,518,2026-08-27,,
vault/people/mike-lamb.mdx,vault,/vault/people/mike-lamb/,Mike Lamb,"Ocean's Spectrum programmer on RoboCop, Renegade and Combat School — and the top name on a reader-compiled ranking of Ocean's programmers that the magazine printed in full.",Number one on the readers' list,people,,,True,False,,493,2026-08-27,,
vault/people/mike-singleton.mdx,vault,/vault/people/mike-singleton/,Mike Singleton,"Author of Lords of Midnight, whose 'landscaping' technique generated a whole explorable world from a map instead of storing it — and whose games kept combining a wargame with a quest.","32,000 views on a 48K machine",people,,,True,False,,938,2026-08-27,,
vault/people/minoru-arakawa.mdx,vault,/vault/people/minoru-arakawa/,Minoru Arakawa,"The Nintendo of America president who navigated the post-crash wasteland to establish the NES in North America, laying the foundation for Nintendo's dominance.",Nintendo's American pioneer,people,,,True,False,,342,2026-08-27,,
vault/people/neil-baldwin.mdx,vault,/vault/people/neil-baldwin/,Neil Baldwin,"British composer and programmer who created acclaimed NES soundtracks and developed the NTRQ tracker, pushing the console's audio capabilities to their limits.",NES audio innovator,people,,,True,False,,253,2026-08-27,,
vault/people/nicola-salmoria.mdx,vault,/vault/people/nicola-salmoria/,Nicola Salmoria,"The Italian programmer who founded the MAME project in 1997, creating the most comprehensive arcade preservation effort in gaming history.",MAME's founder,people,,,True,False,,246,2026-08-27,,
vault/people/nobuo-uematsu.mdx,vault,/vault/people/nobuo-uematsu/,Nobuo Uematsu,"Nobuo Uematsu composed the music that made Final Fantasy an emotional experience, proving that chip music could move players to tears.",The maestro of Final Fantasy,people,,,True,False,,239,2026-08-27,,
vault/people/nolan-bushnell.mdx,vault,/vault/people/nolan-bushnell/,Nolan Bushnell,"Nolan Bushnell founded Atari, created Pong, and built the company that proved video games could be a business—before losing it all.",The father of the video game industry,people,,,True,False,,422,2026-08-27,,
vault/people/oliver-frey.mdx,vault,/vault/people/oliver-frey/,Oliver Frey,"Oliver Frey (1948-2022) was a Swiss-born British illustrator and artist whose dramatic painted covers for CRASH (1984-1991) and Zzap!64 (1985-1992) defined the visual identity of the British 8-bit home-computer era. Working in airbrush and gouache, Frey transformed the constrained graphics of Spectrum and C64 games into cinematic painted compositions that became inseparable from the magazines they fronted — and, by extension, from the games themselves.",The Swiss illustrator whose CRASH and Zzap!64 covers gave 8-bit Britain its visual identity,people,,,True,False,,1233,2026-08-27,,
vault/people/oliver-twins.mdx,vault,/vault/people/oliver-twins/,The Oliver Twins,"Philip and Andrew Oliver (b. 1969) started programming on a borrowed ZX81 at age twelve, sold their first commercial game at sixteen, and by their early twenties were the British budget-games scene's most consistent hit-makers. Their Dizzy series — eight mainline games and dozens of spin-offs across the Spectrum, Commodore 64, Amstrad CPC, and Nintendo Entertainment System — sold over seven million copies through Codemasters, defining what a £1.99 platform-adventure could be.",Philip and Andrew Oliver — the teenagers behind Dizzy,people,,,True,False,,1006,2026-08-27,,
vault/people/pete-cooke.mdx,vault,/vault/people/pete-cooke/,Pete Cooke,"Author of Tau Ceti and Micronaut One — Spectrum games built as simulations first, with a solid-3D world and a systems model underneath that most contemporaries did not attempt.","A simulation, not a game with 3D in it",people,,,True,False,,491,2026-08-27,,
vault/people/peter-molyneux.mdx,vault,/vault/people/peter-molyneux/,Peter Molyneux,"Peter Molyneux created Populous, invented the god game genre, and became notorious for ambitious promises that his games couldn't always keep.",The god game creator,people,,,True,False,,312,2026-08-27,,
vault/people/psi.mdx,vault,/vault/people/psi/,Psi,"Psi (Samuli Syvähuoko) was a Future Crew coder who went on to co-found Remedy Entertainment, embodying the demoscene's leap from compo hall to commercial studio.",Samuli Syvähuoko — Future Crew to founding Remedy,people,,,True,False,,187,2026-08-27,,
vault/people/purple-motion.mdx,vault,/vault/people/purple-motion/,Purple Motion,"Purple Motion (Jonne Valtonen) wrote some of the demoscene's most loved tracker music for Future Crew, then became a celebrated orchestral arranger of video-game scores.",Jonne Valtonen — tracker prodigy to orchestrator,people,,,True,False,,191,2026-08-27,,
vault/people/raffaele-cecco.mdx,vault,/vault/people/raffaele-cecco/,Raffaele Cecco,"Raffaele Cecco (b. 1967) was one of the few British developers of the 8-bit era to handle both graphics and code single-handedly. His late-1980s Hewson Spectrum and C64 titles — Exolon, Cybernoid, Cybernoid II, Stormlord — set the technical and visual bar for the platform's last great commercial wave, and were scored, on the Spectrum, by Hewson's house composer Dave Rogers.","The artist-programmer behind Cybernoid, Exolon, and Stormlord",people,,,True,False,,1053,2026-08-27,,
vault/people/ralph-baer.mdx,vault,/vault/people/ralph-baer/,Ralph Baer,"Ralph Baer invented home video gaming with the Magnavox Odyssey, laying the foundation for everything that followed.",Father of home video games,people,,,True,False,,350,2026-08-27,,
vault/people/raphael-colantonio.mdx,vault,/vault/people/raphael-colantonio/,Raphaël Colantonio,"Raphaël Colantonio founded Arkane Studios and directed Dishonored and Prey, championing immersive sim design in an era of genre decline.",Arkane's founder,people,,,True,False,,152,2026-08-27,,
vault/people/ray-kassar.mdx,vault,/vault/people/ray-kassar/,Ray Kassar,The former textile executive who led Atari through its peak years but whose decisions contributed to the 1983 crash and the company's collapse.,The CEO who lost Atari,people,,,True,False,,293,2026-08-27,,
vault/people/richard-bartle.mdx,vault,/vault/people/richard-bartle/,Richard Bartle,"The British game designer who co-created MUD1 (1978), the first multi-user dungeon, and developed foundational theory about virtual world design and player types.",Father of MUDs,people,,,True,False,,190,2026-09-01,,
vault/people/richard-cockayne.mdx,vault,/vault/people/richard-cockayne/,Richard Cockayne,"Co-founder of PSS in Coventry, whose Tobruk, Bismarck and Battlefield Germany brought serious wargaming to the Spectrum and Amstrad — and who identified the commercial problem precisely: buyers could not yet tell a strategy game from an arcade one.",Selling strategy to an arcade audience,people,,,True,False,,236,2026-08-27,,
vault/people/richard-garriott.mdx,vault,/vault/people/richard-garriott/,Richard Garriott,"Richard Garriott created the Ultima series, pioneering open-world RPGs with moral choices and establishing Origin Systems as a leader in immersive game design.","Lord British, Ultima creator",people,,,True,False,,218,2026-08-27,,
vault/people/rick-dickinson.mdx,vault,/vault/people/rick-dickinson/,Rick Dickinson,"Industrial designer Rick Dickinson gave Sinclair's computers their iconic appearance—the ZX81's wedge, the Spectrum's rainbow stripe.",The look of British computing,people,,,True,False,,364,2026-08-27,,
vault/people/rob-hewson.mdx,vault,/vault/people/rob-hewson/,Rob Hewson,"Andrew Hewson's son: co-author of Hints & Tips for Videogame Pioneers, chief executive of the reformed Hewson Consultants, and founder of Huey Games, which makes new games modelled on the catalogue his father published.","The second generation, running the same name",people,,,True,False,,287,2026-08-27,,
vault/people/rob-hubbard.mdx,vault,/vault/people/rob-hubbard/,Rob Hubbard,"Rob Hubbard squeezed orchestral drama out of the SID chip, defining the sound of mid-80s C64 gaming.",Composer of the Commodore,people,,,True,False,,530,2026-08-28,,
vault/people/rob-northen.mdx,vault,/vault/people/rob-northen/,Rob Northen,"The British programmer who created Copylock, the most widely-used disk protection system on the Amiga and Atari ST, defining the protection side of the 1980s copy protection arms race.",Copylock creator,people,,,True,False,,259,2026-08-27,,
vault/people/roberta-williams.mdx,vault,/vault/people/roberta-williams/,Roberta Williams,"Roberta Williams created King's Quest and defined graphic adventure games, combining storytelling with visual exploration to establish Sierra On-Line as an industry leader.",Adventure game pioneer,people,,,True,False,,208,2026-08-27,,
vault/people/roger-dean.mdx,vault,/vault/people/roger-dean/,Roger Dean,British artist whose fantastical landscapes defined Psygnosis's distinctive visual identity and influenced an entire generation of game box art.,Psygnosis visual identity,people,,,True,False,,276,2026-08-27,,
vault/people/roger-kean.mdx,vault,/vault/people/roger-kean/,Roger Kean,"Editor of CRASH and a founder of Newsfield — the publishing operation that built a national Spectrum magazine from a Shropshire market town, with Oliver Frey painting the covers.","CRASH, from Ludlow",people,,,True,False,,526,2026-08-27,,
vault/people/romeo-knight.mdx,vault,/vault/people/romeo-knight/,Romeo Knight,"Romeo Knight was a celebrated Amiga scene composer for Red Sector Inc — and one of the figures who, unlike many peers, has kept his real name his own.",The sound of the RSI Megademo,people,,,True,False,,200,2026-08-27,,
vault/people/ron-gilbert.mdx,vault,/vault/people/ron-gilbert/,Ron Gilbert,Ron Gilbert created the SCUMM engine and designed Maniac Mansion and Monkey Island—establishing the point-and-click adventure genre's most enduring conventions.,Father of the adventure game verb,people,,,True,False,,269,2026-08-27,,
vault/people/roy-carter.mdx,vault,/vault/people/roy-carter/,Roy Carter,"Co-founder of Gargoyle Games and the technical half of the partnership — the programmer behind Tir Na Nog and Marsport, who converted Dun Darach to the Amstrad within a fortnight of first seeing the machine.",The one who wrote it,people,,,True,False,,218,2026-08-27,,
vault/people/ryg.mdx,vault,/vault/people/ryg/,ryg,"ryg (Fabian Giesen) was a core coder of Farbrausch's size-coding landmarks, and became one of the most widely-read graphics and compression programmers outside the scene.","Fabian Giesen — Farbrausch coder, graphics programmer",people,,,True,False,,211,2026-08-27,,
vault/people/sandy-white.mdx,vault,/vault/people/sandy-white/,Sandy White,"Sandy White came to programming sideways — an art-college graduate who built a Sinclair MK14 to drive a working sculpture, then wrote Ant Attack for Quicksilva in 1983 and gave the Spectrum isometric 3D a year before Knight Lore. He was openly wary of what the games industry would do to him.","The sculptor who built a computer to move a sculpture, then wrote the first isometric Spectrum game",people,,,True,False,,480,2026-08-27,,
vault/people/satoru-iwata.mdx,vault,/vault/people/satoru-iwata/,Satoru Iwata,"Satoru Iwata rose from HAL Laboratory programmer to Nintendo president, championing innovation and accessibility until his untimely death in 2015.",The programmer who became Nintendo's president,people,,,True,False,,311,2026-08-27,,
vault/people/satoshi-tajiri.mdx,vault,/vault/people/satoshi-tajiri/,Satoshi Tajiri,"Satoshi Tajiri created Pokémon from childhood memories of insect collecting, founding Game Freak and designing one of the most successful media franchises in history.",Pokémon's creator,people,,,True,False,,152,2026-08-27,,
vault/people/scott-miller.mdx,vault,/vault/people/scott-miller/,Scott Miller,"The founder of Apogee Software who invented the episodic shareware model, transforming how PC games were distributed and proving free could drive paid.",Shareware visionary,people,,,True,False,,264,2026-08-27,,
vault/people/seymour-papert.mdx,vault,/vault/people/seymour-papert/,Seymour Papert,Mathematician and educator who created the Logo programming language and pioneered constructionist learning with computers.,Creator of Logo,people,,,True,False,,239,2026-08-27,,
vault/people/shigeru-miyamoto.mdx,vault,/vault/people/shigeru-miyamoto/,Shigeru Miyamoto,"Nintendo's Shigeru Miyamoto created Mario, Zelda, and Donkey Kong, establishing the vocabulary of video game design.",The father of modern game design,people,,,True,False,,382,2026-08-27,,
vault/people/shigesato-itoi.mdx,vault,/vault/people/shigesato-itoi/,Shigesato Itoi,"Shigesato Itoi brought his copywriting sensibility to game design with the Mother series, creating RPGs that celebrated mundane life and emotional truth over fantasy conventions.",Mother/EarthBound creator,people,,,True,False,,205,2026-08-27,,
vault/people/shinji-mikami.mdx,vault,/vault/people/shinji-mikami/,Shinji Mikami,"Shinji Mikami created Resident Evil and defined survival horror, later founding Tango Gameworks to continue exploring action and horror with titles like The Evil Within.",Survival horror creator,people,,,True,False,,182,2026-08-27,,
vault/people/sid-meier.mdx,vault,/vault/people/sid-meier/,Sid Meier,"Sid Meier co-founded MicroProse and created Civilization, establishing strategy gaming as a genre and his name as a brand.",Civilisation's father,people,,,True,False,,275,2026-08-27,,
vault/people/skaven.mdx,vault,/vault/people/skaven/,Skaven,"Skaven (Peter Hajba) was one of Future Crew's two star tracker musicians, scoring landmark PC demos before carrying his craft into games at Remedy.",Peter Hajba — Future Crew to Remedy,people,,,True,False,,193,2026-08-27,,
vault/people/stamper-brothers.mdx,vault,/vault/people/stamper-brothers/,The Stamper Brothers,"Two brothers from Loughborough who built Ultimate Play the Game into the ZX Spectrum's most-respected developer in the early 1980s, then quietly pivoted the studio into Rare Ltd, becoming Nintendo's most trusted Western partner and producing some of the platform-defining games of the 1990s and 2000s.","Tim and Chris Stamper — Ultimate, then Rare",people,,,True,False,,839,2026-08-27,,
vault/people/steve-crow.mdx,vault,/vault/people/steve-crow/,Steve Crow,"Bubble Bus's programmer, billed in 1986 advertising as the previous year's Programmer of the Year — and author of three of the Spectrum's best-liked flick-screen arcade adventures.","Wizard's Lair, Starquake, Firelord",people,,,True,False,,457,2026-08-27,,
vault/people/steve-meretzky.mdx,vault,/vault/people/steve-meretzky/,Steve Meretzky,The prolific Infocom designer who collaborated with Douglas Adams on Hitchhiker's Guide and created the beloved robot Floyd in Planetfall.,Infocom's comedy genius,people,,,True,False,,300,2026-08-27,,
vault/people/steve-screech.mdx,vault,/vault/people/steve-screech/,Steve Screech,"Programmer of Kick Off 3 — the sequel that changed the series' defining feature and lost it, in a case study of what happens when you inherit somebody else's franchise.",The one who had to follow Kick Off,people,,,True,False,,513,2026-08-27,,
vault/people/steve-turner.mdx,vault,/vault/people/steve-turner/,Steve Turner,"Steve Turner (b. 1953) was the Spectrum-side flagship author at Hewson Consultants from 1983 onwards, producing 3D Space Wars, Avalon, Dragontorc, Ranarama, and — most famously — Quazatron, the Spectrum reimagining of Andrew Braybrook's Paradroid. He founded the studio that became Graftgold in 1983, continuing into the Amiga and Atari ST era. One of the trio of Hewson auteurs (with Cecco and Braybrook) whose work sets the Project's Phase 1 commercial bar.",Hewson's Spectrum auteur and co-founder of Graftgold,people,,,True,False,,998,2026-08-27,,
vault/people/steve-wetherill.mdx,vault,/vault/people/steve-wetherill/,Steve Wetherill,"Half of the programming pair behind Nodes of Yesod, Heartland, Sidewize and Crosswize — work CRASH called the most technically innovative shooting on the Spectrum.","Odin, and the Liverpool shoot 'em up",people,,,True,False,,433,2026-08-27,,
vault/people/steve-wilcox.mdx,vault,/vault/people/steve-wilcox/,Steve Wilcox,"The head of Elite Systems, the Walsall publisher whose arcade conversions — Commando, Bombjack, Ghosts 'n' Goblins — were among the best-selling British games of the mid-eighties.",Elite Systems,people,,,True,False,,220,2026-08-27,,
vault/people/steven-vickers.mdx,vault,/vault/people/steven-vickers/,Steven Vickers,"Steven Vickers wrote the ZX Spectrum's ROM, designed its BASIC dialect, and authored the manual that taught a generation to program.",Architect of Sinclair BASIC,people,,,True,False,,258,2026-08-27,,
vault/people/takaya-imamura.mdx,vault,/vault/people/takaya-imamura/,Takaya Imamura,"Takaya Imamura designed the characters and worlds of Star Fox, F-Zero, and other Nintendo franchises, creating some of gaming's most distinctive sci-fi aesthetics.",Star Fox's visual architect,people,,,True,False,,148,2026-08-28,,
vault/people/teresa-maughan.mdx,vault,/vault/people/teresa-maughan/,Teresa Maughan,Edited Your Sinclair through the years that gave it its voice — and appears on more mastheads than any other person in this library's British magazines.,"Editor, Your Sinclair",people,,,True,False,,444,2026-08-27,,
vault/people/tetsuya-mizuguchi.mdx,vault,/vault/people/tetsuya-mizuguchi/,Tetsuya Mizuguchi,"Tetsuya Mizuguchi pioneered music-driven gaming with Rez, Space Channel 5, and Lumines, exploring the connection between sound, visuals, and player input.",Synaesthesia designer,people,,,True,False,,158,2026-08-28,,
vault/people/tetsuya-takahashi.mdx,vault,/vault/people/tetsuya-takahashi/,Tetsuya Takahashi,"Tetsuya Takahashi directed Xenogears, founded Monolith Soft, and created the Xenoblade Chronicles series, consistently pursuing ambitious philosophical narratives in JRPG form.",Xeno series architect,people,,,True,False,,175,2026-08-27,,
vault/people/tim-cain.mdx,vault,/vault/people/tim-cain/,Tim Cain,"Tim Cain created Fallout and its SPECIAL system, establishing templates for player freedom in RPGs before co-founding Troika Games and later joining Obsidian Entertainment.",Fallout creator,people,,,True,False,,189,2026-08-27,,
vault/people/tim-follin.mdx,vault,/vault/people/tim-follin/,Tim Follin,"Tim Follin (b. 1968) composed game soundtracks across the Spectrum, C64, NES, SNES, Mega Drive and Amiga from age fifteen onward. His beeper compositions for Stormlord, Cybernoid II, and Black Lamp pushed the Spectrum's one-bit speaker into multi-voice harmony, complex rhythm, and arrangement no-one else attempted on the platform.",The composer who made the beeper sing prog rock,people,,,True,False,,736,2026-08-27,,
vault/people/tim-gilberts.mdx,vault,/vault/people/tim-gilberts/,Tim Gilberts,"Founded Gilsoft as a pocket-money venture at seventeen, published The Quill and PAW, then wrote DAAD for a Spanish studio — the tool that kept Spanish adventure writing alive for decades. Still active, and involved with the ZX Spectrum Next.","Ran Gilsoft at twenty, and is still at it",people,,,True,False,,744,2026-08-27,,
vault/people/tim-jenison.mdx,vault,/vault/people/tim-jenison/,Tim Jenison,"The American entrepreneur who co-founded NewTek and led development of the Video Toaster, the revolutionary product that turned the Amiga into affordable broadcast equipment.",NewTek founder,people,,,True,False,,417,2026-09-01,,
vault/people/tim-schafer.mdx,vault,/vault/people/tim-schafer/,Tim Schafer,"Tim Schafer wrote and directed LucasArts' most celebrated adventures before founding Double Fine Productions, maintaining his distinctive comedic voice across decades of game development.",Adventure game auteur,people,,,True,False,,203,2026-08-27,,
vault/people/tim-sweeney.mdx,vault,/vault/people/tim-sweeney/,Tim Sweeney,"The programmer who founded Epic MegaGames, created ZZT, and built Unreal Engine - transforming from bedroom shareware developer to running one of gaming's largest companies.",From ZZT to Unreal,people,,,True,False,,264,2026-08-27,,
vault/people/tobias-richter.mdx,vault,/vault/people/tobias-richter/,Tobias Richter,"The German 3D artist who started creating space scenes on the Amiga and went on to work on Babylon 5, Star Trek, and other major productions - exemplifying the demo-to-professional pipeline.",From Amiga to Hollywood,people,,,True,False,,429,2026-09-01,,
vault/people/toby-simpson.mdx,vault,/vault/people/toby-simpson/,Toby Simpson,"The man responsible for Diggers, the game Commodore put in the CD32's box — and a first-hand account of what a games developer thought a CD was for in 1993.",Ten megabytes of graphics,people,,,True,False,,499,2026-08-27,,
vault/people/todd-howard.mdx,vault,/vault/people/todd-howard/,Todd Howard,"Todd Howard directed Morrowind, Oblivion, Skyrim, and Fallout 3/4, championing open-world freedom and player agency while becoming both celebrated auteur and internet meme.",Bethesda's visionary,people,,,True,False,,184,2026-08-28,,
vault/people/tokuro-fujiwara.mdx,vault,/vault/people/tokuro-fujiwara/,Tokuro Fujiwara,"Tokuro Fujiwara designed Ghosts 'n Goblins, created the framework for Mega Man, and shaped Capcom's approach to challenging action games throughout the company's golden era.",Capcom's action architect,people,,,True,False,,202,2026-08-27,,
vault/people/tommy-tallarico.mdx,vault,/vault/people/tommy-tallarico/,Tommy Tallarico,"Tommy Tallarico composed music for hundreds of games and created Video Games Live, bringing orchestral game music performances to concert halls worldwide.",Game music and media,people,,,True,False,,202,2026-08-27,,
vault/people/tomohiro-nishikado.mdx,vault,/vault/people/tomohiro-nishikado/,Tomohiro Nishikado,"Tomohiro Nishikado single-handedly designed, programmed, and built the hardware for Space Invaders, creating the game that launched the golden age of arcade gaming.",Creator of Space Invaders,people,,,True,False,,284,2026-08-28,,
vault/people/tomonobu-itagaki.mdx,vault,/vault/people/tomonobu-itagaki/,Tomonobu Itagaki,Tomonobu Itagaki created Dead or Alive and revived Ninja Gaiden with demanding difficulty and controversial design choices before departing Tecmo amid legal disputes.,Dead or Alive's provocateur,people,,,True,False,,176,2026-08-27,,
vault/people/toni-baker.mdx,vault,/vault/people/toni-baker/,Toni Baker,Toni Baker's 'Mastering Machine Code on Your ZX Spectrum' taught a generation of British programmers how to escape BASIC and write real games.,Voice of ZX assembly,people,,,True,False,,255,2026-08-27,,
vault/people/toni-wilen.mdx,vault,/vault/people/toni-wilen/,Toni Wilen,"The Finnish programmer who has maintained WinUAE since 2000, making it the definitive Amiga emulator through decades of dedicated development.",WinUAE maintainer,people,,,True,False,,187,2026-08-27,,
vault/people/tony-crowther.mdx,vault,/vault/people/tony-crowther/,Tony Crowther,One of the most-discussed programmers in the British press — from Blagger on the C64 to Captive and Liberation on the Amiga — and a career that spans the whole arc this Vault covers.,Named in sixty-eight issues,people,,,True,False,,480,2026-08-27,,
vault/people/toru-iwatani.mdx,vault,/vault/people/toru-iwatani/,Toru Iwatani,"Toru Iwatani designed Pac-Man to appeal beyond typical arcade players, creating gaming's first icon and one of the most recognisable characters in entertainment history.",Creator of Pac-Man,people,,,True,False,,276,2026-08-28,,
vault/people/toshihiro-nagoshi.mdx,vault,/vault/people/toshihiro-nagoshi/,Toshihiro Nagoshi,"Toshihiro Nagoshi created the Yakuza series and led Sega's Amusement Vision division, developing distinctive Japanese games that found global audiences.",Yakuza's creator,people,,,True,False,,155,2026-08-28,,
vault/people/trip-hawkins.mdx,vault,/vault/people/trip-hawkins/,Trip Hawkins,"Trip Hawkins founded Electronic Arts, pioneered treating game developers as artists, then gambled everything on 3DO and lost.",Electronic Arts founder,people,,,True,False,,260,2026-08-27,,
vault/people/vogue.mdx,vault,/vault/people/vogue/,Vogue,"Vogue (Magnus Högdahl) made tech demos with Triton, then founded Starbreeze Studios — the scener whose handle sits behind one of Sweden's notable studios.",Magnus Högdahl — Triton to founding Starbreeze,people,,,True,False,,175,2026-08-27,,
vault/people/voja-antonovic.mdx,vault,/vault/people/voja-antonovic/,Voja Antonić,"The Yugoslav engineer who designed the Galaksija computer and published its complete schematics in a magazine, enabling thousands to build their own computers.",Galaksija designer,people,,,True,False,,176,2026-08-27,,
vault/people/warren-robinett.mdx,vault,/vault/people/warren-robinett/,Warren Robinett,Warren Robinett created *Adventure* for Atari 2600 and invented the video game Easter egg by hiding his name in the game.,The first Easter egg,people,,,True,False,,177,2026-08-27,,
vault/people/warren-spector.mdx,vault,/vault/people/warren-spector/,Warren Spector,"Warren Spector championed player agency in game design, producing System Shock and directing Deus Ex to create the 'immersive sim' philosophy that influenced a generation of designers.",Immersive sim architect,people,,,True,False,,196,2026-08-27,,
vault/people/wildfire.mdx,vault,/vault/people/wildfire/,Wildfire,"Wildfire (Sami Vanhatalo) was a Future Crew coder whose engine and technology work carried into Remedy, part of the demo group's wholesale move into the games industry.",Sami Vanhatalo — Future Crew to Remedy,people,,,True,False,,179,2026-08-27,,
vault/people/will-crowther.mdx,vault,/vault/people/will-crowther/,Will Crowther,"The programmer and caver who created Colossal Cave Adventure in 1976, inventing the text adventure genre and inspiring generations of game designers.",The first adventure,people,,,True,False,,290,2026-08-27,,
vault/people/will-wright.mdx,vault,/vault/people/will-wright/,Will Wright,"Will Wright created SimCity and The Sims, pioneering open-ended 'software toys' that let players build, experiment, and express themselves.",Architect of simulation,people,,,True,False,,238,2026-08-27,,
vault/people/yoshiki-okamoto.mdx,vault,/vault/people/yoshiki-okamoto/,Yoshiki Okamoto,"Yoshiki Okamoto created some of Capcom's most influential arcade games, from 1942 to Street Fighter II, before founding Game Republic to continue his distinctive design philosophy.",Capcom's arcade visionary,people,,,True,False,,154,2026-08-27,,
vault/people/yoshio-sakamoto.mdx,vault,/vault/people/yoshio-sakamoto/,Yoshio Sakamoto,"Yoshio Sakamoto shaped the Metroid series' identity through atmospheric design and non-linear exploration, defining the 'Metroidvania' template alongside Samus Aran.",Metroid director,people,,,True,False,,206,2026-08-27,,
vault/people/yu-suzuki.mdx,vault,/vault/people/yu-suzuki/,Yu Suzuki,"Yu Suzuki created Hang-On, Out Run, After Burner, Virtua Fighter, and Shenmue—defining Sega's arcade identity and pushing hardware to its limits.",Sega's arcade visionary,people,,,True,False,,354,2026-08-27,,
vault/people/yuji-horii.mdx,vault,/vault/people/yuji-horii/,Yuji Horii,"Yuji Horii created Dragon Quest and defined the JRPG genre's accessibility-first approach, making role-playing games approachable for mainstream Japanese audiences.",Dragon Quest's creator,people,,,True,False,,192,2026-08-28,,
vault/people/yuji-naka.mdx,vault,/vault/people/yuji-naka/,Yuji Naka,"Yuji Naka programmed Sonic the Hedgehog's revolutionary engine and co-led Sonic Team, creating the technical foundation for Sega's most iconic franchise.",Sonic's programmer,people,,,True,False,,193,2026-08-27,,
vault/people/yuzo-koshiro.mdx,vault,/vault/people/yuzo-koshiro/,Yuzo Koshiro,"Yuzo Koshiro brought club music to consoles, crafting the thumping soundtracks of Streets of Rage and pioneering FM synthesis as a musical art form.",Techno warrior of the Mega Drive,people,,,True,False,,227,2026-08-27,,
vault/phenomena/1983-crash.mdx,vault,/vault/phenomena/1983-crash/,The 1983 Video Game Crash,"Overproduction, quality collapse, and consumer distrust crashed the North American games market—until Nintendo proved games were worth playing again.",When the industry nearly died,phenomena,,,True,False,,548,2026-08-27,,
vault/phenomena/bbc-computer-literacy-project.mdx,vault,/vault/phenomena/bbc-computer-literacy-project/,BBC Computer Literacy Project,"The 1980s British initiative that put computers in every school and homes across the nation, creating the foundation for the UK games industry.",A nation learns to code,phenomena,,,True,False,,331,2026-08-27,,
vault/phenomena/bedroom-coder.mdx,vault,/vault/phenomena/bedroom-coder/,The Rise of the Bedroom Coder,"The defining figure of the 1980s British games scene: an individual programmer, often a teenager, building a complete commercial game alone at home, mailing the cassette to a publisher, and ending up with a credit on a shop-shelf inlay. This entry covers the conditions that made it possible, the money involved, and — from the period press — the point at which the door began to close.",How a generation of British teenagers shipped commercial games from their bedrooms,phenomena,,,True,False,,2074,2026-08-28,,
vault/phenomena/console-wars.mdx,vault,/vault/phenomena/console-wars/,The Console Wars,"The early 1990s battle between Sega and Nintendo defined a generation, turned gaming into tribal identity, and changed how games were marketed forever.",Sega vs Nintendo: gaming's greatest rivalry,phenomena,,,True,False,,342,2026-08-27,,
vault/phenomena/crpg-renaissance.mdx,vault,/vault/phenomena/crpg-renaissance/,CRPG Renaissance,"The CRPG renaissance saw crowdfunding revive isometric role-playing games after publishers abandoned the genre, with Pillars of Eternity and Divinity: Original Sin proving audience demand remained.",Kickstarted revival,phenomena,,,True,False,,196,2026-08-27,,
vault/phenomena/golden-age-arcade.mdx,vault,/vault/phenomena/golden-age-arcade/,Golden Age of Arcade,"The golden age of arcade games saw rapid innovation and massive popularity, establishing video games as a cultural phenomenon through classics like Space Invaders, Pac-Man, and Donkey Kong.",1978-1983,phenomena,,,True,False,,221,2026-08-27,,
vault/phenomena/guild-of-software-houses.mdx,vault,/vault/phenomena/guild-of-software-houses/,Guild of Software Houses,"Founded in 1983 by Bug-Byte, Quicksilva, Virgin Games and others, GOSH published a Customers' Charter promising delivery times, refunds and — the clause that dates it exactly — an undertaking not to advertise products as available before they were. It also ran a £50,000 fighting fund against piracy, and counted the industry shrinking from 500 companies to 350 in a year.","GOSH — the British software industry regulating itself, 1983 to about 1987",phenomena,,,True,False,,754,2026-08-27,,
vault/phenomena/indie-renaissance.mdx,vault,/vault/phenomena/indie-renaissance/,Indie Renaissance,"The 2008-2015 explosion of independent game development that echoed the bedroom coder era, enabled by digital distribution and proving small teams could create culturally significant games.",Bedroom coders return,phenomena,,,True,False,,339,2026-08-27,,
vault/phenomena/nintendo-seal.mdx,vault,/vault/phenomena/nintendo-seal/,Nintendo Seal of Quality,"The Nintendo Seal of Quality certified games for NES and later systems, establishing quality standards while giving Nintendo control over its platform's software library.",Certification and control,phenomena,,,True,False,,230,2026-08-27,,
vault/phenomena/pokemon-phenomenon.mdx,vault,/vault/phenomena/pokemon-phenomenon/,Pokémon Phenomenon,"Pokémon grew from Game Boy RPG to global multimedia empire, generating billions through games, cards, anime, merchandise, and a cultural presence that spans generations.",Catching the world,phenomena,,,True,False,,181,2026-08-27,,
vault/phenomena/record-companies-in-software.mdx,vault,/vault/phenomena/record-companies-in-software/,When the Record Companies Sold Software,"Between 1983 and 1985 the British record industry moved into software — Virgin, Thorn EMI, K-Tel and Ariola all opened games labels — and by 1989 all but one had gone. The trade press predicted it, named it as a category at the time, and shared its chart compiler with it.",The music industry's short occupation of British games publishing,phenomena,,,True,False,,927,2026-08-28,,
vault/phenomena/rpg-golden-age.mdx,vault,/vault/phenomena/rpg-golden-age/,RPG Golden Age,"The RPG golden age of 1995-2001 saw parallel peaks in both Japanese and Western role-playing games, with Chrono Trigger, Final Fantasy VII, Baldur's Gate, and Planescape arriving in rapid succession.",Peak role-playing,phenomena,,,True,False,,211,2026-08-27,,
vault/phenomena/sega-vs-nintendo.mdx,vault,/vault/phenomena/sega-vs-nintendo/,Sega vs Nintendo,"The Sega vs Nintendo rivalry defined gaming in the early 1990s, with aggressive marketing, mascot battles, and playground debates that shaped an industry and a generation.",The first console war,phenomena,,,True,False,,168,2026-08-27,,
vault/phenomena/tetris-legal-battles.mdx,vault,/vault/phenomena/tetris-legal-battles/,The Tetris Rights Wars,"Tetris emerged from the Soviet Union into a thicket of competing claims, fraudulent contracts, and corporate espionage that reads like a Cold War thriller.",Gaming's most complex licensing saga,phenomena,,,True,False,,332,2026-08-27,,
vault/phenomena/video-game-crash.mdx,vault,/vault/phenomena/video-game-crash/,Video Game Crash,"The video game crash of 1983 nearly destroyed the North American games industry, caused by market saturation, poor quality control, and the infamous E.T. cartridge burial.",1983's industry collapse,phenomena,,,True,False,,232,2026-08-27,,
vault/systems/acorn-archimedes.mdx,vault,/vault/systems/acorn-archimedes/,Acorn Archimedes,"The Acorn Archimedes was the most powerful home computer of its era, introducing the ARM processor that now powers most smartphones. Acorn's own manual shows a design where the memory controller generates the processor's clock, and the video chip makes the sound.",The ARM's birthplace,systems,,,True,False,,705,2026-08-31,,
vault/systems/amstrad-cpc.mdx,vault,/vault/systems/amstrad-cpc/,Amstrad CPC,"Alan Sugar’s Amstrad CPC bundled a computer, cassette deck, and monitor—bringing tidy, reliable 8-bit power to the masses.",All-in-one colour computing,systems,,,True,False,,581,2026-08-31,,
vault/systems/apple-ii.mdx,vault,/vault/systems/apple-ii/,Apple II,"Steve Wozniak's Apple II brought personal computing to homes and schools, establishing Apple and proving computers could be consumer products.",The computer that launched an industry,systems,,,True,False,,597,2026-08-31,,
vault/systems/atari-2600.mdx,vault,/vault/systems/atari-2600/,Atari 2600,"The Atari VCS brought arcade gaming home, establishing the cartridge-based console market before hubris brought it crashing down.",The console that created an industry,systems,,,True,False,,667,2026-08-31,,
vault/systems/atari-8-bit.mdx,vault,/vault/systems/atari-8-bit/,Atari 8-bit Family,"Atari's home computers offered superior graphics and sound to their contemporaries, yet never matched the company's console success.","The 400, 800, and XL/XE computers",systems,,,True,False,,781,2026-08-31,,
vault/systems/atari-lynx.mdx,vault,/vault/systems/atari-lynx/,Atari Lynx,"The 1989 Atari handheld that was the first with a colour backlit display and hardware scaling, technically superior to Game Boy but defeated by battery life and price.",First colour handheld,systems,,,True,False,,664,2026-09-01,,
vault/systems/atari-st.mdx,vault,/vault/systems/atari-st/,Atari ST,"The Atari ST married a 68000 CPU with built-in MIDI ports, making it a darling of musicians, demosceners, and bedroom developers.",Sixteen-bit music machine,systems,,,True,False,,645,2026-08-31,,
vault/systems/bbc-micro.mdx,vault,/vault/systems/bbc-micro/,BBC Micro,"Acorn's BBC Micro brought computing to British schools, taught a generation to program, and spawned the ARM processor architecture.",The educational powerhouse,systems,,,True,False,,942,2026-08-31,,
vault/systems/commodore-16.mdx,vault,/vault/systems/commodore-16/,Commodore 16 and Plus/4,"The C16 and Plus/4 are remembered as Commodore's failures. Measured across eighteen magazines in ten territories, their prominence relative to the C64 ranges from 2% to 60% — and the widest gap between contemporaries is not between countries but between two British magazines, where a general Commodore monthly gives them more than ten times the attention a games magazine does.",A machine whose reputation depends on which magazine you read,systems,,,True,False,,1060,2026-08-31,,
vault/systems/commodore-64.mdx,vault,/vault/systems/commodore-64/,Commodore 64,"Commodore's 1982 machine paired the SID and VIC-II chips with a price nobody could match, becoming the best-selling computer model ever made and the platform the demoscene grew up on.",The 8-bit every kid could afford,systems,,,True,False,,1272,2026-08-31,,
vault/systems/commodore-amiga.mdx,vault,/vault/systems/commodore-amiga/,Commodore Amiga,"Jay Miner's custom chipset gave the Amiga hardware co-processors, four-channel sampled sound and preemptive multitasking in 1985 — years before its rivals, and the reason the demoscene moved there.",The multimedia dream machine,systems,,,True,False,,1160,2026-08-31,,
vault/systems/dragon-32.mdx,vault,/vault/systems/dragon-32/,Dragon 32,"The 1982 Welsh home computer featuring the Motorola 6809 CPU, offering 32KB RAM and compatibility with the TRS-80 Color Computer, though it struggled against the Spectrum and C64.",Welsh 6809 computer,systems,,,True,False,,588,2026-08-31,,
vault/systems/dragon-64.mdx,vault,/vault/systems/dragon-64/,Dragon 64,"The 1983 upgrade to the Dragon 32, doubling RAM to 64KB while maintaining 6809 architecture and CoCo compatibility.",Enhanced Welsh computer,systems,,,True,False,,795,2026-09-01,,
vault/systems/dreamcast.mdx,vault,/vault/systems/dreamcast/,Sega Dreamcast,"Sega's final console launched with online gaming, visual memory units, and arcade-perfect ports, but couldn't survive the PlayStation 2 onslaught.",Ahead of its time,systems,,,True,False,,168,2026-09-01,,
vault/systems/famiclone.mdx,vault,/vault/systems/famiclone/,Famiclones,"The unlicensed Famicom/NES clones produced primarily in Asia and sold worldwide, often marketed as educational devices, introducing millions to gaming outside official channels.",Unlicensed NES clones,systems,,,True,False,,366,2026-09-01,,
vault/systems/galaksija.mdx,vault,/vault/systems/galaksija/,Galaksija,"The 1983 Yugoslav computer whose complete schematics were published in a magazine, allowing hobbyists to build their own computers from available parts—the ultimate bedroom computing story.",DIY magazine computer,systems,,,True,False,,337,2026-09-01,,
vault/systems/game-and-watch.mdx,vault,/vault/systems/game-and-watch/,Game & Watch,"Nintendo's 1980-1991 line of dedicated LCD handheld games created by Gunpei Yokoi, which invented the D-pad and established the template for portable gaming.",Yokoi's portable revolution,systems,,,True,False,,372,2026-09-01,,
vault/systems/game-boy-advance.mdx,vault,/vault/systems/game-boy-advance/,Game Boy Advance,"Nintendo's Game Boy Advance brought 32-bit power to handhelds, delivering SNES-quality gaming on the go with impressive battery life.",SNES in your pocket,systems,,,True,False,,470,2026-09-01,,
vault/systems/game-boy.mdx,vault,/vault/systems/game-boy/,Nintendo Game Boy,"Gunpei Yokoi's Game Boy chose battery life over power, outlasting technically superior rivals to define handheld gaming. Nintendo's own programming manual shows the choice was not folklore but documented discipline: it tells developers to halt the processor and do nothing at all whenever the machine can afford to.",Lateral thinking made portable,systems,,,True,False,,996,2026-08-31,,
vault/systems/game-gear.mdx,vault,/vault/systems/game-gear/,Sega Game Gear,"Sega's 1990 colour handheld that was essentially a portable Master System, offering backlit graphics but suffering from poor battery life that limited its success against Game Boy.",Portable Master System,systems,,,True,False,,770,2026-09-01,,
vault/systems/jupiter-ace.mdx,vault,/vault/systems/jupiter-ace/,Jupiter Ace,"Built in 1982 by the two engineers who had just designed the ZX Spectrum, the Jupiter Ace put Forth in ROM where every other home computer put BASIC — faster, more compact, and commercially fatal. Jupiter Cantab crashed in 1983; the machine outlived the company by years in the hands of its users' club.",The home computer that shipped with Forth instead of BASIC,systems,,,True,False,,1099,2026-09-04,,
vault/systems/msx.mdx,vault,/vault/systems/msx/,MSX,"MSX attempted to standardise home computers, succeeding spectacularly in Japan while struggling elsewhere, and launching Konami and Metal Gear.",The standard that united Japan,systems,,,True,False,,764,2026-08-31,,
vault/systems/n64.mdx,vault,/vault/systems/n64/,Nintendo 64,Nintendo's 64-bit console delivered groundbreaking 3D experiences with four controller ports that made it the definitive couch multiplayer machine.,"Four controllers, infinite memories",systems,,,True,False,,1157,2026-08-31,,
vault/systems/naomi.mdx,vault,/vault/systems/naomi/,NAOMI,"Sega's NAOMI arcade board shared Dreamcast architecture, enabling arcade-perfect home ports and efficient cross-platform development.",Dreamcast's arcade sibling,systems,,,True,False,,293,2026-09-01,,
vault/systems/neo-geo-pocket.mdx,vault,/vault/systems/neo-geo-pocket/,Neo Geo Pocket Color,"SNK's 1999 handheld featuring the best portable D-pad ever made and excellent fighting games, cut short by SNK's bankruptcy despite critical acclaim.",Fighting game specialist,systems,,,True,False,,534,2026-09-01,,
vault/systems/neo-geo.mdx,vault,/vault/systems/neo-geo/,Neo Geo,"SNK's Neo Geo delivered arcade-identical gaming at home for the price of a used car. Its specification shows why nothing else looked like it: the machine has no tiled background layer at all, and draws almost everything — scenery included — out of sprites.",Arcade perfection at home,systems,,,True,False,,929,2026-08-31,,
vault/systems/nes.mdx,vault,/vault/systems/nes/,Nintendo Entertainment System,"Launched as the Famicom in 1983, Nintendo's 8-bit console paired the Ricoh 2A03 CPU with a tile-and-sprite PPU and a strict licensing regime, reviving the crashed console market and selling around 62 million units.",The console that rebuilt the games industry,systems,,,True,False,,1671,2026-08-28,,
vault/systems/nintendo-ds.mdx,vault,/vault/systems/nintendo-ds/,Nintendo DS,"Nintendo's dual-screen handheld combined touchscreen input with traditional controls, enabling innovative gameplay that dominated handheld gaming.",Touching is good,systems,,,True,False,,317,2026-09-01,,
vault/systems/pc-engine.mdx,vault,/vault/systems/pc-engine/,PC Engine / TurboGrafx-16,"NEC's PC Engine bridged 8-bit and 16-bit generations, dominated Japan briefly, and introduced the CD-ROM add-on that would reshape gaming. Hudson's chip manuals show how an 8-bit machine kept up: the processor carries a memory manager and the sound hardware on the same die.",The compact powerhouse,systems,,,True,False,,761,2026-08-31,,
vault/systems/playstation-2.mdx,vault,/vault/systems/playstation-2/,PlayStation 2,"The PlayStation 2 dominated gaming with 155 million units sold, DVD playback, and a library spanning every genre imaginable.",Best-selling console ever,systems,,,True,False,,693,2026-09-01,,
vault/systems/playstation.mdx,vault,/vault/systems/playstation/,PlayStation,"Sony's PlayStation transformed gaming through CD-ROM capacity, third-party support, and marketing that made consoles mainstream adult entertainment. Sony's developer documentation shows a machine designed by subtraction: the memory manager and the floating-point unit are gone, and what replaces them is a fixed-point geometry coprocessor and a kilobyte of scratch pad.",The disc revolution,systems,,,True,False,,811,2026-09-01,,
vault/systems/sega-master-system.mdx,vault,/vault/systems/sega-master-system/,Sega Master System,The Sega Master System was technically superior to the NES but couldn't overcome Nintendo's head start and third-party lock-in.,The NES challenger,systems,,,True,False,,962,2026-09-01,,
vault/systems/sega-mega-drive.mdx,vault,/vault/systems/sega-mega-drive/,Sega Mega Drive / Genesis,"The Mega Drive broke Nintendo's stranglehold, brought Sonic to life, and made 'Genesis does what Nintendon't' the most aggressive slogan in gaming. Sega's own developer documentation is more careful than the slogan: the headline numbers it is remembered by are each the best case of a pair.",Sega's 16-bit champion,systems,,,True,False,,1226,2026-08-31,,
vault/systems/sega-saturn.mdx,vault,/vault/systems/sega-saturn/,Sega Saturn,"Sega's Saturn excelled at 2D and sprite-based games but struggled with 3D, losing the 32-bit console war despite an impressive Japanese library.",The 2D powerhouse,systems,,,True,False,,333,2026-09-01,,
vault/systems/sinclair-ql.mdx,vault,/vault/systems/sinclair-ql/,Sinclair QL,"Announced in January 1984 at £399 with a 68008, 128K of RAM, two Microdrives and four bundled Psion applications, the Sinclair QL was extraordinary value and barely worked. It shipped months late with part of its operating system in a lump of metal plugged into the back, and by May Sinclair Research was holding £5 million against orders it could not fill — the same sum the whole company sold for two years later.","The first 68000-family home computer, and the machine that finished Sinclair Research",systems,,,True,False,,1604,2026-08-31,,
vault/systems/super-nintendo.mdx,vault,/vault/systems/super-nintendo/,Super Nintendo Entertainment System,"The SNES arrived late to the 16-bit war but won through superior software, Mode 7 magic, and the most celebrated game library of any console. In Britain it arrived twice: eighteen months as a grey import at £250–£300, then officially at £149 — Nintendo undercutting the market that had been selling its own machine.",Nintendo's 16-bit answer,systems,,,True,False,,1536,2026-09-01,,
vault/systems/trs-80-color-computer.mdx,vault,/vault/systems/trs-80-color-computer/,TRS-80 Color Computer,"The Tandy/Radio Shack 6809-based home computer line (1980-1991), known as the CoCo, which shared architecture with the Dragon and evolved into the capable CoCo 3.",Tandy's 6809 line,systems,,,True,False,,373,2026-09-01,,
vault/systems/trs-80.mdx,vault,/vault/systems/trs-80/,TRS-80,"The TRS-80 brought personal computing to Radio Shack stores across America, becoming an unexpected bestseller and establishing the home computer market. Tandy's own technical handbook shows a machine built to a price in every detail — including a character code that is only six bits stored, with the seventh worked out by a logic gate.",Radio Shack's surprise success,systems,,,True,False,,778,2026-08-31,,
vault/systems/vectrex.mdx,vault,/vault/systems/vectrex/,Vectrex,"The 1982 vector graphics game console with built-in monitor, using the Motorola 6809 CPU to create sharp line-based graphics unlike any other home system.",Vector graphics console,systems,,,True,False,,249,2026-09-01,,
vault/systems/vic-20.mdx,vault,/vault/systems/vic-20/,Commodore VIC-20,"The first computer to sell a million units, the VIC-20 brought colour computing to the masses and paved the way for the C64.",The friendly computer,systems,,,True,False,,613,2026-08-31,,
vault/systems/xbox.mdx,vault,/vault/systems/xbox/,Xbox,"The original Xbox brought PC gaming power to consoles, introduced Xbox Live, and launched the Halo franchise that defined console shooters.",Microsoft enters gaming,systems,,,True,False,,649,2026-09-01,,
vault/systems/zx-spectrum-next.mdx,vault,/vault/systems/zx-spectrum-next/,ZX Spectrum Next,"A community-funded FPGA Spectrum in a Rick Dickinson case: a Z80N at up to 28MHz, 128 hardware sprites, Layer 2 graphics, three AY chips and SD storage — while still running the 1982 machine's software.","The Spectrum Sinclair did not build, forty years late",systems,,,True,False,,909,2026-09-01,,
vault/systems/zx-spectrum.mdx,vault,/vault/systems/zx-spectrum/,Sinclair ZX Spectrum,"Clive Sinclair's £125 Spectrum brought colour computing to British bedrooms in 1982, igniting the type-in era and a decade of homegrown game development.","Rubber-keyed brilliance, on a budget",systems,,,True,False,,1522,2026-08-31,,
vault/systems/zx81.mdx,vault,/vault/systems/zx81/,Sinclair ZX81,"Clive Sinclair's black wedge computer brought programming to Britain's bedrooms, despite its 1KB RAM and membrane keyboard. Its display has no video hardware worth the name: the Z80 generates the picture by running the screen as if it were a program, and FAST mode is the machine offering to stop.",Computing for under £70,systems,,,True,False,,925,2026-08-31,,
vault/techniques/active-time-battle.mdx,vault,/vault/techniques/active-time-battle/,Active Time Battle,"Active Time Battle is Square's patented combat system: each character has a time gauge, acts only when it fills, and enemies keep attacking while the player decides. Edge defined it for Final Fantasy VII in 1996 and reviewed Final Fantasy Tactics, Parasite Eve and Xenogears as variations on it.",Time flows in combat,techniques,,,True,False,,552,2026-09-02,,
vault/techniques/agi-engine.mdx,vault,/vault/techniques/agi-engine/,AGI Engine,"Sierra's Adventure Game Interpreter ran the 3-D Animated Adventures from King's Quest (IBM PCjr, 1984) to Manhunter: San Francisco, at 160×200 with a typed verb-noun parser, until SCI replaced it from King's Quest IV.",Sierra's Adventure Game Interpreter,techniques,,,True,False,,700,2026-09-02,,
vault/techniques/agsp.mdx,vault,/vault/techniques/agsp/,AGSP,"Putting the C64's whole screen anywhere by combining VSP for the horizontal and a line crunch for the vertical - the trick behind full-screen scrolling games and demos, and identifiable by the blanked lines it leaves at the top.",Any Given Screen Position,techniques,,,True,False,,293,2026-09-02,,
vault/techniques/analog-control.mdx,vault,/vault/techniques/analog-control/,Analogue Control,"Analogue control reads how far a stick is pushed, not just which way. Atari sold it on the 5200 in 1983 with a stick that would not centre; the Nintendo 64 thumb stick made Mario walk or run by degree in 1996, and Sega and Sony followed with analogue pads of their own.",Degrees of freedom,techniques,,,True,False,,732,2026-09-02,,
vault/techniques/arbitrary-code-execution.mdx,vault,/vault/techniques/arbitrary-code-execution/,Arbitrary Code Execution,"The most powerful speedrunning exploit - manipulating game memory through normal inputs to execute arbitrary code, enabling impossible shortcuts and instant wins.",Playing the game's memory,techniques,,,True,False,,965,2026-08-27,,
vault/techniques/arpeggio.mdx,vault,/vault/techniques/arpeggio/,Arpeggio,"Arpeggios rapidly cycled through notes of a chord, simulating polyphony on sound chips limited to single-note channels—a defining technique of chiptune music.",Chords from a single channel,techniques,,,True,False,,785,2026-09-02,,
vault/techniques/ascii-art.mdx,vault,/vault/techniques/ascii-art/,ASCII Art,"ASCII art is a picture made of printable text characters. Period magazines trace it from line-printer pictures downloaded from CompuServe around 1980, through the ANSI colour art and smileys of the bulletin boards, to the ASCII logos of the 1990s Amiga scene.",Pictures from punctuation,techniques,,,True,False,,1135,2026-09-02,,
vault/techniques/attract-mode.mdx,vault,/vault/techniques/attract-mode/,Attract Mode,"Attract mode displayed automated gameplay demonstrations on idle arcade machines, enticing players to insert coins through flashy visuals, high score tables, and gameplay previews.",Arcade marketing display,techniques,,,True,False,,837,2026-09-02,,
vault/techniques/attribute-aware-design.mdx,vault,/vault/techniques/attribute-aware-design/,Attribute-Aware Design,"How Spectrum designers and programmers worked with the platform's two-colours-per-cell rule: monochrome rooms, block alignment, colour pushed to the border, transparent printing, masking, and the attribute byte reused as the level map.",Designing for the ZX Spectrum's two-colours-per-cell rule,techniques,,,True,False,,980,2026-09-03,,
vault/techniques/audio-programming.mdx,vault,/vault/techniques/audio-programming/,Audio Programming,"Audio programming on vintage hardware demanded intimate knowledge of sound chips, precise timing, and clever techniques to achieve musical results.",Sound from code,techniques,,,True,False,,843,2026-09-02,,
vault/techniques/bank-switching.mdx,vault,/vault/techniques/bank-switching/,Bank Switching,Bank switching allows systems with limited address space to access more memory by swapping different memory regions into the same address range.,Expanding memory through hardware tricks,techniques,,,True,False,,923,2026-09-02,,
vault/techniques/base-building.mdx,vault,/vault/techniques/base-building/,Base Building,"Base building is the construction half of real-time strategy: structures that gather a resource, produce units and defend the plot. Reviewers described Dune II in 1992 as Sim City with a war attached, called Warcraft and Command & Conquer copies of it, and by 1998 used ""base-building game"" as a genre label.",Construction strategy,techniques,,,True,False,,1043,2026-09-02,,
vault/techniques/basic-curricula.mdx,vault,/vault/techniques/basic-curricula/,BASIC Curricula,BASIC curricula in schools introduced millions of students to programming concepts through hands-on coding on classroom computers.,Teaching code in schools,techniques,,,True,False,,1021,2026-09-02,,
vault/techniques/basic-v2.mdx,vault,/vault/techniques/basic-v2/,BASIC V2 Reference,Complete command reference for Commodore 64 BASIC V2,Complete command reference,techniques,,,True,False,,1532,2026-09-02,,
vault/techniques/battery-backup.mdx,vault,/vault/techniques/battery-backup/,Battery Backup,"A lithium cell in the cartridge keeps its work RAM powered while the console is off, so a game can save without a disk or a password. Family BASIC had it in 1984; The Legend of Zelda's gold cartridge made it famous in 1987; a CR2032 still does the job.",Cartridge save memory,techniques,,,True,False,,1445,2026-09-02,,
vault/techniques/beeper-music.mdx,vault,/vault/techniques/beeper-music/,Beeper Music,"How the 48K Spectrum's single speaker bit produced continuous in-game tunes and three-voice harmony: Matthew Smith's interleaved game loop, Tim Follin's multi-channel routines, and what they cost the rest of the program.",Single-channel melody on the Sinclair ZX Spectrum's one-bit speaker,techniques,,,True,False,,1021,2026-09-02,,
vault/techniques/blast-processing.mdx,vault,/vault/techniques/blast-processing/,Blast Processing,Blast Processing was Sega of America's 1992-93 marketing term for the Genesis. Sega's own magazine defined it as displaying one image while loading another; the developer manual never names it; the word came from a Mega-CD interview.,Marketing meets hardware,techniques,,,True,False,,617,2026-09-02,,
vault/techniques/bob-graphics.mdx,vault,/vault/techniques/bob-graphics/,BOBs: Blitter Objects,BOBs used the Amiga's Blitter to draw sprites into the playfield—offering unlimited objects at the cost of CPU coordination and flicker-free rendering.,Software sprites on the Amiga,techniques,,,True,False,,734,2026-09-02,,
vault/techniques/branching-narrative.mdx,vault,/vault/techniques/branching-narrative/,Branching Narrative,"A branching narrative is a story whose path depends on what the player does. Period sources trace it through the Fighting Fantasy gamebooks, adventures with several endings (Deadline had ten), Wing Commander's performance-branched campaign, Chrono Trigger's alternate endings and Blade Runner's randomised suspects.","Your story, your choices",techniques,,,True,False,,1146,2026-09-02,,
vault/techniques/bsp-trees.mdx,vault,/vault/techniques/bsp-trees/,BSP Trees,"A BSP tree sorts a level's walls in advance so the renderer can draw them in order from any viewpoint. John Carmack learned it from Bruce Naylor's papers in April 1993 while squeezing Wolfenstein 3D onto the SNES, rebuilt Doom around it, and took it into 3D with the PVS for Quake.",3D rendering optimisation,techniques,,,True,False,,1273,2026-09-02,,
vault/techniques/cassette-loading.mdx,vault,/vault/techniques/cassette-loading/,How a Cassette Becomes a Game,"Cassettes were slow, cheap, and everywhere. Here's how data marched from tape to RAM, one bit at a time.",From magnetic stripes to moving sprites,techniques,,,True,False,,1584,2026-09-03,,
vault/techniques/cel-shading.mdx,vault,/vault/techniques/cel-shading/,Cel Shading,"Cel shading draws 3D models in flat colour bands with heavy outlines to look hand-drawn. The name came from LightWave's Cel Shader in 1997; Sega applied it to Jet Set Radio in 2000, Nintendo's cel-shaded Link stunned Spaceworld 2001, and by 2003 magazines called it a fad.",3D with cartoon style,techniques,,,True,False,,917,2026-09-02,,
vault/techniques/character-graphics.mdx,vault,/vault/techniques/character-graphics/,Character Graphics,"Character graphics used redefined text characters as game graphics, enabling colourful displays with minimal memory on systems designed primarily for text.",Building worlds from 8×8 blocks,techniques,,,True,False,,606,2026-09-03,,
vault/techniques/character-shift-parallax.mdx,vault,/vault/techniques/character-shift-parallax/,Character-Shift Parallax,"The C64 has one background layer, so its games faked a second by rolling the pixel definitions of a few characters against the direction of the scroll. Achim traces it to Bounder, Parallax and Marauder; John Rowlands added it to Mayhem in Monsterland in an hour.",Parallax by redrawing the font,techniques,,,True,False,,439,2026-09-02,,
vault/techniques/client-side-prediction.mdx,vault,/vault/techniques/client-side-prediction/,Client-Side Prediction,"Client-side prediction lets a networked game act on the player's input before the server confirms it, then corrects the result when the answer arrives. Magazines in 1996-97 describe id Software introducing it in QuakeWorld, its PUSHLATENCY command, and the rubber-band corrections that came with it.",Making lag invisible,techniques,,,True,False,,957,2026-09-02,,
vault/techniques/code-wheels.mdx,vault,/vault/techniques/code-wheels/,Code Wheels,"A code wheel is a pair of printed discs a game asks the player to consult before it runs, so the disk itself could ship unprotected. In print from Starflight in 1987 to Monkey Island's Dial-A-Pirate, with reviewers recording both the jokes and the black-on-black wheels.",Analog DRM,techniques,,,True,False,,940,2026-09-02,,
vault/techniques/collision-detection.mdx,vault,/vault/techniques/collision-detection/,Collision Detection,"Collision detection determined when game objects touched, using techniques from simple bounding boxes to pixel-perfect checks, each trading accuracy for performance.",When objects meet,techniques,,,True,False,,1031,2026-09-02,,
vault/techniques/colour-clash.mdx,vault,/vault/techniques/colour-clash/,Colour Clash,"The ZX Spectrum stores colour per 8×8 cell, not per pixel, so anything drawn into a cell shares its two colours with whatever is already there. The period press called it ""attribute problems"" and reviewed games on how they handled it.",The Spectrum's curse,techniques,,,True,False,,1066,2026-09-03,,
vault/techniques/compression.mdx,vault,/vault/techniques/compression/,Data Compression,"Compression techniques allowed game developers to fit larger games into limited ROM and RAM by encoding data more efficiently, from simple RLE to sophisticated algorithms.",Fitting more into less,techniques,,,True,False,,1566,2026-09-02,,
vault/techniques/copy-protection.mdx,vault,/vault/techniques/copy-protection/,Copy Protection,"Copy protection evolved from simple disk tricks to elaborate physical manuals and hardware dongles, creating an ongoing battle between publishers and crackers.",The anti-piracy arms race,techniques,,,True,False,,1730,2026-09-02,,
vault/techniques/copylock.mdx,vault,/vault/techniques/copylock/,Copylock,"Rob Northen's disk protection system that became the industry standard on Amiga and Atari ST, using sophisticated techniques to detect original disks and resist cracking.",The protection standard,techniques,,,True,False,,1143,2026-09-02,,
vault/techniques/crafting-systems.mdx,vault,/vault/techniques/crafting-systems/,Crafting Systems,"A crafting system lets the player make items from gathered ingredients. In the magazines held here it runs from Secret of Evermore's alchemy in 1995 through the trade skills of Ultima Online and EverQuest to the recipes, forges and crafting stations reviewers judged in the MMORPGs of 2003-04.",Making from materials,techniques,,,True,False,,1134,2026-09-02,,
vault/techniques/cycle-accuracy.mdx,vault,/vault/techniques/cycle-accuracy/,Cycle Accuracy,"Cycle-accurate emulation reproduces what the hardware does on each clock cycle. The sources here show why: games that hang when timing is approximate, chips that steal bus cycles from the CPU by documented rules, and emulator authors who set ""cycle-exact"" as the goal.",Emulation timing tiers,techniques,,,True,False,,1247,2026-09-02,,
vault/techniques/destructible-terrain.mdx,vault,/vault/techniques/destructible-terrain/,Destructible Terrain,"The technique of modifying bitmap landscapes in real-time, famously used in Worms to create satisfying explosions that reshape the battlefield.",Worms' secret weapon,techniques,,,True,False,,1012,2026-09-02,,
vault/techniques/dialogue-trees.mdx,vault,/vault/techniques/dialogue-trees/,Dialogue Trees,"A dialogue tree offers the player a short list of replies, each opening another. The magazines here trace it from Law of the West's four replies in 1985 through Sierra's ""conversation tree"" of 1992 to the statistic-gated dialogue of Fallout and Planescape: Torment.",Branching conversation,techniques,,,True,False,,1058,2026-09-02,,
vault/techniques/difficulty-design.mdx,vault,/vault/techniques/difficulty-design/,Difficulty Design,"Difficulty design is the choice of how hard a game is and who can change it. The sources here run from the arcade trade's ""easy to learn, hard to play"" rule and the Atari VCS difficulty switches to GoldenEye's objective-changing modes and The Lost Levels.",Balancing challenge and accessibility,techniques,,,True,False,,947,2026-09-02,,
vault/techniques/digitized-sprites.mdx,vault,/vault/techniques/digitized-sprites/,Digitised Sprites,"Digitised sprites are video frames of real actors reduced to a machine's palette. In use on the C64 by 1988, made famous by Pit-Fighter and Mortal Kombat; not to be confused with Rare's rendered sprites.","Real actors, pixel form",techniques,,,True,False,,970,2026-09-02,,
vault/techniques/dirty-rectangles.mdx,vault,/vault/techniques/dirty-rectangles/,Dirty Rectangles,"Dirty rectangle rendering optimised screen updates by tracking and redrawing only the areas that changed, saving CPU cycles when most of the display remained static.",Efficient screen updates,techniques,,,True,False,,831,2026-09-02,,
vault/techniques/disk-fastloaders.mdx,vault,/vault/techniques/disk-fastloaders/,Disk Fastloaders,"The 1541 is slow because its bus protocol is bit-banged in software around the VIC-II's DMA; fastloaders replace both ends of it. Epyx claimed five times, Datel's Warp 25 two hundred blocks in six seconds, and JiffyDOS printed the stopwatch figures.",Cutting load times on the Commodore 1541,techniques,,,True,False,,1481,2026-09-02,,
vault/techniques/disk-protection.mdx,vault,/vault/techniques/disk-protection/,Disk Protection,"Disk protection techniques prevented casual copying of floppy disks through intentional errors, non-standard formatting, and hardware tricks.",Copy prevention on floppy,techniques,,,True,False,,1339,2026-09-02,,
vault/techniques/dithering.mdx,vault,/vault/techniques/dithering/,Dithering,"Dithering created the illusion of additional colours by interleaving pixels of different shades, expanding limited palettes through optical mixing.",More colours from fewer,techniques,,,True,False,,1139,2026-09-02,,
vault/techniques/double-buffering.mdx,vault,/vault/techniques/double-buffering/,Double Buffering,"Double buffering drew to an off-screen buffer while displaying another, eliminating visual tearing and enabling smooth animation even on slow hardware.","Smooth, tear-free graphics",techniques,,,True,False,,1197,2026-09-02,,
vault/techniques/dycp.mdx,vault,/vault/techniques/dycp/,DYCP,"The C64 scroller where each letter bobs up and down on its own sine as it crosses the screen. Explained in print by Pasi 'Albert' Ojala in 1991, whose article is why the technique is documented at all.",Different Y Character Position,techniques,,,True,False,,340,2026-09-02,,
vault/techniques/emulators.mdx,vault,/vault/techniques/emulators/,Emulation Techniques,"An emulator makes one machine's software run on another by imitating its hardware. The magazines here give the method in Chris Hardy's words, the interpreter-versus-recompiler choice in Simon Goodwin's, MAME's growth from 1997, and the UltraHLE and Connectix cases of 1999.",Software becoming hardware,techniques,,,True,False,,916,2026-09-02,,
vault/techniques/enemy-design.mdx,vault,/vault/techniques/enemy-design/,Enemy Design,"Enemy design is the choice of what opposes the player and how it behaves. Nishikado, Iwatani, Jarvis, Miyamoto and Bungie's Jaime Griesemer describe their choices here, from invaders that shoot back to Grunts that panic.",Making meaningful opposition,techniques,,,True,False,,954,2026-09-02,,
vault/techniques/falling-block.mdx,vault,/vault/techniques/falling-block/,Falling Block,"A falling-block game drops pieces into a well and clears filled rows or matched groups. Tetris defined it, and the 1988-94 reviews here describe the rules, the Game Boy pack-in, and how Columns, Dr. Mario and Puyo Puyo varied them.",Puzzle game foundation,techniques,,,True,False,,888,2026-09-02,,
vault/techniques/fast-loader.mdx,vault,/vault/techniques/fast-loader/,Fast Loaders,"Fast loaders accelerated tape and disk loading on 8-bit computers, reducing frustrating wait times through optimised data transfer routines.",Beating the bottleneck,techniques,,,True,False,,861,2026-09-02,,
vault/techniques/fatalities.mdx,vault,/vault/techniques/fatalities/,Fatalities,"A Fatality is the finishing move Mortal Kombat lets the winner perform on a beaten opponent. The moves sold the game, were renamed and replaced on the Super NES in 1993, were named in the US Senate hearings that winter, and multiplied into Babalities, Friendships and Animalities in the sequels.",Finish them,techniques,,,True,False,,902,2026-09-02,,
vault/techniques/filmation-engine.mdx,vault,/vault/techniques/filmation-engine/,Filmation Engine,"Ultimate Play the Game's Filmation engine gave 8-bit isometric games solid, masked, flicker-free objects — and set the template that a hundred Spectrum arcade adventures followed.",Isometric illusion,techniques,,,True,False,,1012,2026-09-02,,
vault/techniques/filter-sweeps.mdx,vault,/vault/techniques/filter-sweeps/,Filter Sweeps,"Filter sweeps create dynamic timbral changes by gradually adjusting filter cutoff frequency, a signature effect of the C64's SID chip.",Moving through the frequency spectrum,techniques,,,True,False,,606,2026-09-02,,
vault/techniques/first-person-horror.mdx,vault,/vault/techniques/first-person-horror/,First-Person Horror,"First-person horror frightens a player who sees through the character's eyes. The 1997-2004 PC reviews here describe the method: sound before sight, scarce light, set-pieces at the moment of false safety, and suspense over gore.",Through terrified eyes,techniques,,,True,False,,859,2026-09-02,,
vault/techniques/fixed-point-math.mdx,vault,/vault/techniques/fixed-point-math/,Fixed-Point Maths,"Fixed-point arithmetic gives 8-bit systems sub-pixel precision for smooth movement, physics, and animation—all with fast integer operations.",Smooth movement without floating point,techniques,,,True,False,,656,2026-09-02,,
vault/techniques/fld.mdx,vault,/vault/techniques/fld/,FLD,"A C64 trick that inserts gaps between character lines, pushing the graphics below them down the screen. Unusually for a scene effect, it appeared in commercial games before it appeared in demos.",Flexible Line Distance,techniques,,,True,False,,293,2026-09-02,,
vault/techniques/fli.mdx,vault,/vault/techniques/fli/,FLI,"A C64 trick that re-triggers the VIC-II's colour fetch on every pixel line instead of every eighth, multiplying the colours available in a bitmap — at the cost of a permanent grey scar down the left of the screen.",Flexible Line Interpretation,techniques,,,True,False,,345,2026-09-02,,
vault/techniques/fm-synthesis.mdx,vault,/vault/techniques/fm-synthesis/,FM Synthesis,"FM synthesis makes complex timbres by letting one oscillator vary another's frequency. Chowning's method became Yamaha's chip family: the YM2151 in arcades, the YM3812 on the Ad Lib and Sound Blaster, the YM2413 in MSX-MUSIC, the YM2612 in the Mega Drive.",Frequency modulation music,techniques,,,True,False,,1198,2026-09-02,,
vault/techniques/fmv.mdx,vault,/vault/techniques/fmv/,Full Motion Video,"Full motion video played filmed actors from CD. Sega called Night Trap the first interactive movie in 1992, The 7th Guest shipped 36 minutes of it, Wing Commander III put Mark Hamill on four CDs, and by 1998 Computer Gaming World was writing its obituary.",Live action in games,techniques,,,True,False,,957,2026-09-02,,
vault/techniques/fog-of-war.mdx,vault,/vault/techniques/fog-of-war/,Fog of War,"Fog of war hides what the player has not scouted. Computer wargames argued about it from 1982, Empire painted the unexplored world black, and Warcraft II split the black shroud from the fog that returns when your units leave.",Strategic information hiding,techniques,,,True,False,,1208,2026-09-02,,
vault/techniques/force-feedback.mdx,vault,/vault/techniques/force-feedback/,Force Feedback,"Force feedback puts motors in a controller so the game can push back. Hard Drivin' had a motorised steering column in 1989, Immersion's Louis Rosenberg pitched the modelled version in 1996, and by 1998 Microsoft and Logitech were shipping wheels and sticks the games had yet to catch up with.",Feel the game,techniques,,,True,False,,838,2026-09-02,,
vault/techniques/fpp.mdx,vault,/vault/techniques/fpp/,FPP,"The most permissive of the C64 vertical tweaks: every single pixel line of graphics placed anywhere on screen, independently of every other — so graphics can be reversed, repeated or stretched at will.",Flexible Pixel Position,techniques,,,True,False,,225,2026-09-02,,
vault/techniques/frame-animation.mdx,vault,/vault/techniques/frame-animation/,Frame Animation,"Frame animation creates movement by displaying sequences of pre-drawn sprite images, with quality determined by frame count, timing, and artistic principles borrowed from traditional animation.",Sprite-based motion,techniques,,,True,False,,944,2026-09-02,,
vault/techniques/frameskipping-and-interpolation.mdx,vault,/vault/techniques/frameskipping-and-interpolation/,Frameskipping and Interpolation,"When a C64 game runs out of raster time, it can render less often than it thinks (frameskipping) or think less often than it renders, filling the gaps with linear interpolation. Cadaver set out both in his Rant 9 and shipped the second in Metal Warrior 4.",Running the logic slower than the screen,techniques,,,True,False,,687,2026-09-02,,
vault/techniques/freescape.mdx,vault,/vault/techniques/freescape/,Freescape,"Incentive's engine gave 8-bit micros a real three-dimensional world — filled polygons, free movement, looking up and down — four years before consumer 3D hardware existed. CRASH gave the first game built on it 97%.",Solid 3D on a machine with no maths,techniques,,,True,False,,761,2026-09-02,,
vault/techniques/game-design.mdx,vault,/vault/techniques/game-design/,Game Design,"Game design is deciding what a game asks of its player and what it gives back. The 1982-97 sources here are designers on their own method: Chris Crawford's advice to beginners and his revision of it, a 1984 designers' panel, Sid Meier on the player's role, and Miyamoto's miniature garden.",The craft of creating play,techniques,,,True,False,,1419,2026-09-02,,
vault/techniques/game-loop.mdx,vault,/vault/techniques/game-loop/,The Game Loop,"Every game runs on the same fundamental pattern: read input, update state, render graphics, repeat. Understanding the game loop is the first step to building anything interactive.",The heartbeat of every game,techniques,,,True,False,,625,2026-09-02,,
vault/techniques/ghost-ai.mdx,vault,/vault/techniques/ghost-ai/,Ghost AI,"Pac-Man's four ghosts each hunt by a different rule so the pack comes from all directions. Toru Iwatani's own account of why, the chase-and-disperse waves, the power-pellet reversal, and the pattern play the rules made possible.",Pac-Man's four personalities,techniques,,,True,False,,725,2026-09-02,,
vault/techniques/hard-restart.mdx,vault,/vault/techniques/hard-restart/,Hard restart,"Every C64 music driver silences and resets a SID voice two frames before each note, because the chip's envelope generator can otherwise stall for 1.7 frames. The workaround is older than the explanation.",Working around the SID's ADSR bug,techniques,,,True,False,,808,2026-09-02,,
vault/techniques/hardware-scroll.mdx,vault,/vault/techniques/hardware-scroll/,Hardware Scrolling,"Hardware scroll registers let the display shift smoothly pixel-by-pixel without copying memory—essential for fast, smooth side-scrolling games.",Smooth movement without moving data,techniques,,,True,False,,531,2026-09-02,,
vault/techniques/havok.mdx,vault,/vault/techniques/havok/,Havok,"Havok was the Dublin physics middleware that released beta code in 1999, merged with Ipion in 2001, aimed version 2.0 at ragdoll characters in 2003, and by 2005 was, in Edge's words, the standard by which the others were judged, with Half-Life 2 and Halo 2 to show for it.",Physics middleware,techniques,,,True,False,,670,2026-09-02,,
vault/techniques/hitboxes.mdx,vault,/vault/techniques/hitboxes/,Hitboxes,"Hitboxes define the invisible collision boundaries around game objects, determining when attacks connect, pickups are collected, and characters collide with the world.",Collision boundaries,techniques,,,True,False,,735,2026-09-02,,
vault/techniques/interrupt-driven-music.mdx,vault,/vault/techniques/interrupt-driven-music/,Interrupt-Driven Music,"Interrupt-driven music used timer interrupts to update sound chips at regular intervals, allowing music playback while the CPU handled game logic.",Sound without blocking,techniques,,,True,False,,541,2026-09-02,,
vault/techniques/isometric-projection.mdx,vault,/vault/techniques/isometric-projection/,Isometric Projection,"Isometric projection created the illusion of three-dimensional space on 2D screens, enabling exploration games impossible with flat side-views.",3D from 2D,techniques,,,True,False,,1128,2026-09-03,,
vault/techniques/kernal-io.mdx,vault,/vault/techniques/kernal-io/,KERNAL I/O Routines,"The C64’s KERNAL ROM exposes a patchable API for keyboard, screen, tape, disk, and serial I/O—perfect for BASIC and assembly alike.",The Commodore 64’s built-in service desk,techniques,,,True,False,,534,2026-09-02,,
vault/techniques/lenslock.mdx,vault,/vault/techniques/lenslock/,Lenslok,The physical copy protection device that required players to decode on-screen codes through a plastic prism - launched on Elite in late 1985 and disliked from the first month.,The hated prism,techniques,,,True,False,,1476,2026-09-02,,
vault/techniques/linecrunch.mdx,vault,/vault/techniques/linecrunch/,Linecrunch,"A C64 trick that crushes character lines down to a single pixel row, pulling the screen upward. Unlike FLD it can move bitmap graphics — and it first appeared not in a demo but in a cracktro.",Squeezing eight pixel rows into one,techniques,,,True,False,,340,2026-09-02,,
vault/techniques/link-cable.mdx,vault,/vault/techniques/link-cable/,Link Cable,"The Game Boy's link cable came in the 1989 box as the Video Link Cable, joined two machines for two-player Tetris, grew a Four Player Adapter in 1991, and became the point of Pokémon's two editions in 1998.",Wired multiplayer,techniques,,,True,False,,836,2026-09-02,,
vault/techniques/lookup-tables.mdx,vault,/vault/techniques/lookup-tables/,Lookup Tables,"Lookup tables pre-calculated expensive operations like trigonometry and multiplication, storing results for instant retrieval on processors too slow for real-time maths.",Trading memory for speed,techniques,,,True,False,,782,2026-09-02,,
vault/techniques/manual-protection.mdx,vault,/vault/techniques/manual-protection/,Manual Protection,"Manual protection required players to consult physical documentation to play games, deterring piracy through information unavailable on copied disks.",Look it up to play,techniques,,,True,False,,881,2026-09-02,,
vault/techniques/memory-management.mdx,vault,/vault/techniques/memory-management/,Memory Management,"Memory management techniques enabled complex games on hardware with kilobytes of RAM, from bank switching to compression to careful data structure design.",Making the most of limited RAM,techniques,,,True,False,,830,2026-09-02,,
vault/techniques/memory-mapping.mdx,vault,/vault/techniques/memory-mapping/,Memory Mapping,"Memory-mapped I/O places hardware registers at specific addresses, allowing software to control graphics, sound, and input by reading and writing memory locations.",Addresses for everything,techniques,,,True,False,,470,2026-09-02,,
vault/techniques/mod-format.mdx,vault,/vault/techniques/mod-format/,MOD Format,"The MOD format combined samples with pattern-based sequencing in a single self-contained file, becoming the standard for game and demo music on the Amiga and across the chiptune scene.",The tracker music revolution,techniques,,,True,False,,1258,2026-09-02,,
vault/techniques/mode-7.mdx,vault,/vault/techniques/mode-7/,Mode 7,"Background mode 7 of the Super NES PPU rotates, enlarges and reduces a single 1024×1024-dot layer through a 2×2 matrix in registers $211B–$211E; changed every scanline by HDMA it becomes the perspective floor of F-Zero and Pilotwings.",SNES rotation and scaling,techniques,,,True,False,,1129,2026-09-02,,
vault/techniques/model-2.mdx,vault,/vault/techniques/model-2/,Model 2,"Model 2 was Sega's Model 1 polygon engine with texture-mapping hardware from General Electric's flight-simulator division, co-developed from August 1992. It debuted with Daytona USA in 1994 at 300,000 textured polygons a second and was succeeded by the unrelated Model 3.",Arcade 3D revolution,techniques,,,True,False,,732,2026-09-02,,
vault/techniques/motion-capture.mdx,vault,/vault/techniques/motion-capture/,Motion Capture,"Motion capture records a performer's movement as data for a 3D character; Sega AM2 used a magnetic system on Virtua Fighter by 1994, Acclaim, Gremlin and Psygnosis built optical studios in 1995, and by 1998 it was standard practice and already being argued against.",Recording reality,techniques,,,True,False,,921,2026-09-02,,
vault/techniques/multidirectional-scrolling.mdx,vault,/vault/techniques/multidirectional-scrolling/,Multidirectional Scrolling,"The C64 shifts 1,000 bytes of screen memory by hand every time the hardware scroll register wraps, so multidirectional scrolling is a scheduling problem: spread the shift over frames, hide it behind a second screen, and decide whether the scroll is locked to eight directions or free.","Eight ways, or any way",techniques,,,True,False,,1018,2026-09-02,,
vault/techniques/object-pooling.mdx,vault,/vault/techniques/object-pooling/,Object Pooling,"Object pooling pre-allocates and reuses game objects instead of creating and destroying them, avoiding memory fragmentation and allocation overhead.","Reuse, don't reallocate",techniques,,,True,False,,540,2026-08-27,,
vault/techniques/open-borders.mdx,vault,/vault/techniques/open-borders/,Opening the borders,"Tricking the C64's VIC-II into never starting its border, so sprites and graphics can occupy the frame around the screen. The first C64 trick to become a competitive sport, and the one whose priority is most disputed.",Drawing outside the frame the VIC-II reserves,techniques,,,True,False,,325,2026-09-02,,
vault/techniques/open-world-design.mdx,vault,/vault/techniques/open-world-design/,Open World Design,"A game space crossed at will, its tasks taken in any order while the world carries on. Described for Elite in 1984, weighed against Elite for Mercenary in 1986, and sold as a city that ""breathes"" for Grand Theft Auto in 1997; the phrase itself appears in 2000.",Freedom to explore,techniques,,,True,False,,1039,2026-09-02,,
vault/techniques/palette-cycling.mdx,vault,/vault/techniques/palette-cycling/,Palette Cycling,"Palette cycling created animation effects by rotating colour values rather than redrawing graphics, enabling flowing water, glowing effects, and pulsing lights without CPU overhead.",Animation without redraw,techniques,,,True,False,,481,2026-09-02,,
vault/techniques/parallax-scrolling.mdx,vault,/vault/techniques/parallax-scrolling/,Parallax Scrolling,"Parallax scrolling moved background layers at different speeds to create an illusion of depth, transforming flat 2D games into seemingly three-dimensional spaces.",Depth through motion,techniques,,,True,False,,562,2026-09-02,,
vault/techniques/password-systems.mdx,vault,/vault/techniques/password-systems/,Password Systems,"A password packs the game's state — level, weapons, tanks — into characters or a dot grid the player writes down and types back in, so a cartridge can save without a battery. Metroid's 24 characters, Mega Man II's 5×5 grid, and the JUSTIN BAILEY code that fell out of one.",Save without battery,techniques,,,True,False,,1013,2026-09-02,,
vault/techniques/permadeath.mdx,vault,/vault/techniques/permadeath/,Permadeath,"The rule that a dead character's save is deleted. The 1986-87 reviews of Epyx's Rogue explained the rule and printed the disk-copy workaround; Antic's type-in A-Rogue kept it; Edge named it ""permadeath"" in 2013.",Death means death,techniques,,,True,False,,695,2026-09-02,,
vault/techniques/petscii-chart.mdx,vault,/vault/techniques/petscii-chart/,PETSCII Character Chart,"PETSCII codes, screen codes, and control characters—the complete reference for displaying text and graphics on the Commodore 64.",Every character code the C64 knows about,techniques,,,True,False,,881,2026-09-03,,
vault/techniques/physics-engines.mdx,vault,/vault/techniques/physics-engines/,Physics Engines,"Physics engines became a separable component of games between Trespasser's muscle-driven dinosaurs in 1997 and the physics-card pitch of 2005, with MathEngine and Havok licensing the first realtime engines at the end of the 1990s and racing games as the first customers.",Simulating the real world,techniques,,,True,False,,883,2026-09-02,,
vault/techniques/pixel-art.mdx,vault,/vault/techniques/pixel-art/,Pixel Art,"Drawing by hand in the dots of a low-resolution, fixed-palette display. Antic used the phrase in 1984 for Lucasfilm's Gary Winnick; Amiga Action put ""pixel artists"" in quotes in 1989; Bullfrog, Domark and Psygnosis artists explained the 16-colour craft in 1992; by 1994 it was a job title.",Painting with squares,techniques,,,True,False,,978,2026-09-02,,
vault/techniques/point-and-click.mdx,vault,/vault/techniques/point-and-click/,Point and Click,"Point-and-click adventures replaced the typed parser with a cursor: ICOM's Deja Vu on the Mac in 1985, Lucasfilm's on-screen verb menu from Maniac Mansion, and Sierra's icon bar from King's Quest V.",Mouse-driven adventure,techniques,,,True,False,,1218,2026-09-02,,
vault/techniques/portable-game-design.mdx,vault,/vault/techniques/portable-game-design/,Portable Game Design,"Handheld design worked inside a fixed budget of screen, battery and pocket. Nintendo chose LCD over fancier parts for cost and battery life (Retro Gamer, 2008, on Yokoi); the 1989-90 press weighed the Game Boy's 20 hours and jacket-pocket size against the Lynx's colour screen and three hours.",Constraints breed creativity,techniques,,,True,False,,971,2026-09-02,,
vault/techniques/position-independent-code.mdx,vault,/vault/techniques/position-independent-code/,Position-Independent Code,"Code that runs correctly wherever it is loaded, because every reference is relative to the program counter. The 6809's architects made it their highest-priority design goal (BYTE, 1979), Motorola's manual made it a rule, OS-9 made it a requirement; 6502 programmers managed it by effort.",Code that runs anywhere,techniques,,,True,False,,890,2026-09-02,,
vault/techniques/pre-rendered-backgrounds.mdx,vault,/vault/techniques/pre-rendered-backgrounds/,Pre-Rendered Backgrounds,"A pre-rendered background is a picture of a place with polygon characters drawn over it from a fixed camera. Reviewers traced the formula from Alone in the Dark through Myst to Resident Evil, and Final Fantasy VII made it the look of the PlayStation's biggest game.",Static beauty,techniques,,,True,False,,967,2026-09-02,,
vault/techniques/print-vs-poke.mdx,vault,/vault/techniques/print-vs-poke/,PRINT vs POKE,Performance comparison of PRINT and POKE for screen output—and why understanding the difference makes you a better C64 programmer.,Why games don't use PRINT statements,techniques,,,True,False,,1293,2026-09-03,,
vault/techniques/procedural-generation.mdx,vault,/vault/techniques/procedural-generation/,Procedural Generation,"Procedural generation created game content through algorithms rather than manual design, enabling vast worlds, endless replayability, and experiences that fit in kilobytes.",Algorithmic content creation,techniques,,,True,False,,985,2026-09-02,,
vault/techniques/pseudo-3d-road.mdx,vault,/vault/techniques/pseudo-3d-road/,Pseudo-3D Road,"A perspective road drawn as horizontal strips bent for corners and shifted for hills, with sprites scaled by distance. Sega's Turbo had it in 1982, Out Run perfected it in 1986, and conversion programmers wrote the road routine first.",OutRun's famous perspective,techniques,,,True,False,,1091,2026-09-02,,
vault/techniques/pulse-width-modulation.mdx,vault,/vault/techniques/pulse-width-modulation/,Pulse Width Modulation,"Pulse width modulation varied the duty cycle of square waves, transforming simple bleeps into rich, evolving tones that defined the sound of chip music.",Shaping square waves,techniques,,,True,False,,596,2026-09-02,,
vault/techniques/puzzle-game-design.mdx,vault,/vault/techniques/puzzle-game-design/,Puzzle Game Design,"How puzzle games are made: few elements, abstract presentation, felt progress. Stated by Computer Gaming World in 1988 (""simple in concept and play, but also addictively challenging""), by Edge in 2001 (""Accessibility alone determines whether a puzzle game lives or dies""), and at length by Alexey Pajitnov in 2007.","Elegant rules, emergent depth",techniques,,,True,False,,946,2026-09-02,,
vault/techniques/ragdoll-physics.mdx,vault,/vault/techniques/ragdoll-physics/,Ragdoll Physics,"Ragdoll physics hands a jointed character to the physics engine so it falls as the forces dictate; described by Chris Hecker in Edge in 1998, shipped in Unreal Tournament 2003 via MathEngine's Karma, and dismissed by Gabe Newell as flopping-around corpses once Half-Life 2 had made physics a tool instead.",Dynamic death,techniques,,,True,False,,865,2026-09-02,,
vault/techniques/random-numbers.mdx,vault,/vault/techniques/random-numbers/,Random Numbers,"RND() internals, techniques, and patterns for game development",RND() internals and techniques,techniques,,,True,False,,1526,2026-09-02,yes,
vault/techniques/raster-effects.mdx,vault,/vault/techniques/raster-effects/,Raster Effects,"Raster effects change graphics parameters during screen drawing, creating colour bars, split screens, and effects beyond normal hardware limits.",Per-scanline graphics tricks,techniques,,,True,False,,891,2026-09-02,,
vault/techniques/raster-interrupts.mdx,vault,/vault/techniques/raster-interrupts/,Raster Interrupts,"Raster interrupts trigger code at exact screen positions, enabling split-screen effects, colour bars, and multiplexed sprites that defined 8-bit graphics.",Precision timing with the video beam,techniques,,,True,False,,281,2026-09-02,,
vault/techniques/raster-tricks.mdx,vault,/vault/techniques/raster-tricks/,Raster Tricks,"Raster tricks push hardware beyond specifications by precisely timed manipulation during screen display, achieving impossible-seeming effects.",Exploiting the electron beam,techniques,,,True,False,,689,2026-09-02,,
vault/techniques/renderware.mdx,vault,/vault/techniques/renderware/,RenderWare,"RenderWare began in 1994 as Criterion Software's software-only 3D library for 386 and 486 PCs, was rewritten from scratch as RenderWare3 for the PlayStation 2 generation, powered Grand Theft Auto III after DMA Design lost most of its staff, and went to Electronic Arts with Criterion in 2004.",Cross-platform 3D middleware,techniques,,,True,False,,707,2026-09-02,,
vault/techniques/rhythm-matching.mdx,vault,/vault/techniques/rhythm-matching/,Rhythm Matching,"Judging button presses against a music track. PaRappa the Rapper (1996) switched between four CD audio tracks by score; the Japanese press named the genre ""rhythm action"" in 1997; Konami's Bemani division built the scrolling chart and the peripherals; Harmonix's founder credits PaRappa for Guitar Hero.",Play to the beat,techniques,,,True,False,,1119,2026-09-02,,
vault/techniques/ring-buffer.mdx,vault,/vault/techniques/ring-buffer/,Ring Buffer,"A fixed block of memory used as a queue, with read and write indexes that wrap. BYTE explained it to hobbyists in 1977; Tim Follin's Agent X II engine uses a 16-entry one, wrapped with AND 15, for its echo; Amiga Exec's interrupt handlers fed device tasks through them.","Circular data, fixed memory",techniques,,,True,False,,674,2026-09-02,,
vault/techniques/rotoscoping.mdx,vault,/vault/techniques/rotoscoping/,Rotoscoping,"Rotoscoping traced real human movement frame by frame, creating fluid animation in games like Prince of Persia and Another World that felt remarkably lifelike.",Animation from life,techniques,,,True,False,,978,2026-09-02,,
vault/techniques/rumble-pak.mdx,vault,/vault/techniques/rumble-pak/,Rumble Pak,"Nintendo's Rumble Pak plugged into the N64 controller and shook it on cue. Announced as the Jolt Pak and shipped with Star Fox 64 in spring 1997, it was retrofitted to Mario 64 and Wave Race in Japan, sold for £15 in Britain, and answered by Sony's DualShock in 1998.",Feel the game,techniques,,,True,False,,691,2026-09-02,,
vault/techniques/run-length-encoding.mdx,vault,/vault/techniques/run-length-encoding/,Run-Length Encoding,"Run-length encoding compressed data by storing repeated values as count-value pairs, dramatically reducing storage for graphics with large uniform areas.",Simple compression,techniques,,,True,False,,409,2026-09-02,,
vault/techniques/sci-engine.mdx,vault,/vault/techniques/sci-engine/,SCI Engine,"Sierra's Creative Interpreter replaced AGI from King's Quest IV (1988): an object-oriented scripting language on a virtual machine, 320×200 graphics, MT-32 and AdLib music, and from 1990 an icon interface in place of the parser.",Sierra's Creative Interpreter,techniques,,,True,False,,923,2026-09-02,,
vault/techniques/screen-memory.mdx,vault,/vault/techniques/screen-memory/,Screen Memory,"Screen RAM, colour RAM, and the VIC-II—understanding how 1000 bytes create 40×25 characters of colourful text.",How the C64 displays text and graphics,techniques,,,True,False,,985,2026-09-02,,
vault/techniques/scrolling.mdx,vault,/vault/techniques/scrolling/,Scrolling,"Scrolling techniques expanded game worlds beyond single screens, from smooth hardware-assisted movement to creative software solutions that defined platformers and shooters.",Moving through game worlds,techniques,,,True,False,,713,2026-09-02,,
vault/techniques/scumm.mdx,vault,/vault/techniques/scumm/,SCUMM,"SCUMM powered LucasArts adventure games from Maniac Mansion through The Curse of Monkey Island, providing tools that let designers focus on puzzles and dialogue rather than low-level code.",Script Creation Utility for Maniac Mansion,techniques,,,True,False,,917,2026-09-02,,
vault/techniques/self-modifying-code.mdx,vault,/vault/techniques/self-modifying-code/,Self-Modifying Code,"Self-modifying code changed its own instructions at runtime, enabling impossible optimisations on 8-bit systems by treating code as data.",Code that rewrites itself,techniques,,,True,False,,889,2026-09-02,,
vault/techniques/sequence-breaking.mdx,vault,/vault/techniques/sequence-breaking/,Sequence Breaking,"A speedrunner's term for taking a route the game's makers did not intend: the ice beam before the bombs in Metroid. Edge defined it in 2007 as ""the use of a route other than that intended by the game creators""; Retro Gamer used it unexplained the same year. No earlier use is held.",Playing out of order,techniques,,,True,False,,797,2026-09-02,,
vault/techniques/size-coding.mdx,vault,/vault/techniques/size-coding/,Size Coding,"Size coding emerged from demo scene competitions with strict byte limits, pushing programmers to achieve impossible effects in 64KB, 4KB, or even 256 bytes.",The art of compression,techniques,,,True,False,,1098,2026-09-02,,
vault/techniques/software-scroll.mdx,vault,/vault/techniques/software-scroll/,Software Scrolling,"The ZX Spectrum has no scroll hardware, so scrolling means moving screen bytes: character steps, one-pixel rotates, or the stack-pointer ""push-scroll"" Software Creations used for Ghosts 'n' Goblins. The choice shaped how Spectrum games moved.",When hardware won't help,techniques,,,True,False,,1116,2026-09-02,,
vault/techniques/sound-drivers.mdx,vault,/vault/techniques/sound-drivers/,Sound Drivers,"Sound drivers were the software engines that controlled audio hardware, translating composer's music data into the bleeps, samples, and synthesised sounds that defined each platform's acoustic character.",Audio engine software,techniques,,,True,False,,1046,2026-09-02,,
vault/techniques/speedcode.mdx,vault,/vault/techniques/speedcode/,Speedcode,"Replacing a loop with thousands of straight-line instructions to strip out the cost of looping. On the C64 it was the technique that broke raster-split and DYCP records — and it is usually generated, not written.","Loop unrolling, taken to its conclusion",techniques,,,True,False,,316,2026-09-02,,
vault/techniques/split-screen.mdx,vault,/vault/techniques/split-screen/,Split-Screen,"Split-screen gives each player their own view of one display. Reviewers traced it from Spy vs Spy and Pitstop II on the C64 through Lotus on the Amiga and Super Mario Kart to the four-way splits of Mario Kart 64 and GoldenEye, naming the cost each time: less to see, and slower with four.",Sharing the view,techniques,,,True,False,,918,2026-09-02,,
vault/techniques/sprite-animation.mdx,vault,/vault/techniques/sprite-animation/,Sprite Animation,Frame-by-frame sprite animation creates the illusion of movement by cycling through carefully designed images at controlled intervals.,Bringing pixels to life,techniques,,,True,False,,758,2026-09-02,,
vault/techniques/sprite-crunching.mdx,vault,/vault/techniques/sprite-crunching/,Sprite crunching,"A cycle-exact C64 trick that corrupts the VIC-II's internal sprite counter to make sprites shorter than the hardware allows — documented byte by byte by Crossbow of Crest, who got them down to 17 lines and left the record open.",Shrinking a sprite by abusing a VIC-II glitch,techniques,,,True,False,,371,2026-09-02,,
vault/techniques/sprite-flicker.mdx,vault,/vault/techniques/sprite-flicker/,Sprite Flicker,"Sprite flicker rapidly alternated which sprites displayed each frame, allowing games to show more objects than hardware supported at the cost of visible flickering.",Exceeding hardware limits,techniques,,,True,False,,570,2026-09-02,,
vault/techniques/sprite-multiplexing.mdx,vault,/vault/techniques/sprite-multiplexing/,Sprite Multiplexing,"By repositioning hardware sprites mid-frame as the raster beam passes, programmers displayed far more objects than the hardware officially supported.",More sprites than hardware allows,techniques,,,True,False,,783,2026-09-02,,
vault/techniques/sprite-scaling.mdx,vault,/vault/techniques/sprite-scaling/,Sprite Scaling,"Sprite scaling created the illusion of 3D depth by drawing sprites at different sizes based on distance, enabling racing games, shooters, and flight simulators on 2D hardware.",Pseudo-3D depth,techniques,,,True,False,,1248,2026-09-02,,
vault/techniques/sprite-stretching.mdx,vault,/vault/techniques/sprite-stretching/,Sprite stretching,"Holding the C64's sprite graphics pointer still for a raster line so the same row of sprite data is drawn again, stretching a sprite to any height. The forgiving half of a pair whose other half needs cycle-exact timing.",Telling the VIC-II to read the same line twice,techniques,,,True,False,,231,2026-09-02,,
vault/techniques/sprites.mdx,vault,/vault/techniques/sprites/,Sprites,"Sprites are hardware-supported graphical objects that move independently of the background, fundamental to 2D game graphics across platforms.",Hardware-accelerated game objects,techniques,,,True,False,,861,2026-09-02,,
vault/techniques/stable-raster.mdx,vault,/vault/techniques/stable-raster/,Stable Raster,"The double-IRQ technique that achieves cycle-exact synchronisation with the VIC-II raster beam, enabling perfect mid-screen effects on the Commodore 64.",Cycle-exact timing,techniques,,,True,False,,559,2026-09-02,,
vault/techniques/state-machine.mdx,vault,/vault/techniques/state-machine/,State Machines,"State machines bring order to complex game logic—managing title screens, gameplay, pauses, and game-overs through clear transitions and isolated behaviour.",Organising game logic cleanly,techniques,,,True,False,,599,2026-09-02,,
vault/techniques/stealth-mechanics.mdx,vault,/vault/techniques/stealth-mechanics/,Stealth Mechanics,"Stealth mechanics make the enemy something to avoid. The 1981-2002 sources here follow the idea from Castle Wolfenstein's patrols and Nazi uniform, through Metal Gear Solid's alert states, to Thief's light gem and the disguises of Hitman.",Unseen and unheard,techniques,,,True,False,,1340,2026-09-02,,
vault/techniques/super-fx-chip.mdx,vault,/vault/techniques/super-fx-chip/,Super FX Chip,"Argonaut's Graphic Support Unit for Super NES cartridges: a 10.74 MHz RISC-style processor sharing the game pak's ROM and RAM, plotting pixels into PPU character format so that Star Fox (1993) could draw polygons. The Super FX 2 ran at 21.477 MHz.",Cartridge silicon,techniques,,,True,False,,1553,2026-09-02,,
vault/techniques/tank-controls.mdx,vault,/vault/techniques/tank-controls/,Tank Controls,"Tank controls steer a character by turning on the spot and walking the way it faces, whatever the camera does. The 1993-2012 sources here cover the fixed cameras of Alone in the Dark, the slow retreats of Resident Evil, the side-step Resident Evil 4 refused, and the late arrival of the name.",Character-relative movement,techniques,,,True,False,,1153,2026-09-02,,
vault/techniques/tech-tech.mdx,vault,/vault/techniques/tech-tech/,Tech-tech,"The C64 effect where a logo ripples horizontally, each raster line offset along a sine. Documented by Pasi 'Albert' Ojala, and later rebuilt on FLI by Compyx/Focus after a 25-year gap.",Making a logo wave a line at a time,techniques,,,True,False,,327,2026-09-02,,
vault/techniques/texture-mapping.mdx,vault,/vault/techniques/texture-mapping/,Texture Mapping,"Texture mapping wraps a flat picture onto a polygon. Named on the PC for Strike Commander in 1991, it defined Doom and Ridge Racer, gave the PlayStation its warping textures, and came built into the Nintendo 64 with mip-mapping.",Images on polygons,techniques,,,True,False,,1238,2026-09-02,,
vault/techniques/tile-collision.mdx,vault,/vault/techniques/tile-collision/,Tile-Based Collision,"By checking which tiles a character overlaps rather than testing every object, tile collision provides fast, memory-efficient collision detection for platform games.",Efficient collision detection for platformers,techniques,,,True,False,,443,2026-09-02,,
vault/techniques/tile-graphics.mdx,vault,/vault/techniques/tile-graphics/,Tile-Based Graphics,"Tile-based graphics build screens from small reusable images, enabling memory-efficient game worlds on limited hardware.",Building worlds from small pieces,techniques,,,True,False,,639,2026-09-02,,
vault/techniques/tile-maps.mdx,vault,/vault/techniques/tile-maps/,Tile Maps,"Tile maps constructed game worlds from small reusable graphic blocks, enabling large levels within tight memory constraints while simplifying collision detection and level design.",Building worlds from blocks,techniques,,,True,False,,803,2026-09-02,,
vault/techniques/trainers.mdx,vault,/vault/techniques/trainers/,Trainers,"A trainer is a set of cheats patched into a game — infinite lives, energy, time — offered from a menu before it starts. Crackers added them to releases (Retro Gamer, 2005; a Medway Boys cracker's recollection of 1986-90); Datel sold a ""TRAINER MODE"" on the Action Replay (1992); Silkworm's own cheat used the word (1989).",+5 and counting,techniques,,,True,False,,666,2026-09-02,,
vault/techniques/turn-based-combat.mdx,vault,/vault/techniques/turn-based-combat/,Turn-Based Combat,"Combat resolved in rounds after the player commits every character's action. Described for Wizardry in 1982 (""Encounters are fought in turns""), sold with Dragon Warrior in 1989, and named ""turn-based"" by the British press in 1994-95 to say what Secret of Mana and Super Mario RPG were not.",Strategic pacing,techniques,,,True,False,,859,2026-09-02,,
vault/techniques/twister.mdx,vault,/vault/techniques/twister/,Twister,"The rotating-column effect and its relatives - x-rotators, waving carpets - built on the C64 by running FLI on every second line, which buys back 63 cycles to spend on the effect itself.",Rotating a shape by rebuilding it from pre-drawn line fragments,techniques,,,True,False,,333,2026-09-02,,
vault/techniques/udg.mdx,vault,/vault/techniques/udg/,User Defined Graphics (UDGs),"Twenty-one programmer-supplied 8×8 patterns, codes 144 to 164, that the Spectrum's print routine treats as ordinary letters: the manual's route from BASIC into pixel graphics.",Custom 8×8 character glyphs on the Sinclair ZX Spectrum,techniques,,,True,False,,716,2026-09-02,,
vault/techniques/unit-pathfinding.mdx,vault,/vault/techniques/unit-pathfinding/,Unit Pathfinding,"How a game moves a unit from A to B on its own. Wargames were finding the cheapest route across terrain by 1983, Paradroid ran its robots on hand-keyed patrol routes, and by the late 1990s the 'pathfinding problem' was the standing complaint against real-time strategy.",Navigation intelligence,techniques,,,True,False,,1162,2026-09-02,,
vault/techniques/variables-memory.mdx,vault,/vault/techniques/variables-memory/,Variables and Memory,How variables work internally and memory management for BASIC programs,BASIC memory management,techniques,,,True,False,,1436,2026-09-02,,
vault/techniques/vector-graphics.mdx,vault,/vault/techniques/vector-graphics/,Vector Graphics,"A vector monitor draws lines by steering the beam, not by scanning pixels. Cinematronics' Space Wars brought it to arcades in 1978, Atari's Quadrascan games made it famous, Sega's Space Fury added colour, and the Vectrex took it home.",Lines of light,techniques,,,True,False,,703,2026-09-02,,
vault/techniques/vsp.mdx,vault,/vault/techniques/vsp/,VSP,"A C64 trick that shifts the whole screen horizontally by deliberately delaying the VIC-II's DMA. It has at least four names, none of them agreed, and it can crash real hardware.","Variable Screen Positioning, or HSP, or DMA delay, or Wanker",techniques,,,True,False,,302,2026-09-02,,
vault/techniques/vsync.mdx,vault,/vault/techniques/vsync/,VSync,"VSync synchronised game updates with the monitor's vertical refresh, preventing screen tearing and providing consistent timing for game logic.",Synchronising with the display,techniques,,,True,False,,718,2026-09-02,,
vault/techniques/y-depth-sorting.mdx,vault,/vault/techniques/y-depth-sorting/,Y-Depth Sorting,"The technique of sorting sprites by their Y position to create correct depth ordering in top-down and isometric games, essential for beat 'em ups and action RPGs.",Sprite ordering by position,techniques,,,True,False,,772,2026-08-27,,
vault/techniques/z-machine.mdx,vault,/vault/techniques/z-machine/,Z-Machine,"The virtual computer Infocom's text adventures ran on: a game compiled once, an interpreter per machine. Lebling described it in BYTE in 1980 with four interpreters; Infocom advertised twenty formats by 1984.",The portable text adventure engine,techniques,,,True,False,,930,2026-09-02,,
vault/techniques/z80-instruction-set.mdx,vault,/vault/techniques/z80-instruction-set/,Z80 Instruction Set Reference,"Reference for the most common Z80 assembly instructions with T-states, bytes, and flag effects, as Zilog's Z80 CPU User Manual gives them.",Selected CPU instruction reference,techniques,,,True,False,,2588,2026-09-02,,
vault/techniques/zx-spectrum-hardware-ports.mdx,vault,/vault/techniques/zx-spectrum-hardware-ports/,ZX Spectrum hardware ports,"The Spectrum's I/O port map: port $FE for keyboard, border, beeper, and tape on every model; port $1F for the Kempston joystick; ports $7FFD and $1FFD for 128K and +2A/+3 memory paging; ports $FFFD and $BFFD for the AY-3-8912 sound chip on the 128K models; the +3's disk and printer ports. Bit assignments as the Sinclair and Amstrad manuals and Chris Smith's ULA book give them.","Talking to the ULA, the AY chip, and the joystick — one port at a time",techniques,,,True,False,,1899,2026-09-02,,
vault/techniques/zx-spectrum-rom-disassembly.mdx,vault,/vault/techniques/zx-spectrum-rom-disassembly/,ZX Spectrum ROM disassembly,"Reference for the ZX Spectrum's 16 KB ROM at $0000-$3FFF — the restart vectors, the interrupt routine, the character set, the system variables, and the ROM routines a game is most likely to call, each checked against Logan and O'Hara's 1983 disassembly.","The 16 KB ROM that boots the machine, runs BASIC, and quietly underpins every Spectrum game",techniques,,,True,False,,1607,2026-09-02,,
vault/tools/3d-construction-kit.mdx,vault,/vault/tools/3d-construction-kit/,3D Construction Kit,"Having shipped four games on Freescape, Incentive packaged the engine as a product: build your own 3D world, compile it to a stand-alone program, and sell it. Domark published it at £24.99 in 1991.",Incentive sold the engine itself,tools,,,True,False,,567,2026-08-27,,
vault/tools/amos.mdx,vault,/vault/tools/amos/,AMOS,François Lionet's revolutionary game creation language for the Amiga that made sprite-based game development accessible to anyone who could learn BASIC.,Amiga game creation,tools,,,True,False,,405,2026-08-27,,
vault/tools/arcade-game-designer.mdx,vault,/vault/tools/arcade-game-designer/,Arcade Game Designer,"Jonathan Cauldwell's authoring system for the ZX Spectrum: the tool behind most modern Spectrum homebrew, letting people who cannot write Z80 assembly ship real games — with a Spectrum Next version reported in development.","The Quill's descendant, forty years on",tools,,,True,False,,377,2026-08-27,,
vault/tools/aseprite.mdx,vault,/vault/tools/aseprite/,Aseprite,"The industry-standard pixel art editor and animation tool used by indie developers worldwide, combining professional features with a workflow designed specifically for sprite creation.",Modern pixel art standard,tools,,,True,False,,296,2026-08-27,,
vault/tools/beta-basic.mdx,vault,/vault/tools/beta-basic/,Beta BASIC,"Andy Wright's comprehensive BASIC extension for the ZX Spectrum that added procedures, toolkit features, and graphics commands missing from Sinclair BASIC.",Spectrum BASIC enhanced,tools,,,True,False,,237,2026-08-27,,
vault/tools/blitz-basic-2.mdx,vault,/vault/tools/blitz-basic-2/,Blitz Basic 2,"Mark Sibly's compiled BASIC for the Amiga that produced machine-code-fast games, proving BASIC could compete with assembly - the language that built Worms.",Compiled BASIC power,tools,,,True,False,,286,2026-08-27,,
vault/tools/deflemask.mdx,vault,/vault/tools/deflemask/,DefleMask,"A cross-platform tracker supporting multiple vintage sound chips, enabling composers to create authentic music for Genesis, NES, Game Boy, C64, and more from a single interface.",Multi-system chiptune tracker,tools,,,True,False,,264,2026-08-27,,
vault/tools/deluxe-paint.mdx,vault,/vault/tools/deluxe-paint/,Deluxe Paint,Electronic Arts' Deluxe Paint defined pixel art creation on the Amiga and became the standard tool for game graphics throughout the 16-bit era.,The pixel artist's brush,tools,,,True,False,,340,2026-08-27,,
vault/tools/famitracker.mdx,vault,/vault/tools/famitracker/,FamiTracker,"FamiTracker brought tracker-style composition to NES audio, enabling musicians to create authentic 8-bit soundtracks on modern PCs.",NES music for the modern age,tools,,,True,False,,256,2026-08-27,,
vault/tools/game-maker.mdx,vault,/vault/tools/game-maker/,GameMaker,"GameMaker enabled game creation through visual programming, lowering barriers to development and spawning hits like *Undertale* and *Hotline Miami*.",Games without code,tools,,,True,False,,144,2026-08-27,,
vault/tools/gamebase.mdx,vault,/vault/tools/gamebase/,GameBase,"GameBase catalogued Commodore 64 and Amiga game libraries with integrated emulation, providing one-click access to thousands of preserved titles.",Commodore game database,tools,,,True,False,,228,2026-08-27,,
vault/tools/gfa-basic.mdx,vault,/vault/tools/gfa-basic/,GFA BASIC,"The powerful structured BASIC for the Atari ST that combined BASIC accessibility with modern programming features, becoming the platform's most popular programming language.",Structured BASIC,tools,,,True,False,,283,2026-08-27,,
vault/tools/graphic-adventure-creator.mdx,vault,/vault/tools/graphic-adventure-creator/,Graphic Adventure Creator,"Sean Ellis and Brendan Kelly's authoring system for Incentive Software combined a text adventure generator with a drawing package. It won its reputation on the Amstrad before reaching the Spectrum in 1986, where Sinclair User gave it 5/5.","Incentive's answer, and it arrived on the Amstrad first",tools,,,True,False,,417,2026-08-27,,
vault/tools/hvsc.mdx,vault,/vault/tools/hvsc/,HVSC,"The High Voltage SID Collection preserves over 50,000 Commodore 64 music files, becoming the definitive archive of SID chip music history.",High Voltage SID Collection,tools,,,True,False,,235,2026-08-27,,
vault/tools/id-tech.mdx,vault,/vault/tools/id-tech/,id Tech,"id Tech engines powered Doom, Quake, and countless licensed games, with source releases educating generations of programmers.",Engines that built genres,tools,,,True,False,,415,2026-08-27,,
vault/tools/imagine.mdx,vault,/vault/tools/imagine/,Imagine,"The feature-rich 3D modelling and animation package that became one of the most powerful creative tools on the Amiga, used for professional and demo scene work alike.",Advanced Amiga 3D,tools,,,True,False,,300,2026-08-27,,
vault/tools/lightwave-3d.mdx,vault,/vault/tools/lightwave-3d/,LightWave 3D,"The 3D software bundled with NewTek's Video Toaster that became an industry standard, powering the CGI for Babylon 5, Star Trek, and countless other productions.",From Toaster to Hollywood,tools,,,True,False,,640,2026-09-01,,
vault/tools/logo-language.mdx,vault,/vault/tools/logo-language/,Logo,Seymour Papert's educational programming language that used turtle graphics to make coding accessible to children.,The turtle that taught programming,tools,,,True,False,,259,2026-08-27,,
vault/tools/paw.mdx,vault,/vault/tools/paw/,PAW,"Gilsoft's 1987 successor to The Quill added a real parser — adjectives, adverbs, prepositions, pronouns and multiple objects per command — plus 128K support and object weights. CRASH scored it 97% and said it would matter more than everything else in adventures put together.","The Professional Adventure Writer, and a 97% for a utility",tools,,,True,False,,518,2026-08-27,,
vault/tools/protracker.mdx,vault,/vault/tools/protracker/,ProTracker,"ProTracker became the standard tool for Amiga music creation, establishing the tracker interface and MOD format that influenced music production software for decades.",The sound of the Amiga,tools,,,True,False,,310,2026-08-27,,
vault/tools/rpg-maker.mdx,vault,/vault/tools/rpg-maker/,RPG Maker,"The Japanese game creation series that let hobbyists create their own role-playing games, launching countless indie developers.",JRPG creation for everyone,tools,,,True,False,,275,2026-08-27,,
vault/tools/scratch.mdx,vault,/vault/tools/scratch/,Scratch,"MIT's Scratch teaches programming through visual block-based coding, introducing millions of children to computational thinking.",Programming through play,tools,,,True,False,,151,2026-08-27,,
vault/tools/sculpt-3d.mdx,vault,/vault/tools/sculpt-3d/,Sculpt 3D,"One of the first 3D modelling and rendering packages for the Amiga, created by Eric Graham and proving that home computers could produce ray-traced imagery.",Early Amiga 3D,tools,,,True,False,,296,2026-08-27,,
vault/tools/sid-wizard.mdx,vault,/vault/tools/sid-wizard/,SID Wizard,"A cross-platform tracker for creating SID chip music, allowing modern composers to create authentic Commodore 64 soundtracks that run on real hardware.",Modern C64 music creation,tools,,,True,False,,275,2026-08-27,,
vault/tools/simons-basic.mdx,vault,/vault/tools/simons-basic/,Simons' BASIC,"The Commodore-published BASIC extension that added 114 commands for graphics, sprites, and sound to the C64, transforming its limited BASIC into a viable game development tool.",C64 BASIC extended,tools,,,True,False,,274,2026-08-27,,
vault/tools/sinclair-basic.mdx,vault,/vault/tools/sinclair-basic/,Sinclair BASIC,"Sinclair BASIC gave ZX Spectrum users an accessible programming environment, teaching a generation of British developers despite its quirks and limitations.",The Spectrum's programming language,tools,,,True,False,,1119,2026-08-27,,
vault/tools/soundtracker.mdx,vault,/vault/tools/soundtracker/,SoundTracker,"Karsten Obarski's 1987 Amiga program that invented the tracker interface for music creation, spawning ProTracker and influencing all sample-based music software that followed.",The first tracker,tools,,,True,False,,263,2026-08-27,,
vault/tools/steam.mdx,vault,/vault/tools/steam/,Steam,"Valve's Steam transformed PC game distribution from retail boxes to digital downloads, becoming the dominant storefront while enabling indie developers and creating new business models.",The platform that changed PC gaming,tools,,,True,False,,450,2026-08-27,,
vault/tools/stos.mdx,vault,/vault/tools/stos/,STOS,"François Lionet's game creation language for the Atari ST that preceded AMOS, bringing accessible game development to the ST platform.",Atari ST game creation,tools,,,True,False,,251,2026-08-27,,
vault/tools/the-quill.mdx,vault,/vault/tools/the-quill/,The Quill,"Graeme Yeandle's 1983 authoring system for Gilsoft let people who could not program write and sell text adventures. It reviewed at 9/10 in Sinclair User three times, charted alongside games, and defined a decade of British amateur adventure publishing.",The Welsh Wizards of Adventure,tools,,,True,False,,803,2026-08-28,,
vault/tools/unity.mdx,vault,/vault/tools/unity/,Unity,"Unity made professional game development accessible to individuals and small teams, powering countless indie hits and mobile games with its approachable workflow.",Game development democratised,tools,,,True,False,,437,2026-08-27,,
vault/tools/unreal-engine.mdx,vault,/vault/tools/unreal-engine/,Unreal Engine,"Epic's Unreal Engine evolved from a shooter's technology into the world's most widely used game engine, powering everything from indie games to films.",Powering worlds,tools,,,True,False,,149,2026-08-27,,
vault/tools/world-of-spectrum.mdx,vault,/vault/tools/world-of-spectrum/,World of Spectrum,"World of Spectrum became the definitive online archive for ZX Spectrum software, preserving thousands of games, utilities, and documents for future generations.",The Spectrum archive,tools,,,True,False,,242,2026-08-27,,
vault/tools/worldmaker.mdx,vault,/vault/tools/worldmaker/,Worldmaker and Grax,Bo Jangeborg wrote his own graphics tooling before he wrote Fairlight. Grax drew rooms; Worldmaker assembled them into a world. The Edge described it in 1985 as a Quill-style utility for 3D adventures and intended to sell it as a product — the same tools-before-games pattern that runs through the whole Spectrum story.,"The room-design tools behind Fairlight, built from an adventure-illustration utility",tools,,,True,False,,648,2026-08-27,,
vault/tools/zxas.mdx,vault,/vault/tools/zxas/,ZXAS,"A 5K Z80 assembler for the 16K ZX81, published by Bug-Byte in 1981. Source was typed into REM statements; output went straight into RAM. Sinclair User called using it 'the single biggest step to proficiency in machine code programming' — two years before the same publisher released Manic Miner.","Bug-Byte's ZX81 assembler, and the first rung of the ladder",tools,,,True,False,,710,2026-08-27,,
vault/tools/zzt.mdx,vault,/vault/tools/zzt/,ZZT,The 1991 ASCII game creation system that launched Epic Games and spawned a creative community of young game makers.,Tim Sweeney's first game,tools,,,True,False,,239,2026-08-27,,
